371f8ecffcc4d7ad9efd0502d649948b	169
7108b398fffcd80deb2f4c2965a0b870	171
28b467370bd48b9b13a35946d5a6e373	171
856ba1de9096b276e5f990fdc0d90010	169
dc9de6b35228e5d39275fab9a78376d7	171
b2408d85c83976476c268b8b74e0f508	169
f1b0136238fb0ddcf6f7021c8242d1a6	171
1ddd259cfa834435ea48293c70a4ed9d	171
47f90b221b80887850e8e9554e7f21fd	194
839498fa322843fabca628a21b877a5d	171
e20d8d46eb7864cee093b291b6bf00eb	171
3662b8ac154891173095347cad40e2e4	171
322ec093bbb901970d5e47ea9f036c8a	171
02c59096ea21ea4a7cf0f6485e8b1c91	171
f235473145a62853fea52f1a7f07d3d6	171
9778710415d9a2344c19f44e1eda1807	171
2acbf54435c1e3221d9f7ad01250cff7	171
a22cc67dcc2316c71234f3292d98ee55	171
6831feadbf05e77e1093e68f506d54c0	171
674b90f886d0cd86f4fea0b1304c3f78	171
c1373f1d0f8e4f695c146380b10417c7	171
9b00e339f1db4af5f504331d439e1927	171
3f8ff0ff7cfdd31dc3599b8ce02cc22f	169
5d5e1d6ebd80401a8dbd5f72ecd530d1	193
62fe499395e34f88a07e7bfe152f9c19	169
2bd74c4220a8ed3ebbbb3cef42af3916	169
1cdc96c4f579f2d9de585201fe17b05d	169
a8343f55ebca252902bbbbd8c72bdc16	169
297931c72c71cee0413ff149292cc169	169
8fae8a1092ea69b517574b655e42d584	169
bc1f93c684ff8bbaa02932e7bcee9652	169
5b1a33c6173d33b873f7a88df52f5b6a	169
0f248007e2a5c5755c3c02bb1042a8b1	169
6e24a954f9206d6c5f31c7f69abeec5f	169
162a52c4840a6ebd58a7365dfe68a6e2	169
28ee795b59bdb9beac555556a83fe13a	169
884b04ae4ccbc324db9b8c682388b648	170
7ade250030e9db3f008baf5069892594	169
c2c44de7718b7366c525bdeb13bc5f4f	169
2822f57572a6e4e98b318e3d1093db21	169
e7cd1ade01127c6600e7b226dc18912a	169
859f1e5a0003df893ffda0ac36d645dd	169
0cfaaec773eab09027d96cdd224c62ed	169
107782bce69cfd460314010e70e2572e	169
bf8179bd4f783938bc575f43bc52f416	169
701b950a47272448762124c48e832ad5	170
b6ff4fadc5fd7c47e4e7f5da6234fcf1	169
63a280f7638c263c07c7130d29f3c395	169
e5a83bf5e868664b03d853db46181831	169
887ebcb3b049696a37f122c6af0aca76	169
917b280169bcc9294435dc55551a7702	193
ee2adc1c3160f1bc0ea3497947139d46	169
f4491fcf3309452aa679f0b8a2e59eba	169
ba5580808562c2f2ad92a9b2c1ccec41	169
ab0fe5834ebaa442a5b1ca0f9a3ce13d	169
14e6761ed532784d81536904bd8fc0f9	169
e38ffc859bdfea1d11e5ceb7aa4d44da	169
397050a5f2f9a1f81faf345f005fd872	169
9e0802e91780046e425d6035fce5adb1	169
c717485f8ca3a3f5e31dd78bba615ac4	169
ec171f09c0c92771d3aa30730cfdc640	169
47cdb958d14725fb918e246a95362b84	169
f489e874a0477b24f1f8e840f32af63d	169
f542597c54345da01e573bd095de23dd	169
065dcbc8f2497da66b0f4f3f40d2a5fd	169
1b4eee2f9c8a00648591f6be811656ca	172
eae92f80ff57d28350c29b13a779dfeb	169
006bf1b121e608b81b9c5ad63fdb2750	169
6713e2440176ce161c68320a286012c5	170
c2758b432e1499ddab8e8b3660dc67a8	171
4c515df5a903ff5ea96dfd70cf4e3fad	172
8c8a2a1719cf81e997951b7500eecacc	169
d182e7a3d1251ec38482be6b65fbeda8	168
acfae3ed9189b63f906db6a67c83a05e	169
44e7c7e686704afd31f98ecaaf262a89	171
7b5b87083c454f49d918c6641b5d4491	169
80c5552492749e42c61b1be2e90828f3	170
5f75cd0122eb9fb2f0d9654539b4fcdf	169
23b8a8d4da621c394ce111dd1396ed93	169
773cfef04cddfc94d29952602cf30d2a	169
84c2329f9b519d5ff0dd0f76b9dd8829	167
b718cf944c05b694ca54f6666aa805a9	169
38283827b9a0d5d57274dd29eacddcaf	169
7387bd88ecf387631bb3ea7d65679808	169
627cc219aa67a1affb2830a9be48f64b	175
270b3ffc3de2c136b6d4a5f000972219	169
f0ddfeb300306a05cbd3362884b6c753	124
513b8d680793a743884041e35958c5a8	177
c01568f55e329b41173617e6c28243c7	169
3401d7bd4670ee87f1cffe7104351ca7	169
544e1972aef06cd6e304e7dd3251e17b	169
98747594982dd0642350ad4824b4dbc5	169
5513fcd6083fa629ac57ce11d7aaccb4	178
7ded88fa4347d30465bdeda81a89b9e2	178
cfeb6c21755d304fcf0ee73eefe135ac	176
32f17b9c805a939604805bed383738f5	169
7b0ae72fc21045dba5aac6215809a892	169
16eeec0fd53c85815d2d65d380638c03	171
6fda606c5d37e569ca56bd4d1702f55c	170
7448c63ffaea243a48808a0eb4e719e9	168
02056d8e223c0ad8e3927379cad7f06c	169
9919d296c2ba15412bd41e6588090c6b	168
065923bb2fe4fcc94e149a330e0319a4	168
163bb4dd3d42acfa19c8dffb2a457f36	168
3d235c50804dcafc3c3ccaa2563cbe6b	168
b4dc78a7813b6f8d8119ccd1b1b21ad8	168
968d7531c2e176a8756ac86543a33cac	168
0e24e0ff110e94f3c75b5f81e921943a	168
5c0d4fd69b21c7cf54ec2629762b54da	168
15e6bfb224c57d397e083601f32b3abd	168
1e73eae75cdc15d8b6d1f959f9b35ed0	167
cb329da77f3914b2ece9d9803a240d51	168
0749c65c6b608cdbc327f0f53f61d94a	168
d363c2605eeff98c671c02b825742d58	168
a82f7ec776bf2fc645d5f8a719f21624	168
02556709821bdaf5777539489f900909	168
da9f8a0481fad2b9180b858f399e2906	168
57ba3dba2b7fe8fac9ff0cd814466ea5	168
15046b4690074fcf89e96ba9a3034d7c	168
c1da8b211e9c63b3882d5771e4223990	168
cd44d1784af99967ef2379e7373bec64	168
7743a10191d3fa06b339f06872311582	168
8bd1c218f5687f0dc780bfcc3401ea0e	168
90452ee5aed39ba10df1508be955686e	168
fac818d175742d20ce25081a78abfc22	168
93aad53d08d989ce4bc1e4685640b9e3	168
f7eb4c3f57c55f313a96d704b6dfc00f	168
4e5d05af86e3180510fcc8e1fe128667	168
64c636d0e1834f4bc11b27688b7f70cb	168
b1427d03587803286ca6fdcb7f8e972a	168
b8d1084b5d8c4922b7481aa4eb6b09f5	168
2855bb3b62cc401ab8998d8bddd8b441	168
aee69fbcd5155911a933c9026b994b12	168
123f87b1bad047abbedd46a5d5f1a656	168
771c71951f97f18be62d27320bde246b	168
d9bfb5c71adbbc29b3664607914892d0	168
139c138f5bce1d8a87f17037bcd4368b	168
0b26f7eb4fd5dc8f79006a3302e04696	168
fd4505211f71ad82069ded32b6ae1c8a	168
fe4e4e482e22c052df0e0e0ccd401b49	168
6d890c5afb2511d9f0d0d8647a3ace50	167
2daf8651400f8ce0a6478f3101b5bcf9	168
44ea2ce1c7527d40930a3841f3eae5b1	168
76900cfff2b156b5a7b48dae6befe261	168
4acfcbb8e78834557ffe0f7f3474cd8a	168
e01e4660af1ed9e6f802fe600ba80fc0	168
dc5ced8c1ee19ef7d0bd2a8dcbc0604e	174
b6ef9a6a319925ae8ad74adc2bc3ef5c	169
e94a9a7557574d54e74debb23ff4e99f	170
4c61b86b6820bce3573a8e66b16dd956	169
039300086339ad16b5a8c2151642f70f	170
1191f9fa35e4ccd3e16c829afe2b5af6	169
85b3861174b63c222008fee9feb446c5	169
10979631526ced1b770b34e115df51a4	179
0f1ed56f6d8e3b75ea760b98120594c9	179
3eda4fe6ae8b0d13a99e832a89ae6694	179
26fbcc7fc54881321a90203871f479c5	174
86d9495c8451e3a4bf798c5b1437d813	169
10d666bff148f9753b918445bc40a6ac	160
e6753324601dcc860153e69c7bc80728	160
3fb5d139b58c0b6fd946111c85a2e467	175
f56d5b257c47d113a90661ab1768fec4	171
6b5ab8dbdd958087aebe1a5e14053d38	167
cfe59c573d673a0b2bb915cebfb9b07a	169
ab2a4e3ef73b2ea716c2809e1582cff1	172
507c1306e52f8ec4b1d974d7171bba9b	172
2326218da246de4a3c5dbc9dfea350d0	172
a98964a008a88449ec19076c4350cc21	169
0c45eee7bc5e941c9011ce28b605132b	169
e3c55ef3144b099d59cfe0a56e801985	171
928925547f4bb63ad35e9f8f80426069	169
88d1b8ff5f8c718d12b93221948370ba	171
390affc99edfad09d2bebb8421e653fc	169
9f9d6315dbf9be20daf8987f681317b5	169
fe54a1f68658b4562829f3ff9bd9fa55	173
e4704906bbffbeedbd39d559dab228e6	171
cd853dab81f3b3cc96727a238dbb7fd8	169
7689ad14d9c4b1f7f8be8cb5d6b55c6a	172
32f24834d72f4024354cfe190cf3e96b	169
584ec31d6b3b2027acbef576abff47c2	169
76b5c14d782c9033162948e79f95ecee	173
349fdfc20eff055f0adce4254bc1473f	169
1cb6533f3319baf3e82a283d1a14f57a	175
b8387b18f318ad38244c33d04a833b8f	172
5016a99c9818aa55f81e343ce8aad3b3	168
475cdd86ec71e38dcd2a1f7d7c89836e	168
653be6894f08f7a06defbc664c6f138d	168
3e896997531ab538535c035b491338e9	172
5c5389a133def94215d476706c554789	169
91abe4e838f0126530a41b353b851e40	169
31725149eab5ce9e8b2fbc1d73bd044b	172
5c7cfd13c892c73eb9faf6ebd06cb7ac	169
453734e60be8bea050ba557ea841ad18	169
f57d5b393f077516fe8874f1bab4c1e4	169
46bd002e00569091798aa24d0f6a10e2	169
ff5a6a802b10ad7f40778228e6feb669	169
434b9f355443754f7a0664359184751a	169
74b9de89d6b319cdb0e253242817c569	169
11e281431d138e913c4787c3c30fc8bf	172
afcfe3cf868095217fcd5632b11441b6	169
73432ab77542d36c850ed2cabc370194	169
110bf82be14d528e99af7c64d81ea36e	167
74643a506123b07bee54129a10086566	167
45a8dceacb3f3d75bf7cc1f7c253bb05	169
3d1678dffeeee6209de2522a4203fdc6	174
ff91144d50b8e7498e61d8696694cdf9	171
34ed15c593e0525c5e59ba6a95df78bb	172
74d675d712ad6f048d35f54463c44249	173
44669a1736d8a8ee898cc721d2251368	169
1cb0081e19592b545af3aa21f400b4ba	169
71c9abf37586de72ec62f11aef1e09b3	173
3a1a7fda467289a58ea62cb7c9076dd9	171
080e2561aa86f3c4dc7bdf7c14b9dc7b	169
0f02facab2d8ee3840d5899fe25b4d24	169
9312dee8b16b3cdbfc074719ee005cbe	169
92f3fa170c082106ea878130e66f9860	173
e17696b572cf8652ae0e5d2f169aebec	175
b4a12e2a71b88f15830182dbd50a812c	171
0d81c0dba8c3c15717de46f1bfd11e83	167
a3f11caad3e1ec7e8f0149f5d9b932da	169
5b1eeee4a281545fbb7826e00ec1c2b7	169
ed991547bcaaef188ddb46fa9eaf5612	173
f82dc4c0279ea847b8ab1100a071498a	171
0c9aa84a3671aefed7aa49e375928b07	167
92a6618d863dacb7e638849d679f3752	170
06928f6c2d28bec772418c5d8563bf05	169
12666493dc9ec3458e297cc05920127a	175
9347a3114b20d92ffb22055d7804acc5	169
563a684d41e47a18a869af5ceb47eec4	169
abf834e01340786fcc791905278870d3	169
f75e6cd7f333c3cb4c18399c1d4d995d	171
7e2b7a083e45c145588b5d52bfa0d0c9	170
4915003205c5f23306d1e7d9d3b73ae6	169
90b0f28d9c6650ff919294d4a17156d2	169
c0c2f83579db6591f2fe819cd993d55a	168
d3995b193dd361273c4944a3a1f0de4f	172
ca388ee9ce78e7d93dc4dae86206013f	169
ad02ab63b43fd0c615429dc9b126737f	171
4a0a0591794ba412c0844e3afc87c04d	168
dbbe2687c961408513a40e3865ff22a0	167
6d1aecd3e2ca4cc8e4433339527e6b72	172
a34c4065199ac51e0dd1b4a2a36f3f44	172
8a930e32acb22c20af3c261dcc1b2f0e	172
b39b24c55d4c688dad5c2cf77c8dea7e	172
b225e9ce3960ddf903615135f466e4c9	172
beb7a4c1f575715dfa7c3d56a6e4d162	173
351df2062d461226644e881dc618e700	168
4cf1832c63d34f4079746923150138f6	169
9a191bc10a1cbf7807bbf226b46244ce	169
f49dd02e9936b1de2e9c961eb7465168	169
f8d7ce21e9c0d4dbeb8b138909b42159	171
ee4ebb200ed0b47c254d76ac34c39278	169
c6f400c3aac1329411b753ead2a31983	172
12da4674a0c7ba65611664784983df4f	172
0eb62a87cc9d0de60f36de16f48512c1	169
daf272719b6a55a2b983789b37e6e9d4	169
b11c14a286c449d773b92cc38d15a4fc	169
eeb78c00f4a11f1c3f9d15b6049cba60	171
e03e70970e4d60e1572adee6ee77bc4c	169
a8804294a50c61958295cf8cbb594832	171
6b844e843174bae83deea5fbadb9d892	168
2633967e20e1b590407426981af4a595	169
95b92218c16a8774b783f664153c02ff	169
d1a263eb98c3687e2794d50d5c51184b	169
22c48f89f769d9ded2298d569d190a9a	173
2d2f23db88c9188ec4b2d089595f0036	169
17c5003b436929870760caac5eeed6f7	171
3974aea5fd49a9d5430405eafdf97cd8	172
fff1a6a83a5e79a0245ccfa169f5e2e2	169
5b0e3ad10a9a9fdc47bb202e0dc3173a	169
d1ffb09c890070a789706064324c5d81	168
42f1a6e2aae8484d7fbd914f6ce1d3e8	172
23bbb9985075ffe8d8312e6f07589e74	172
49d655e52a2878aee7ec9f7c727ecda3	197
b0ee578b19da80bc50ca81973d8ab8a1	172
2c7745ff5c70b8037689c309e7bf7eb2	172
a8d2f923598aec3c52cb1b0ea64ce300	172
95c7710e34d39cde5306af521e2858dd	172
b9f21213f49b01ea00087152751de5e1	172
8f7a476b38020e7412abccc42683b36c	172
d60abc6def1d0e7c87b4526ab455cb6b	171
2af393653fdcef2660a1ea9093b3f492	166
8e7679de49aee626e89e745a2cd47ed0	171
3e1989504c0ae86229821d6bcde5e59b	170
395c30aabd20d42e4d2bde66652f3009	170
5b9d237cb59c88c4d9e76ca58dfc3682	170
a1d3d62fff04a736d2250eb7810778aa	170
7d1343efc557295ffbdedd8875652134	170
526f389464e9b881e85360a365af1458	171
11a3f768ad7ac5c2a5b07674b77e5e03	171
079789c54a4df0d84deec601674d2172	171
803c1e7a7ef2111a1bd2a3d4ec05fa68	171
8a66ec4575e4752ef86795f05bb0291b	171
4903800b7da369725536d16f796540c4	171
94ba9fe670fe0f60ed740abf42165388	171
83a9f76332556367e00bbd4bdcc0889f	171
62b205d780e1f18548f5e6016980be7e	171
7bae5e88c683cca19580dae21cb1c15e	171
de4980a7eda8dbce5364d0137a0ad615	171
34c2b05434d35c8ef055fe62ac3b7670	171
02afebb71268594917fa69fbc6637889	171
f43d251c9abef0f3512399de287c7967	195
758849eb759bfe1025c03e338a706bc0	195
80f58cfede2b10b42d6f854a66b5d417	171
fa49bcc3d4c5f2deae6cd82a31280366	171
7ddf3a1e4e56d2d9d4314967b2c6484b	171
33e24cb2af075a57f0df31e8b25cd773	171
d108bd0acf557ba7395e1ee3affb94d4	171
d739fdaade3e86bb346aae96938210a4	171
066f15ba824cc827165d9cbd168206d6	171
e90ad1d1acb78111e8cfa70cd05358c5	171
f368019124397587dd1430e0f238316f	171
2477b1d3bd0d8e94789efdd832f66087	171
e250385ceec277dab60f14c651c4ff42	171
579df1ae034de27cf172b42b2ee16e38	171
c8ae231be4cb3f98feb75b39dbfea830	171
5fe354de58798cb2f75d0d4ff70216c6	171
bfbf621b9cef37bda8dbaf2753a40a51	171
7aa089ea818cba9765b57baa435765d5	171
9764540cc9197798f040466cf36114d2	171
31c7e17936a1ac79dfbe918c52aaf45c	171
0f6960b0db87c3480263e82aeb767e3c	171
d9cdd19fecc6b39bd29b7912a0228a18	171
93c81874562919a9a41590e4d60e7b16	171
2f8c4013639d1d030dc159204955dcbd	171
f235ca5dc5cfa0ede02696205dea225d	171
5d5d70984c6341272fac6bb1ea6d398e	173
39202c28e2e3dfc610afe7f473ce8b65	181
8ca6da44febc6d736771b7e34ea8898e	168
b1e4447e2cfed12dc2c667580e4c8911	169
bef4c86a57c7f3169fc54d5d18bed889	169
60e81c23f50f32a33dd2a4f39bbeb2b3	169
f412d5afd2fac14ec102988d1875df6b	169
27a6b33c0891b4952088005526ef71dc	172
985216bde76cca9780986ed032d0fd09	167
bce3a3ce49cbb0e0e8f613863da06947	169
60dd035687b0baf3ff214fc4369666de	175
2dab3068cb6092ddac37141ccf003888	169
f32b512901420d69e637d2c327af4be0	170
a52a7e1fb63e9bdd72509531b5c9d1b0	142
d363797257fc5f49c8ec0c9e6cbf7392	170
e924b68508a884fb913330076ee23306	194
6e70bb15bf32c1743b850c9a4e43a53f	170
56f2890a62178fec4f57e9f56ffe0282	170
cd19c27aad437225cd9b947d4669267e	169
cddf66e69a4d17e45c2ecce803f6cece	169
14b66fd7926242732f2c9945d03b7167	169
56746295e600d52d1ca6832099704ccf	169
096ec4e487b96958d50b73380c6c5ddc	193
76fc85907da9d30a6d2c16e711423f67	169
ccb6c4f4e9f98a2e93d074f0bd49ec9a	169
d5fedee72f68401d4ba0bf6acd785772	169
e2e3d3bb916d91b74adad1ef36e82354	169
0f001c73af26a881fa4d4b58e289e5ed	169
f3442ef1c3e294592d62d157bca76576	169
9333aa6bbea0105fc1f24f4202e5bf7b	169
19c693f42cb365035c714e619ba37005	169
bd5076535452ed376d5484963ada135d	169
e7d7a4ab6b775f8e57962a97ec228068	169
e89020711e358e275b4edde2e3932bea	169
ad24859e715f18d5433f2a19ca9b734e	168
36751a6ffcaf37b970823e55fe5b8bd5	168
1ec55ee08649aa168442dd7ec71121f6	168
f275acf5216ad6ea4084fa5e9e2d5d26	168
2f6055424c8e5b59acefb4766573dfdc	168
99cd008792bb7948ba2b0f8914642a5a	168
a68a8981582aa72da49c092940beeded	168
00baf1e524ca355392c3c78b6deea3f5	168
e5ee192bbbf4556637dfd2b7dbd27cd3	168
71fde94f8d2d448df89ce0e9cd824694	168
9bfbcb1bd0c480efc5636159e1d8786f	168
b5080453b663c8a5e40d2455355646e8	168
e75110e493a85f1f5bc70a4f083f7cf3	168
82d7ae0da628330fe75973796567a53b	191
7cb4e49156fe7a6940abe26fa35d1b6d	192
e51b1009ae6c9cdff516a337ebb6cfe9	168
92c6bd153a9e257e3bb6371eb4395574	168
e4c5ba8afa350b24b7dec31f6e6dc6be	168
a5ec019807f3e0dec745cfa7f6ccab0c	168
d3339b3852993d9d842825254af338bf	168
7e9a704863bd8c4a81f02a926499b300	168
040920afe50c1887e1f361ccf5d17930	168
3f66fd1999a19a5c1034573c6a7e35aa	168
c473be1a14a183d4d3c9cd0e019cc9ca	168
10b6859251c745d3eda99c78ca4abf99	168
fc4914c3fd593de09ffc1b054eb63d68	168
75b0804e5ac28a3b95007d511f55c275	168
f16d35c96d39df5c45361a04d5bb99f3	168
d784c44e50e67de03e90336ce23a886d	168
99a5f84524b803cb185b97a499e899b1	168
f2e65171bfa4d445e43c040691e718b7	168
ae0320180e535400564496c54fae125d	168
77840e1113c3b4d510521c9d5faf9b81	168
e831869f667081ee12488729c32ddaa8	168
ed82f2d4cb776533afc79a6d0276a04d	168
ce24292d37eca9b85ee096e3438e2896	168
b85f9017494133b3f5932f0fc126a626	168
531133e3f12b4a274c1cde3e779fd4f3	171
1ef0bdaf3a951495be012ed0328a0efe	168
07f3bfcb7b5b8fd37dff9c75abd40e69	167
538fd49eeb5654760fcc8bae157dbc6d	171
13bd98ae344163df2ef2e8c383d06ef5	167
c0435e58e206f234d49111a3b3e6354c	170
9af7eff559d5eeb0670ca1bb343dabf6	170
d965a9c5a461d188d5b775b197835e17	167
028fa064742e0352197faa85d0f9f240	169
880b7aadf5669269c5d4a80822666933	169
f70c2cd8f0db170ca1b5bc832bc6ee5b	169
04183a6fc568c6172ff6fa3e87f6a109	167
7bd8e2a77dd62ab68a7173cd0b6a4d41	168
047d370613ea3cbf3b218bf3fc242361	168
d36d32375fff886cd540e1eb1b237dd5	168
3ad95fb3c411e0a0919acb6a6d175579	168
1ffc4f1c381cfd4e61053ac4460e6a09	168
39c55dbacdf1b083e314f0d028714a37	168
fc678be0ace9bc80300a6ca4185d53d4	168
09c81fd56c5b5d1aeaf1ef2bee3cd2ad	172
cde1033c4ecd064f9c922abfca17533d	164
e60737f95e97834b98e84ae892b846e7	169
5954f9dc1dc2ef7a948940104f14ec70	169
f292353783fc8cb9f8842b9574319892	170
9100db17f80c8ef7a792db8ce09e83ea	169
55dd1d4b32cc4a84bb1fe6bd9aa0ba12	169
bb1b935b0fcfc690eb7bb8f1b01451cc	169
0a65c6077fafcad076b4fe55a5649d69	169
8d0170bff91d63068a4351dd4b7b4ccd	175
9960e69ae58def3e2e2af0c000d66296	168
4db4751cae3515106dc3290ec061e0b0	167
e952f0f3177714fb1fb09861e18d3712	167
b56add72136a3b10e9277f7c599a8b2e	167
499492a10d5e0982472c5cdd366ee459	167
83d313a67b7a317485a5601030128d93	167
41d3449f1a080dba0482c9bf46635bde	167
9c2bc8042682a3e12b1fc88ae88a857b	167
0c25753c8dd0619c73488b5b211db18f	167
12bd5657d7af5b820b14ad5390385dc1	167
b6eacff040ac6ad8515be1c96aa2b0d5	167
34164910656b999f24bca95d34faa5a8	167
cdee1de0f05f7af2778b1cc3acf370f6	167
dd8b4136bba139c53b0a257de4fcf397	167
5a2cc77f1fefb197385233258bd7f0dd	167
389131bb1f86d8ab7967b0a94b077d45	167
c12aede5c0039e5df67d7dba162b5062	167
e45efaec244ca419534443c6180eb4ef	167
563b03a1b5a339081269e1bee75a6f11	167
4fdf0f90906de772860d0d578facc109	167
d99cfbc1c0306795cc7c84a83c091c08	167
c4bf5b26e8b08985622b6a2d83f4aa7c	167
65a1aa78a9ee0c2325fbeeece7afbc65	167
3f202f15792726191558dd47f79f9f80	167
3435354865cd3925c86478ee553e5cad	191
bd723a5bd03a417105560438673d904e	191
5f61b9ee0b03289d2ba2b799fb8cbbf7	191
40e17000d6d566cd5ab9eaf0b1a5844d	167
39e7a9db7e89643cbe977bbd0e216f0c	167
f5f872028e987bba29ba483016b06858	167
bd58a92525b6e15fe4ffdef26526b7c1	167
002697bf26f2728dfdf10de8059bf039	167
bd3819d33123b9148a941507381fa27c	167
1bcf161750d37b31bd1c9d65505012ed	167
24a2bdda182335e9f8ada63d2d3d1465	167
d2599db01bdb4957d3e054a6e7255992	167
17949816145cffdb859a1a33a5a6ec1e	167
75324548a5924fd280acea5bbfdd19fc	167
6cc1349909694d72f601dfc7971a4718	167
637dfdfa339e00eb535f6ff45cee59b3	167
6ec1a82d5d16e2b5f4cc6119b3644ba2	167
b620d517c78100b10a4568058bfc91cd	167
71a8f568e0e658bec33bf4a7f42eba6d	167
e793d69c50b31bf805d91f0d363a67bc	167
b52f6f8a7ef895fed85a170dfd6c1692	167
ddec725ae2777d98c71e60080e271295	167
eb52fe461004700d050562e102082163	167
10c02240ab52c3ebfbc930157bd3177f	167
b038917691f6bfa58671e42e470aac3a	167
fe653f630e3136350761472f5afb0f34	167
45e70658781784d9c9e993c7263ca398	167
f821a5d1d1294d326120f54b1a375222	167
4d1898deaa4865ea41d119187ec6ec91	167
434f7b270ee68a496fb204ca34fee517	167
dd063b6ed1519b754591f1f5a8065365	167
07ed4fa185c5fc41a34c18faec57c5cd	167
d3bd47098a12dbc01970d12ab03b2166	167
973793f6842cec14f5fd53f80ed6eb18	167
b1b0d44a45b7ea0b6562eaca7956b9b5	167
1c75c1be89591f1d7f2bce8f8eac7cba	167
783ebcfae5988f57e229240387cbb6f5	167
b2dc34dc0681b8579c9f438f9b38c08b	167
eefb67713a269763a23268e2e8a47bf7	167
2a01b7566e1942b0af6bbc68d9e24bd8	167
5165484fd7e1a07672fc3bfbc85c021f	167
2df381c9cd9af0c416b8c77fe40332e5	167
5143c442891781d6833af4b8fe1b122c	167
67118312d05602db523320a1b0632424	167
d183c7ca172a81df3802f8405073d00e	167
f5766a8d8984f0d38d41e7b029f7fc75	167
5e704746baef0d3e632a7def74b449b9	167
8a41ae5c20b2d4fafba5850f9d35dfe8	191
0a3bc5faac599891e88aa69a14e69ad9	191
73741b52a6b10fc722d3eb55d5c7c23e	190
1391547ccc697f1c4a272c7c9f2ee555	191
74aa6e361c04c70a85a9d6e04e7d937f	191
a5b00678791e602a8382997300517090	189
f61ffb8711d47711dcc3b595fe393d73	167
7fc131ae480cef3c11378221842ef8c7	167
9b097c5f8dc88ca7108d0c6a43bc6a6a	167
9fa43dbd392ed4ec9a8ccd2ec12550a9	167
c052f51c6eb5c71aeb0b28922ac6dccd	167
10ecaa1922000e0d8d9c6db8bf984f38	167
30863af562d38d90c23261e42d833105	167
b9a3efba134d07325dae360ad21f720e	167
1dc09033a6e9c9e0de729e86bfb35345	167
33fff8c4008bc1da7e7e380597e8d0a2	167
74961289a8e48841f89d3039ef23926c	167
d6b65ec911cf537b784f5e778a72fa90	167
1d030cf65e04922859557d6527d8cdde	167
390962e81d13a68670c427483727dd09	167
e6beba8816f5855a4451cb52a1737b08	167
3c449bc294f04e9f68fb7d1540d4d63f	167
5b4e3b14be464ac48491266dc3d7ae9a	167
4fb2a385c566e23b1c49f340e4b13317	167
56a3b36c44ca7d1d94dab880914da234	167
0c5947eeacddf84b8a4a5e55755c2682	167
4be53ddfaf558ecb9dfaf4837bb98811	167
0b33173909142d28f6c5734f3c8a6487	167
29f5bf7e21f8b769bc18067e209ff4a6	167
df22f2d4be1eb2978b838640e49c7316	167
bf8c196f6ffcd78775d51f49283b3999	167
44eb629e78c0e68c5ad6e79a61e1ddc5	167
1b4e9f78c526aa37b25f2a3e43e8df8e	167
39224d4b390eada2bd6787d24c6601e4	167
62b1dba04522c8fcaf425300b4bd6f74	167
b7ac3f4489a57886470b66323313eae6	167
de675972098b0eb72193909cce2d9750	167
bfe046775085cece26b1d638d6c38f61	167
47aed690e837b34570f43bd4a3c8ba8a	167
b9514cb9e1e6a6319398466983e7aa0d	167
7a552ae353027046680de9980e79b13b	167
6e3032198fb4f316d11b205b8df9eace	167
a1bb718ba1d09122e146fd7ef6001f70	167
94cecd4338f737c99106d4f32dcd208e	167
c0d09c3983ece325f22ae5e61e6d01a0	167
68e11112d5e14a5bca681a1d827bd89b	167
3b4dca07894b75364f9c9dbc8974379a	167
fd2a33e41384dc186c280b736f269328	167
13d9f33913aea5e323842b4a551d723f	167
07a02b378ee3b4e810cec276854f221b	167
2e1de54d3b4c925306e82e4e04b82f8e	167
1ed649366ef02530a47d907ce8eed833	167
7181c45dcab522659807008c1ae761a3	167
cf3bf17f10fd52b83de2baba686b173c	167
7a38897a32183e07b81e741b58c0041e	167
39ebab29a06548dc536e38ce9d06e505	167
e6bce4e85c1ade9182db47b4319c332f	167
c1abcb0735ff0c5542247faaa15796eb	167
cb58d7e2371a0fcc66625fa4668850df	167
358fce636f1d6ede69ac2efd213cf3ff	167
575269acfca122332e113cb0e936057a	167
d1ebd2d0b927b66086a47393d1adce8b	167
24430f7197d1f14def19f2bc3bd4f462	167
88d70fc02bd37989a4171b0949342919	167
48cddd8a8c60209b1d8eac0bc55513f7	167
075a428219180ef6cc833fdcf864afa6	167
56d483eb6ba4495b88b30413c07a3354	167
56988e7a86f52d60889f0e8052471915	167
b833a218c6fdc5399e453a25dfdffd90	167
6ef4c20cb0ca93688073b917b9373140	167
027e544648082bcf18b8190361810927	167
58ef953a35691dc2b8146a757e1e25d3	167
b05452482eab9f8450271b19f3aa1154	167
c12862ce3b5fb27f1e55a4e233f2f497	167
753873f45268afeda0c00222edbe385d	167
f10b2c3ac19a57045b18b6c240a8b6aa	167
0c4ea0038f6285a69a9553f275039f8b	167
71e765a5f8b99fe4e8c742c22e6b23dd	167
5915fb3d29c89ddff98e16e0872dd27c	167
06e11a92f848c551e0c74d8ec7d4e222	167
c33cd9574a20feaa9fa451ba8b6e15dc	167
8e101a8e89e371a699ead570fb9c0a81	167
2d523451f5ba27742546a69420d3ad37	191
9fc1999664ed7e15a5708c67dd1658de	167
2bb4baaaea30e563aa660983381fd592	167
fc6b82a64d4e1eadc3bd74dcf234996e	167
cb6aed236c96c4c94b2ffb32f0aef8d0	172
a54e6bb5035e75fa4494534fd761a3b2	169
58c11b4a05c9f6bdb510ebd6bf341b2d	167
24c62a2eca3529b7399238b2f419d1b0	172
2480fbc967f8eb6f585d00b212bd5dd1	172
4cc2bd8e8a2ecfdddf935b69ff6366d3	172
b29597e4e00a3ec2c2e435c02d020dd5	172
1158ca37eef2682da7cc059aca5480e5	172
2df379bd8a4f67ab6bf40f9c8b15457d	169
cbb8773b06d5def3b910c4b3a919defa	169
f45d68efd39207f75bc83493f031bdc5	169
16ddca696a02b550cc80a8fe5ec94e00	169
a4fa907144ffe1d714bfb1305a163b0c	169
bb6bb2488fcf3062c1caed6b8e3a15d4	169
5591a39180fb030f803f0b03d611768b	169
e6598740693f24c1e42da6b7163baa59	169
3d8e536965f8f3984893658f353bce67	169
1a7c543eabb78226104ef91359c1301b	169
4af5cd9ff9bcfd4ba44e2b58bdfaac45	169
1f9331824ff901f25b4e0cf13cb0d528	169
020d0189e2b65aa195cb740eb6bcaac7	169
ae2b4204f38d558751144de730b1accf	169
1d7cfe04b5b5fff014c8dfb8036c9267	169
f1b90e5468aabdc586b46c87e05bd49d	169
2b98902c0a69496c8a9522b7c66f9711	169
16afc65e818d4982755b47e3b772d5f0	169
83a10941a29cfa5350964c83192ab4bd	169
673e865aecc92c5321598b546d0ee019	169
b21bddd68773d68c6a38a77b416ed6b9	169
949a0fffb543deab97385f78553b8331	169
a42000be703921b1b2e9ec23fd81b4a1	169
890d704162bb5ff00ae7bb302867f166	169
5b373aa18295a31a3f8055611bfbb643	169
1ff0c09c9495f283adc1f4ad831f8e32	169
87b04b2292fe34c96fac9598a372ee56	169
d499605a9f8bc05a02472cacd2b537ac	169
2ab00842d083b4a9a2f876c7552ec95c	169
09a14685ccf4faeb64a9b04d4b3f5e82	169
1fdc38e967ae6ff0780948c272ba520b	170
211e2b5ef1171271ebef19040548b5fc	170
067bddba47bada2bb69a676591d7fafa	170
f98a6863e48c88c635487749dd911d23	170
5e94e5e410a862a11801b273066ff916	170
1a466b99f3fd0b8143b795db95c550ec	167
ae3f4ec713d632e41f978379c03ca58e	167
f9bebdf0f74a81d93e93fccf48f48436	167
28570d75b6feb2e512084efdc5d6593e	167
34469c7638b7bec469073867e22757c9	169
ee8bd39ebedd15f70287fe06dd52b641	169
c45998baac7095d955351b1c0f92513d	167
c2773799b69e26b8b229aa7c43902ef3	167
df1e8c19550fd3537230f2e82f71f9ae	169
9c28b3f7e6d6b56f15b5626c4f6daead	167
a6ce1e211b70c198b625b7ca056d2715	167
d15c37c98f5b1f1305af46642a3ccfba	167
9f3d07e2d7bf64cdd80314dccb84fbfb	167
300612e7660da2484481dec2a69e0c0e	169
26520cbd61e78e0acb87abed25adb9c8	169
c779b72a06107aca66acf1bab3c024bd	169
a0075824fbd2f2f1877914cd6b44b7f1	172
a6568a55c0e2424cd74d7a4442a9d8bc	172
e398aecb554301e9e974733f36fa35eb	172
01264a064d32086454640db5173c54b0	172
7a11dd4c1df988f04d7e52b89cc09b62	169
5bf54e871b199319555f9620525f3af2	173
a7122244d2049590b9bdac5570cdbb04	172
7b37864b71a12f8b2bf3452ba722b048	172
529933a9a3599abc631c98f744dc2f1f	169
029b48a9ac9ad220cbf515288951cfb1	171
609dfe8edc220f6c1415a1d9bd90bee9	169
1a98cb7edb24bfccb79aa785ffcf95d5	169
5167a9c6832e621007ce525cf173327e	169
1741a95cc61a4198e90e7d739fa25313	169
1853515c377f4279ef5fbdb678413e27	173
52d868d121a98d56996df3bd748baa61	169
f725624e09030cdebb17a0e925ad289e	171
9665ccc25e783f3bad3829677df80088	171
025863e5329f4bc0701fe1c474cc4167	172
0db09e283f2209bb37eec2aea7fbe68c	188
531a88ae63bd0d2545c9a43f32e3d30e	187
8443bc758990b638104461b82166b6ae	187
666df988e7fa5137a5bfe27c102bf1c0	187
2f937828dd6533dcf22ee01e98c0a736	172
cabf3fa6d2937319164bf0387cc0a7ad	172
e2a24d1a53318f2c9cb95c6d652b1e77	172
8a34ad73a6c9832448e8403c4628fbb9	172
03ef5d5f455ec14c050f51a1caf7bc5d	172
a199e1b2c2f64470e844900a136bfabc	168
60bfaca801feb849e3c03f20bd2b417d	174
a6fc31100f757ce3853dcf168e1d64e8	172
888ad46d14359f2dc028416af37f9adc	172
308e00cd06a9ac6779cbdf77941e9330	172
01ff51ce608e0eb14f2c80cd7e25285a	172
c1a121745dac9edb45909ce39802964d	172
f85b149046cf033c8e66b3cd33973a2c	172
3b080c5b83acd6437601711f34ff488b	172
c38b88b1fd714c8ed063585537c00fb8	172
01ea21b6aae63db00ce8809d1bfbb832	172
fb3d45d1a1c74af7f2d02826ea276617	172
733f0e7c9006c841cdd8d414510db2cb	172
dbad058e2af88dbb674271535af201d4	172
bbb826ef5470ad57d202aba21208f0d8	172
b96d9584e96613d804c87e59e2e4b723	172
f477f880bdf50417b5455c8424654b0c	172
852bc56031a158cf0ab93eedc5b54237	172
9df68ad0761aec6faeef7071ab8f3103	172
302d81049f952e4837acf274ec9879e3	172
6d1083a565e7136b39230272e4d63a4a	172
9c3680a73fc1cfc39e4b26a98c370a5f	172
80fb3294006b29d68f3a03e1993bb1fc	172
f605e28623817322e27fef1fcccdec5b	172
a6f9df201d57bf6315a3565b048660ff	172
9730078b2f316c3a48dcb0701cfaa561	172
c930ce9a03683158ce357cb46c6dfd53	172
214b8f04569ef327fa10a7cdd15a6e04	172
3f53c91285648cb468cbc2caaa6bb0e7	172
3cfe515fd9698f15c271ba30e229af3f	172
9e76f1976faaedca237e631e3530a797	172
edd2b6ba414838144e2c0e48ea8cd774	172
49c143945541038a8c3f53fe46f7e5ec	172
d13f743b9397638a7c7e53ba26b08254	172
81e7fc9733dc918a7cc674edb4577ca0	172
4bdf59748a6adc7c78f8a96c2792b26a	172
9f2d6659466810c77d43628293f65574	172
60d1156993591e017d6f66639db7e886	172
6cb1448f9be48a72753d175dec79c29a	172
48b953c0d07477da0c8a2056c9556ac3	172
4df6f8e3fb43f05d2f46b22199bedbf3	172
a02ef7f5fb571ba596f7846802d3ce4b	172
d5e2c12ed9787f1c3c0c422183f9385d	196
ec46cb341c4b3ea990a6d49df9f05fe4	196
a99c6f0086ecee47f2d723134f1eae03	196
27568b5f8202fea609d9050f3ace79fd	196
acec9c3c9b69c0170fe007db208bfa77	195
6426df9eef16a350b695f27dd1cdd1d4	196
804d0b2dad70e32c065bf4953a93a52e	172
30c712ac5e98fd34c761e553b057d790	172
b80fe991a7d012ed122f6cc81c9b3322	172
6037ea70d60f929a78d01ffe09a4e8f7	172
1bbccb050a9bc0dad517142fd0ca2083	172
a602f79175703c6071efe1cf68656c56	172
dc5429af61f95dcfdea57ce95bd556a8	172
3587d1e6456e4879888b12f03416d3fd	172
d6c39f5d165887e0d4a1bd53caf0ef54	172
620eee4cd62b1292785b8923d77f76ff	172
1b09033ab07659bb6d568530ce008346	172
fd1cb661b82cca67deefb122dbf45c19	172
94d22fe35578f9b3832b9b93b11e435a	198
2e2fe480aa3a5e97ae352df5183c246b	172
d640cff5c3471c81d4cb63a208c7ba17	172
b9aa5fa9892230de76ed8eac99c359ed	172
7bbfa7f9d71a98252072ea7426a9e0bf	172
24124d6ab57c3ed868fb22075e04bc38	172
14a2552a64a7c0925e953ed750e08b76	172
617a05d043dfc51802248d5f0ac88ef1	172
2c950c82437a399bd10376ba9f58ca5b	172
22febb2a9a43fade65012da0c1f6af51	172
0713ce7d341962a95abcffb7087dad35	172
e938bf9799cc4b3f46b40349b8a29ba0	172
84cbac8aa7b18730d8c47f4f8a877635	172
ee6b18c5f1fbcccaa56256ad56a68174	172
0e9a4a86cdf6b8e77dcbc7557978192a	172
5b8ada1abf6992caf92ae8c424a54d7a	172
3958e0120278f12a7051fff2abcf4b19	172
3084d4e23936fe970d3bf0cca3867f4d	172
559c4def891575654c7aae07b4212f34	172
903c43b148c361b3bb7f67f6a5aede82	172
85752146e0ceec3de7c3266425aeee43	172
27b9aeb5999bcf647a1906ef1f323652	172
b55d87130feb907ee2165fe90acfc9af	172
b431ff5a139614046daf4026bd8df5c2	172
f9254ee3824e28844abd4c9d122599ba	172
044ad632d4c8cb023fb78887a0f470ac	172
5f253e13690bfbe530fd15841ac63158	172
a1077c66e81e6b120b5c6d657a52342e	172
c93d4f182ffaaa0db47675e980fb5bcb	172
da593f17a4aa1b9df90f4fbe40c5389d	172
7d67f6df0579bafce9dc197c73fca666	172
0928232986f0c372da18e227548f4511	172
91b880d79e967ada82f0a726c9b6e8fa	172
cee6155a4f2b53c0f4787cbfc0b6e000	172
baa999e881dbcb5581839be29821d80c	172
8f60ba07cabaf4cadce76526ea181ba2	172
20ff714a377c8a9c18efe2e32f3d10d8	172
4f2d73fb8126ddd896864bd50ea1ba25	172
6270ae62b943f1045ef83d96c37cb0d1	172
3d44bdd354639619a88668554e818aca	172
a0d43f34498b16bc03f8b083d5ac6403	172
40501e9a3c045afa98734d11571f4c8a	172
ba0c3b45c437cd15a3dd751fd5f02025	172
5e4363c2e3123ab7c75430a7577cfd2d	172
c9a825f20c5265667e0ebf7d94255840	172
5e9c4f28d4b506b6ff36bdc1dbfb659e	172
6f4c34076f5d1d1483a9c6ec433f0ada	172
dd603a95cf9714b0fb4106463a0b1e18	172
248388cb137b7e62d662c95debe394d2	172
9896a6873c856a44a08b098c7253bcdf	172
efbed2323c992674886ca5c37196d7c7	172
b2ed76aa35f0891bec08c85b6f8e0d08	172
bbd732f4def3e2ba2d0922336e4a3dd6	174
b9b64ace36298c7d24f15949bfb30754	174
c0e95226dbedc0ad6b6f018621d3d372	174
6ff09cc262122e4cd4ac0c4dc32bc58b	174
4ad173354634d2f63de5b56b6be02084	174
beb359cc0f8488081a68c286ebdbd86e	174
71cdad66344ef35819ba6f35be90fcfa	174
5561e0912c5133827731c057fd15cac2	174
4a0b7e9d668b1818bd29e8936f2889d1	174
e64d2ec96f9fce082a56ad105ee39cd7	174
76619731758c9d1b9079920b8d429e1e	174
7d4cd306e0a374c6eabb838f44314fd3	174
9dd57740de29a8125f2acae9c2d96bc0	174
cd9190ce9a95d06e4b1abb53ec8d2a6e	174
1998ae30d173bc3a6767de791d8ef089	198
96cf42de3ff0ed33914aaa21c0dfe09b	198
1d3a8f4d45546d73c61fec27171d6f88	174
52068c7b4de0256976ac988153d55b08	174
24ba4afdb6e87cc7ed0d392f2965ff7c	174
c1d7278ae31d074395f76a3c2e4c4a02	174
f0830d5cfb2c874fd35edee717850231	174
f1bb981b5f0a30815a870edcaf22597b	174
169724372b9b6139f0a4c17b3988a5f0	174
28b9da982537bf59c828c5d54bfcfeb7	174
3a0aa3aea71cd1f441f8fda1f2ab4972	174
ca759da8c6013aa3bd96d96fb1756f5c	174
7ac6881771813ba81eb043bed5a11f28	174
7ed24f913c8fab72fbe3b93d243a7fb6	174
914d106189bb5d2d622baeba26a15dc9	172
8a1ae23b96374c499b9874bd140e03e2	172
85e0de36d107b124b6a0c21eb4632c17	172
2988b3d6723e1c170e430ac1b49dd8d7	172
4c7587ce890058c693414a603ce4b27f	172
4f80c124b85624414195a6e8d159a7f4	172
48ee7186f2888de18fa1b3079a478c39	170
2dd8cbf2b62b4967d1f0801892038f36	172
7ec48ee667710055743a8e875fa205ab	172
f1557c00f0b8a796f34e1ec29d6a6468	172
b669654849ffb8e57bb77e5fa1f1aa10	172
844b84f445e5a227d73ca3707709d84a	172
5c4397e164bd7ae07ae63bc81232ef50	170
90a1e84326812d5f0939276e6f518efe	170
c757c57fedcf8ba9a774d4681bad0d8a	170
3862605675eef54de313df8dcfbe894b	170
6238717a1e40451b521a9f7aa5c4a3f4	170
2a0f84c16efcad2e36daf178232d9310	172
cbf1d945a3471353f0fe5057371c2a69	172
3e198b6cca492778da78c11eccc4bc87	172
18c6593266f007d8517b07c92ddab10e	172
592e1bdef47e8474a1896ed81cb3872d	172
cabe4954ad875055f71ed75ff148b5e5	172
712c8b889eb1b55d109223222a0c6d3f	172
1b752b09e1f76a0849e8339863e84baf	172
8567be45491092ba76fa46f73299a7ba	172
9db82c74ea2a0234fc5542d6675196ae	193
f3039e0b6b0125bd552d18738d4bc2e5	172
a680d9b02b38ae0722be82fdf4a06d0a	172
bb49106240f49b74bbae4ac657f49d09	172
5b8c04d96584078bdf1227e8e06aed25	172
21b9002d6abdab0346ec8953a0bc44c6	172
a32e18f3a2e2f88b47d82bc5f45d0aa7	172
a3d077e7459c0a7080f3ef6ece35599e	172
a481900e1608cc71ea2fd40945f5d1c0	172
e972198e95d67159944fc13041e7f285	172
9dd9c8e7b5b9518b48833880ff80743c	172
8d5c1b917d955428fd2bb23141b9744e	172
77fdd6dfad350a440f9c8b417928a54d	172
03d401b0ae240679fc041c0a1080fbd5	172
f69b84fca4453d11a98279bc0573eeeb	172
d892b707fc2616e7f92b0775f6e5075c	172
4d7c8976e411bd47491f8680e3ce2267	172
035c4e89e391e8a39f7b1bb1798bfca6	172
857de6b1dabdc03ae71707221e1c9cc2	172
27814f1ee172590ca06b6e31bd83f4ce	196
5f8b17298030adfa76c3912f13283290	193
5bfef30d3400dc32671a6cc929877f67	172
15e1689feb473ac618be307f2ddb2800	172
7995c549d0c0da0ecc7a686b082bdf31	172
34bb450031db5b33dcb3f6f7d92beec1	172
d1a73d9b35168e52112f7d6a6b54fcbd	172
19f55b9b4e0fc4db499b7fe0138c36a9	172
00260f732981b4453ef2e5777bdb8d08	172
137ac671dc8a52ed566ffa3645de2238	172
f661abc4d5f85be59d82365fe1275db0	172
da2b4512944c422e439d9e6af9102759	172
30d97215c19417a35754b3028dce09d1	172
1d13915c26289791da918a758b84b32e	172
c1191e9a2742fbb54d862d105495a8ff	172
06ccff092e8967e23d759974735a8745	172
3123e7de3a45c74f18063c0da0ec159d	172
0d6bf7525c7e3893ac54aba3a5fdd4af	172
208521c5d45ad9d94713f18759788bf0	172
b4b786d635423c666b13894203d48722	172
fa5e64d61532229700fa231c5b7e27b8	172
d7ef9f74ed835532a4476fce5f7d0b1d	172
eaf082ccbc2973ce117a7d7175d5248a	172
e57a72a53eca6acacfca135c938fed25	172
1590a434f7340f9b0f860397e31fb51d	172
b375e35f38f9158ad5de2f439912f879	172
76f7ad08360fc82a6cb1c07703322dcf	172
bc4c9ede00847a9b84e003aee62c06b8	172
dcad83f99320cc780bb7816ebbb1251b	172
7800c0d77f4af7642eff85d0af88006d	172
78c739b55ea433e8be52f7fb26817878	172
9bc9fd3beb98cbace4d593c13e719a00	172
356ccdd2347a2bb14599d50bcbba708e	172
3cbfb92d99010ec5090963858c05f975	172
3f46195cadd55ecf47242e30b2df2883	172
3d3134c487f770d99d8388d7d9e21f01	172
6f3bb65dc37e23987bffdf9aed01e18a	172
2040d62b7e3bc9819846da645c8bf37c	172
ca5c336e9f998074ef813e4bafbf8d53	172
ea73d89152a1651b1ab2afc626854e65	172
dcd0a0f2353aeac281a9f9b710560073	172
991078ccd214fa3f41b864531d0c52e1	172
a880a18f98ba4f0390e94f46f1ae75c2	172
507f81f7e4e5f221bdf0697264d21f88	172
e448ac59b1c18de5248a9e95bff9c1e2	172
4c86306686f6f1ea074d25cc488389bf	172
faf9b90f589e1c1c4d30b52f1fca0495	172
45f514d8e7972e0ab4c5a83579a27112	172
ffc7ab71820aad23aef3c4e8aa45bfa9	172
436d6d842071d1295141b2204380cfdb	172
8e310d9aa009599c3d5f8e83710809f9	172
d972f6bf7b9553cf98b4ede34ec6869d	172
65583157e5110d23d518294f363432de	172
88fecaba968d4fcc0eee2f793843088f	172
03ee4dc758a8bc8005f5f715de95a7d7	172
f12787a66db9453baf785a3147df42c4	172
15732a8baf93874e6713e142761cff38	172
af28516513c05b70fe86de0524ff905f	172
022f0490ca09c99ad386f0c261f2193e	172
c0ddff7ad38df1e1c6ff1bb56c752d62	172
8f6598f941e30712755ca639133d7943	172
70abfc429945c632fba778ce94ca035a	172
965aac6d0ac5646a21c8555740b8e7bc	172
eb047292b778555e9e9b68759355c12e	172
c55c5efd345284359cb047f331610cb1	172
ec050af86aa08978d1192829ad0d1d97	196
aacbbbeb7aa8fa5ff72f2290c6ea3529	172
8db7b91083c0129b62ad55759f641f41	172
fb63e96ff0f1e140480657aad345f364	172
5d843af742e3e7d75de83ea984acee15	172
7d849511e51e6c2fbf1430aa43803aef	172
945cb70b5e9fc95b76271d176eb17090	172
790e032b27e816730af3bf5304613dee	172
5691b03333ca16e2cd7c6920131a0b25	172
6bfd77b443b4a8c04459a65f2dbf22b3	172
a98c2faea083225d6268f303c1325950	172
b9aea35cd438d73bfcd975ac181e68f7	172
92429fb81fee8fec88d1e67739b78ac5	172
798a0c272460964f0be4e9dc9a62cf4d	172
c904a44ac12e03a1c5c8400088f34dcb	172
be179f9a48f3a298bb85f72ac26c0690	172
d3d5ceb28e9359f0767647e7b8a2e05c	172
6ba02a4544a4964e50631741a9836049	172
d923b34c1c4827acfbd4671d1904c4a0	172
63470f75327c85bf1c885dc1dc1eb835	172
378537a7b85b26bb1bc7bf79c2d91750	172
a7e4df086da085b3d753cef038b6915d	172
5b17594a136255a8ca2c1847265b3a8b	172
8095b6cb98aabeb98d3d036a9433bb8e	172
77d679dfd12d75272df9f98253a5d38f	172
a940f2bfd47e7950e40ba62ca4eb5f3e	172
cb8e7fe2f0e0d43058064400e8be94ac	172
469d188bcf299a5f100e2250ba9c1dde	172
1619d0fb7505bf1eef9918b5221299b5	172
70972daa44441dd7522d45f27c9e9c60	172
9d73a5f83b5f9a68deb091ea4d7b472e	172
fb8db4e143da1b44fa994b88d541b02e	172
c9d62ad9abaa32453b8413c4dcbdd638	172
362b1ec9d8e8c6cdc742ed4aa48dfa88	172
0052dc22000c9fe65f8d452e2f35a1b8	172
2dd552232eac6c4d6ee27c96752887f6	172
d4d417ba45521fd2475fe84d8b8b33ed	172
6f95d7a77f7d1870bf11c0afd28f867e	172
6ad5cf78a71e61972ef27f74ad913c22	172
8fabd3182cdd2fb097ccdc18a3349625	172
3a01d0ac2a75fe415585acc395c78df3	172
20527909efd9ed42b193c1e172d0ffd0	172
e03a5c401120f8a6328b23d643920a47	172
abc67dceb24fa14681de479e628f8620	172
a493ecb3ee7d14b30012b99764b3a0ee	172
d1cf418062aa9c55f9931ba14b5d4e3b	172
9829b7fca402192450397662db999b81	172
93ff780dbb3541b9b2e7102992171ed4	172
27d1c5ff8f0155a939e175daf2ddb2e2	172
0c9e37b1701e48327c97920c59decf9a	172
99b5b2587723a3d9fbdbf288690299af	172
eb514a36540453eb078b51ae5d53a850	172
573057b5afe4397737e7ff7b102f2363	172
4c20ff33fe183636050f550fef70d3fb	172
20194487bc39af79d774f1f540e854ee	172
c77e500f3b753e6b3b15b1d0ef9bbcc0	172
41806082f65fc88e248d0e0047af2094	172
91a3b918698c20ce41490857e6ca08b8	172
e7283ecfc1c1c033d332f432df08860d	172
29048dcb919569fa70f74310d325502c	172
cd36d77e9d122884b6eb2533f0d33952	172
79bafda62ab3435347c61aed5509f488	172
a9bf9c64cec7556225c7ad99e76b08d8	172
1b232225d4e6288b574edc3b61ca79c6	172
d361ba5536de55bc7cc6af048f532f95	172
aa4f8c674c155b8443463f119d5c2608	172
52417f0fc92f31d12d47feb2e9f6fa37	172
d1cf6bb734089f1624ff407be1be5c10	172
c2ddd05f9c9cd0ee3086b69746b47de4	172
a802c3dcb8e719efeb0e200396732145	172
a2682f51ecae92e570e55270b6d10368	172
9780fe79aa53af2374723a05bd1ebc03	172
4b984d66e362da9a54b48fdfc36238f1	172
7889af8ea258403e93433d4f37b3ff3e	172
fc4ec0de25251f5b438331d725c9cf50	172
230596770cd1a220548c4414c273c586	172
3516bde34bc5e2c77e02071da6ef1c30	172
287b68d7474c21022cef25da90e538c1	172
f208f848bd4c8e07aaaa18c790cffa2c	172
479e3128ed25ed9bd737bdf39bcd5c47	172
dc266e427a52ed0b05afb38a827d98ca	172
75ed94cf93dfa7602b234da1849cf088	172
97e1045f6105c73043f2dcd870e3dac2	172
6980c56dc3a3fe7df5c8b5c2e183a14b	172
8e5376079453a6bbbf5a3264f3d8a8e2	172
ae23d5440743ae8793e03150ebe77471	172
940f406187591e223a955aa55ad190c9	172
09665451557427dd634e9109efd1fcc0	196
0042ee14d9c27c8afe636c66aeb95d86	172
95ed22e2cf5afc314d1c118ddbe19e00	172
84df94c59f1140939f71a73df8467c8c	172
c93e8512b8dd06db3903af2ded1f2e0a	172
c3792af6f952632d4b22a6553c8695dc	172
5ebb75ba2fab2f142c148e9d26521186	172
a2fa11c89d970b2ad5adac6b086b0115	172
9db06cf2c2d618c4a40a4da9f3e767c0	172
bb78d918102dbc7d427dcb62c80c3f4f	172
3cc6800ffcadfcb9a249e2eca6806fe9	172
4d675df0bd6259c4cbc1c77ffdaa8b30	172
ebcf59e724e7ec1a1052f714ff2959af	172
6cd5dfb334ceefc41be17328d06dad99	172
8d330702547a6650c59edd3c3320e4f6	172
a6086b6374a1365539a121ce8978d203	172
631feb2da9760da95f200bc3a2927594	172
78a388d773c9c8472c33c4f82eb9d45c	172
37c94f5ef95308965672d55bc58d36dc	172
5f88dc23b6fff6f8ec30ac1e61a2716a	172
d77dcf293809b4f5b1af1bdeb5c2025b	172
d48de053832de03dcbf016814dc88cab	196
235f5c2d58a75cd0cbeb31fd13b823b9	172
bdf1f365e793def6079fb79ac6eb563e	172
6d63da270e6a120036444c924e2ac823	172
ab2ab31d482af34cdc74b7b0f89bce75	172
0700b799b6a3081958a490440cb758df	172
b42aa169368c31b588c0d5686d02e486	172
d8ed54ce0e1779bb5d667dfa97f42fcf	172
a5dcf87298c24e18279776abacbc3f57	172
c78693339a299c66370c46ee932d1bea	172
8e60f1394203abd8136c72b1f442223b	172
8a589f104d5e48149af301a9b47f8d59	172
e61f2797f01568e2adb63a3a19cb5e0f	172
c70d67e8b73a297cd4db1524e71835c6	172
1fcccd9a1e4e194f55d76e8a7f8d1f94	172
d2ed8be2292cabc680e3b761a4021191	172
1bda4eb49628ffd2d46785d702c3d50c	172
45fdfd1df4673e42baae14a5af651c8f	172
3bdbc2331811369b8dc344137750ee38	172
d133f3c2d6f93178a0f142135e05c816	172
81c7871d3d1b4cd793eecdaaff3e926c	172
b4514ce235bcdb42030623135b47c21b	172
6696af16d9135a9b00ca4c40f603c3ed	172
c8ad8eab6383bac5dd3eafd6176bfd9b	172
3eafbb75d6ed0508338e5bd2f034cad4	172
20cfc24dda70a493dacdd3c8449e73fd	172
c7079c4eb14d8b3107e85956d8cd778f	172
2c67b7abad8f348510c12c5bb43c4f57	172
4459102a9b764df65b6fcddbe7b0c27e	172
ba6fafd48d8e9fc9db5f623ceb265585	172
d80cda0224b87890bdabacc61f6c8968	172
7aea5a317388f9a27d2bd95561c7af50	172
334ad92ea7951167b2e596e3870cdb7e	172
35cef6b3a716191eaf53bc453aa086d1	172
d79172897c66ae1990884fa72252eb61	172
1289ab30d2c75391477359367800177c	172
821b181f22162baa0d4bb876a11edba8	172
1a53c2851403bcb3a585ceee8deea5dc	172
997d69c1867913b79ae94bf20b490a79	172
cfeded506a04614eb63c3d717307c7eb	172
e297a72f543df72f7e9d6321adccc3b2	172
d9f49a66183a73d34a4fb4652c56a62e	172
9231a299339da596afe6d08274bdd581	172
2368b55cc409c7ae72bd33c5ae963261	172
7f26ac04e6934e2ab2cab8b4c7fc4fc4	172
2577d098d4cb2d42776c9ecf318f38c2	172
7663d7bf09b752f4456d5d6ec4efc3c3	172
ba152dd3bd59b55609a5557f84297143	172
1eb89b8c5750a4e03b759bb5f037ee68	172
cad3e8c215f8c48c5bf4915f7def54f3	173
10c39dbdfbe5d18b478178d8eaa35ecd	173
0d416f988110409f703720e4e5d87385	172
94c97e484d725db885d8fe26a7bf48ae	172
6957820465a98b8609d7af209a334804	172
eb9fff1336f2c8f3730d39393763e1ec	172
0290291a1003a063c864e83dc31f4deb	172
39f1b3f8ab897925ad89c709f943e893	172
5147b7cadb3ad3f36e803caf48c8b670	172
92bca675106c6418c7a290f331b9db36	172
bed1a89a34f6f4cb8de266ee4e51fe26	172
400cb2d72dc53faf8cd460441a101908	172
1716555bb1b20170fc0bce51f5d2463f	172
394cd6efe7050714b79db4f989f34fd7	196
c3cf26c8fffaeeb418eecf7ba7521c3d	196
652a4b6b44916ea5ea8833944fd78f27	172
c64d7fd3b60dacccbd44b95633f985e4	172
963a0a416ef377f503f286be53a73663	172
ab380a0c9d7737248987beb9f32c5f18	172
3aee67df1086d25c2c160d2ba9428b88	172
7f0b93b488fe61fc66d877d38c9d7335	172
3135d3cc6a41fcd2ca24058e5d6a771b	172
4f391fff6f8aa37d4f30106c56cd3575	172
42357c320a6958bf104a5bd53607d659	172
3ca5ddb90df33d3dad820c16dec2b324	172
e5127f0552d4c446e2f7e3619c0a8b0b	172
81065b6e0c58255fe7cf849c62d15eff	172
db481b852940c4b7d47213902eae2021	172
11e0b92c78709c4fb6944922cf30b9c6	172
c2fde1f9bdaf35f21ee680b01296a780	173
b610c866df69aa90aa58fb9998e2b1b8	173
a43e523b196f9af04af5018bf6434f50	173
c2da5a2075788955221b50eaf872222e	172
d70b0b43eed6540dcb5d3972500c2326	172
783ea946434c9e81170df22d3a690d4b	172
9e8d9fc3682ce2925536ec8564519215	172
9e5c2f6c905100079c10f803bb9a9f7e	172
eeb61c587658ce28edf43c41f464abff	172
5619750a77da065258b12ceee9191cb8	173
e6c16afcaa150a16f39b74d55b3913c2	172
a6fca1f7c9cc0841196f6c90c1eae995	172
652bb389da0ec1b5f1fa2afba515b2f6	143
afb08a5dcaf0d650b7946d77b7ae1650	172
d0587f348f1616fdabfe7fa00ae8da5a	172
ec970a8669deaef775fc3eae7f1229cc	172
1486177e60ffc30621b279bcc4fa21bc	172
1c1e01d3e37186501961524644560621	172
9cd26f081162331d3ab9d414768828f4	172
c53f1d674035150604419e0b6eb03979	172
d62ea852317333700d57eb3f3624dac9	172
7c6b74fe17509145434bb50c1d65c305	172
cb2a1640070cea8ecfc5af2209b4b6dd	172
d64a1187252310a4d56f73766808a80a	170
802bda38d56a79d2cfe88bc5c2b4a83e	172
9aeab696db8b96bfe739368aaa1a95a7	172
644d8bfc0dbe3da646f7ab5f09baec81	172
65995010dd79f534b8518022c53c43b3	172
e4853257d6b04ea63e2c5f733bba6bca	169
aba28893ccae3c94b4ca959fc3a2ada6	172
325052ec2d0bc45c3eba130efec4d260	172
82bc091aeb45a1deb6099108fc5a7534	172
8198d286b48d81efa84eeac643233d04	172
f4bebd41a85aadf106829be7c9969aa6	172
93b0d36246ad9e61add464f6263cb7cf	172
963f8166df35bb35b3579e271e6602d1	172
0a92ccf9cacb9376a23d00ab7ed1d21c	172
ea3d74c03a04851350e5413bae2c56e1	172
0bb27b4142fdeab299a62b2a4314aa1b	170
f24653031880adb02e7236cd2c912391	173
d2af3dc27e5dc5aad3a8ce1daa0d5a84	175
1173d121869a583d772d3aa1403fa87d	169
9f6a7ee8286dee3a93e2585e62a660ba	168
f1e25e0bbe555b3ff1669b9b8d744d42	169
171429134c5a452b78365c794454c8e9	171
3791e439506be53d7799a8a4e3616f8c	169
beef7e1c6ccbee7d463204ecf3025664	169
6e403ef6d3313ddf9f117a53486949d9	171
792de702666bc3f6b87897eabb7c2e82	171
fdbab375ef4919c41356084d16f95a16	170
306cba9c957effaeece79f871b6ac05d	171
5740eaced1fb88c238ed0bd2546dc19e	167
8d9b1a98d2e8631b4c7e4c6b28e1b860	167
be30ebd0a825240ec24ff73514a29971	167
c2d355a4f2c573bfaba3108b05364732	167
89f29763d30ce03f94e93e8203a04376	167
874d1423c2b98be1e99cdbe303466b86	165
9ac73339216d97b3c8e2ebc974fb1ad7	165
aa58ade791ad672f85c4dc41d8de4dc6	171
9c3ac5dbcecd487498a5b85d60d071cf	171
1413e8ba787000ef3edca41562e7c379	171
41acf5f8047cc8d3ae775dd2abe90703	169
c6ea711668d93ce16e3704bb1dd73e18	169
f51860d18e1262f11c9971221d4f0e08	169
36727e8ef6e0c6d4d5f48af16455ae29	169
ae924e44893567b7c396ee9dcb62324b	169
8bf6b8670c8a52efa942b3f31ea6981d	169
0145ed13e637b22eeb92653878fbde3b	169
c964d8a0d1ec704dd3f2a43201432b4e	169
7664dd299d0c948fe286b5965ac488bc	169
a3f6f46b5338a416d15cd9d23c3e6a2d	169
a6f617c75de6088cccbd6575d66e980e	169
71dc752372f3ec5cc7484f8e77157515	169
90c697f149c8a071b61ee455ecae9a6e	169
d39bd79c2b774597dde612dc101ace3c	169
ade55a4544f282b56d2f80b59f95bb60	169
d07ace168eae890e6e08ca4f695e7643	169
39cee7a993fdaa68ee1cc4680d2eef7d	169
a4eb05181d6815f7673b911c011512b0	169
7b89fc62ba675fcbe748d6e1786fd64c	169
9bc247d2fec75a061656422555b741a3	169
e41b78c48bcc26c6ccf701a1ea106db0	169
2552c2bea52e746ea75a40d8c9f20b19	169
c3be8598e7b80f6a68e50812a81b1c3c	192
61001b6002e462c78768c63aa84e8ed8	169
81003e0a5cba15e93e3a68a4b16dd60e	169
fdbbeb6b67e8367080518279c859f734	169
6d14fae90fad7f40a2baed8d28c2bba9	169
c17f35c3f4d0d6553f9d1d6e96ec13e5	169
0281e03d4839f91444e8d66c5046a5a1	169
1cb083a9bd6c438472d75a27d5ac732d	169
8ddfea176fa9fa1f09da3db8ff96b872	169
b380223ae6e2f6a5e338b01eb86caf12	169
fcafd5c9dba45f03767e0281b18d824d	169
32e21dae0b3586cce7d26c62e407122c	169
02eba5972d413dec200b95626744234b	169
f7bc01bba9545cd5b13438e60f8b08e8	169
53cfe7d32aaf3b73d7573ac76eefcaf5	169
69c409a334cce084a73c6cd4b15a78a7	169
3bb07dbee0dc17043b9d70ab598b7c66	169
e7ee9783697bef84252c901d7c51f46b	169
4a3ce65711a66098dc181d718775b6cb	169
d334134f3daba343299cb5ef5eb5eb23	169
8edc0bf411b97ad17fa11b21345034a1	169
85b4069b20c8e2fc71eee05d7ba30b97	169
211185f9cbead35fdc3615dce8f0a9db	169
5c97b81b7b6d95f3f3b2539ea762002e	169
8be402201d54dbaabba54c07a74ee5f2	169
c2ee71397f55d9b587f5c68768538d44	169
e09f36e8a8500c544ba4e69ef2a3a244	169
369b04e928e9632cbd12e6c047c4051c	169
b4fa2a9ca5fcc42dc80a6c97a4bdcbec	169
7fbd07737d3a0ce039eb3f0adf724906	169
3bbe4ba95cc42c7bccb5a9aaeb185877	169
896df0351ac3e5144da6e12938af0b52	169
21a42b5e99ce62f5fd7f86379ed8138f	169
cf7679dc2d48b8ce9139b1c1cd3436f6	169
4d6b833cad0730e7614af5a879688718	169
3f61e790a7b26823da6a82fca1a9528c	169
917bbf54d56631280f7f8d0eed95bddc	169
2e003d6460f07eccde5f105af3db8b4d	169
0d98cfb270d0cca3bbb38e45de05f8b8	169
33acbe8c9de49609da694d2eac85dcc9	169
5ef070121b4b15023162f2a7b8d4b842	169
1082ed6e905f9822aa2c965a5219dd59	169
a08901785f35c2eb8ef8fc5597214b76	169
0485d0f89ff953e87659df52c18e05b2	169
90b8c33a1bc0f546d54a44c83a1f41fb	169
38cbd1cb3052a938512929dddce424f6	193
cdd907a1294cd5feecc8302ace1edb39	192
fc9e1bfbd405f7701625fc12aef5c329	169
579f883e7d6871ab75029fdb48557014	169
5e6d0ef42692e522371faa8a27c2b071	169
dcacceceee849fac618c5093596f59ea	169
503c2a3e1837550333aff6d8212ca070	169
6a1c96e60b82cf0c063e7d8af7f93fde	169
d1f16eaabaf9f865bfa639b283ac017d	169
8b0981dd3d96e68e2a76ca43b46adf6f	169
474cfeeba7c965bee967bde750858e79	169
ef14d3dd054afcd6ac6cb4fae4e92c70	169
b3af8ae51dfb0c485a59ed85fb01d496	169
57a6a9fae510f0e5d2914b25f0e5b232	169
530dbc75b2493657c181d4e55dfe94b5	169
d5578a33915992a499a75b3ea9948c67	169
e2c10d6104fdadb1f7333f488081851b	169
e8210fbc95fa9a288b103d60de2ada66	169
6f8e960941ee7ca75610ebc89a1979dd	169
c34b58d9baf176230ccb484727e27ed1	169
f382320902eba598f14f5b85c9c372be	169
48bb89dde1515cb8f46f8d82b01ed134	169
4f916910c60066717cf6dae6711aea82	169
4197aa6847f424f70f7cff033bc49fd9	169
7d9a1cfc82185ab37ab105805e81aafa	169
5eca89db9b1012f6da0bc61b94719cd7	169
5bb5a18dea8034dcd4044117acb46249	169
9b9bb613cabd3ebacd0c4cfb2fbd2d14	169
3c370f3688b0e14ddc12bea5487b3d9f	169
c0e70b481d807dfdffcaccc6b8d4b93e	169
36dd4de63671b85732268203668bf6c9	169
b4665a96c14632175307d6caa0e64e2b	169
1decab61f6a79659e6f42d21605de316	169
393312e962b8fadccaa3923383cbdbb3	169
8a5fed7d7d45e802b205f968b1352c15	169
61d7f4d5c4ed629b2554c639c13cfbc9	169
229f7c54b535f4ff5dff8e468de0efc5	169
1f86d2a1074e715462732c26f547df80	169
5dbe995bfce1f5f23c41d10c01e14680	169
36ff959fbb0bcc1ab193f3b2703fbafb	169
9ed1b3939a469d5af3650957573f8ddb	169
298a225ea3b11bc632fcfddb29ac5508	169
17678470b7331e38be8ade720dcf79a2	169
990e681a16094082ef8ffc02a5b3747a	169
d31c714004d8d94158130b3eea9769e7	169
547ef1ff8ef1b27f8daff00b2a616062	169
f08e1bf4112b56de359b4ac5b06c4835	169
d2c01bad2f6030e7d319e48301bbf65d	169
fe44699efda1c4e49c46f61048a72e8f	170
c44c61ff121393d460ff1b4768f5bdc4	169
6c4118bf5342bbc1fd1d8836fc89841a	169
e866b5d1661608e09cd5b32763cac524	170
8ea4b98376da04c9569f3f9682738c5e	170
506d0c448a425a1c3fb6c0c3e53ee2e0	169
bba100faf3be2898f4a2bd557b05c399	169
d0c372405b01b5f68959ddafc104d9ad	169
f424f3fb23c219bef2fb5544e21ee0a9	169
8445ab351dfef1214523cfcad093fecf	169
6e6138362a5ed1be67f22c6584b64dee	169
5d68df36b6aa10f8bd6212bea979f6ff	169
18ebac04ab0ddf4a3176de042e8a9861	193
f6299d7f79303ed9b5c1aa2c0da9c3fe	169
866cdc4a3d7d926ebc8798e9bcab051a	169
33c52fc1ada342bc9ee1bbb18dcc1c00	169
d307c575136b6c7d8736d9a7e5937fe4	169
bba084dee432f3e2df50ff7d88747f16	192
46249c512aa0b195a113d021d2983a66	169
fd8fa49d2533f979038bae8600f09104	169
5f6a1ff4d0c185a7c85fe60f28a6bb37	169
9d8ecdb82cb30d5f764c8d045ce6417c	171
fd9893c1dca2c5dc2b7cd9745d9cd24f	169
f6a270f4205d58d4f9a3a3a5cf681c81	171
087cd28e2a03fa5f3e90daa8b19d78b9	171
86ecd1c0c48614e9357fd9138ef33088	171
0fa0c20e8050a48006d2cfe2f436960e	170
871d1f7ef5a4e35d67b26515d874f871	170
8979225410590f528793a468d32c0ddb	171
ec07202807a61833f75845bbfefb29b7	170
c412ad443d801e0840a667dbc30c6bae	171
bcde71852b6c146fa9e53397165d8c08	171
776a9c257279811970969c903fa548bd	170
55bcbf28d0972f40ba9b273a0e1ebe28	171
51a65533624f8070518d42c979d909e3	171
44c6e7db61d19403593c16181ecdb0ef	171
03c9eb71696a3f5e76f65ca27d3d6edd	171
89b56d49635d8cb63a5e65925283b303	171
2e243d4a91281daa83c48798d2f66ce9	170
15fb9e78738f1b58b50c503536cb3d80	171
3c9a090b08ef4c454a449c466fe9944a	171
087538a12d69be5dbc268ef7e965377d	170
bfc1434d1b726a772d0a2ac8d5ed2209	170
a8111553cb4a0b8b481cecfe01b13f82	170
7afa500f3eb7105fae229aef70f85e4c	170
a2ff9a77f1ef31eb7d02a05d4928f793	170
697a3396e74908c9f440b8b11c860f47	170
9d686856705efe66e304ad986217277a	170
2cc28e8b340fe80207bcdf9f35b7a409	170
61a31152ff4ab7f14f509d56bb0656fb	170
20cb39dad3515caec6b66889e9a0ed61	170
09388a8143f972267d39cccc2b704bdc	171
27592e326eefb289e4a897e5795f76b4	171
79ae3468ef2e952f94ce0b8dc80d41c8	171
831ea43f83e60500fb295b3f683a44f6	171
43d6fa5f35e2f5f4c14ab6df7218d71e	171
30dac8ca90514199f497c21cc8295bdc	171
222f768392af190d2f351dd5aca6df25	171
b335a4a88a387a466fc1cb874860691e	171
e3cb569d3efe13a5937ec7f2f527244f	171
24d5ce61909767774d52979b888cb76a	171
c61558e22a8759009c5f31d4738e44fc	171
bd62d2a74c82f34ffa3f6af9605d0651	171
a2f159783fbda56d8ec873a442726c85	171
302dff552c3279e348cac2f125a15460	171
f695e46cd38bddbfdd1f67eebf860dfd	171
43935d89e3b32528491c39ab5a34432c	171
42e03b10d74c219662a5f3beabac0ff2	171
5e0a963d613991387eb8edc15038d41f	171
b39b981de89fffcdcac3fb77f9b6b9a1	171
69ed1ab4b4f75d69d686168ee08fb618	171
bb682884deb4704474edac7512c44d58	171
d484cf7fe3ce0ab866b9a4ad1c721197	171
64eebda89172111eeb44d942a0622a9a	171
20f847aa6dc0880419ff7648a9036ffc	171
fec53b5f07d6087c8aff589a5427c154	171
ce176f4b16c2d10fc29f11353f27a91e	171
788fa591dc4220e4c77c67f0b04ed172	171
a91eecb4ea3b3565fdf739ecad01b733	171
2c4c4cb938987a6880e8975198de429b	171
17e1eed84ee3554fce8cf72d2110e40e	195
79982d35140c7b4d990b18c699c47a36	194
a3d419af3cfce75e2771f9d247c2c8d5	194
57da976e349ee626a81b7a4dc1bbf1ee	195
7a97a6bb2f1711fcbdb7006dfa2ea002	194
de3ed300524b11d3a589c7fbeb4a223c	171
c30f6e718960d8ca099b474a1f2461b7	171
a1a85bf1995409633fb2a75269f538ab	171
6b086ea0e29f769007b52ff6a2fd09e6	171
1f85e3a29dade58a7e6488fbe4bc01ae	171
018ca253821efc8890dc35a8b32b7c58	171
d3cab18fa6ee4f842fdeacde3e1e4af6	171
c67c00741e847d50295404c202b0b5c7	171
4937a08f3b2abaa04eb06deae79b214b	171
d82d1609df781a8c62c00da2d894df00	171
425f9b3e9e669babdd6f2f3067d70ef7	171
2823811a4dbfa06fb0b97015693f1fbf	171
6cf087358cccb10bdbd5e192bc7379b5	171
e31b709e0cc5607e6cb0e94f32884c2a	171
bfe159c29570233840065daba035a256	171
7caa5e1416099bbffbc36afa1e0524e2	171
2eaaa22ca07945ad06f08342304f4e1b	171
67ead854bb2dc584812d50986194139f	171
4ec72cfca78283aad9931cabab4c4a69	171
465676843f50a2e1a386849aa08ad1cc	171
90a6b32514282457f174a4696fcf77a2	171
a218ad96ed9607ce9d29d0300c902fab	171
d877500e517a6f666e967d1c0ee62683	171
a6ad239366b146fb0f42112fe7601df6	171
afef5a09ad58d27afaa22215f827ea51	171
278a22c3fa5a9bdffcb08cc2aeedcd32	171
935e36dae641d6b1bf3c32dbec6d857d	171
8dc60ece5c1df6b58bed348ea7d57b58	171
80304cf7a22332d09b15e54393ebad34	171
f8cebe2e5f28741044928a145ceab80c	171
245d718ba8707171bf68094a3fa97c23	171
2f19e8024046c25323169bf5ffac1eaf	171
9419584930e73678ff9a1438158eb748	171
84b8f20d2c6dca4b09612181662a45d2	171
1810f79c445195d57d996161053e956b	171
97336348c70add2730a0dd59709dcce8	171
74d637598abfd63d6e9967f430077bb1	171
26e11e9462bd22ff586cb4d83703cff9	171
2ad1b4c4490771a0a8c573899a8c4c72	171
372504b68656bb1fb41abf9bee9f3252	171
2cb6c7c9aff346959531e8e8040b434c	171
e4bedab631d9a3cb7f2d597d794a0d36	171
b66330074621a1d7cf6d86b562190375	171
259b7407b2b2f35f34ec2076355d4532	171
ceb6f5738d69bbadb98308fffd11c22a	171
8a2d671f7390cbbc2fa7a434cc1434ab	171
f778df539d9528e59f1b4c59edf27f31	171
d55d9ca30e8957a6721e962d2959bbf5	170
1c9c51f8932ffba6ad6ac006ef8b8471	170
b4dffec9d522f47346ec9c8674adbe04	170
3ab6983b67ff55a9fd112a5d7d66938b	170
4e04863a0b9a50e493d825f6f54f199d	170
17168064dafe24a6d2141dc01ff3ee15	170
2806773591631790446bc8371b8401b6	170
1b351a65f70e54caf888959f139058ce	170
3adffa038fcf82ac2f5233139915230b	170
1b529beecb321626b7d0d6ec5b9a59d4	170
5ae815f1ab89125c0405768fdd575949	170
172d9960d852c1ef0310b32afed403fd	170
3e43ab2e35f8dcf52ef9c40041ff61cb	170
87722e0b263833d541160e6caa81064f	193
7271dabd83cd25e11ccd8a6c41da3cd3	170
44901595a91e6f17f1f8077d2a915384	170
fe7ecc175ab8072cc96cf3dfa4ce2646	170
c6c0b65f1d7874d7384b100eceedfb6b	170
e6edab26e6f5d5aaae774f1800a587f2	170
905fbc81e8b883625a807f32a73a7b06	170
78c0eb39fe1dfdcfd7ccd399c6623c57	170
371159fc4c88695f8afa824bd61fbb92	170
a4ce71e34801975e22a1abdc9a898227	170
cbf0eaef5fad8b226a3bd269a00d36ea	170
e936197ce91f00d6ba029df150c9a3a9	170
b5cd8af50d568ee25aa519b8c3cc7fcc	170
062a23c2b0fa059f2c7ef5a6a5cfdc2b	170
d516d2ad58a1563913dabfa39ac16eb5	170
a9d6d1cf584fb981d0f54c8f73f78be8	170
01e8d42bbf9c86c9f3b6bb79dc1e7a1d	170
ec0379184a0fe161fbe4dc3cd98e822c	170
2e510ff9c606a0be91c6bac8fd9ee9e8	170
bf197d653aba25f3fd83f2591449a549	170
21674a4a35bc355fddd3a0496373e887	170
f2a71db21f7ecbee0bde61c074fad995	170
fdfdd0c5097a5ca26a82c5b115c212ae	170
9598e89db6ba56b4ecbea6d2954cd2af	170
fd13493a5600ae615c1f4fc8ac2314fa	193
70bbcd976ad0c7fbef4d73984db28a22	170
24f3e7284eaa258fd340b32df4937595	194
bd533534461d82c8c39768ca027fc2e1	170
b788ed4205861dfbe732bceee5d222aa	170
06af00650ffafdb8960bd9efdc9cb6ec	194
709f8141a34657c81e6fec64e8a8df24	194
116178ec28bac12c62cc56b7bc008f58	194
ff850fad659ef659c8b57c67f14e509b	170
cf2a5a3d143eaf236c03b562c97b0a09	170
e2f366e4a6da81c43f43907150c51875	170
b62a5aa869df88e64356f18b361feaaf	170
e7d5c74426d69f2b105f8c012c6cd421	170
2b42460ddb907688d38b0a4a40a4f7b3	170
bda784f003ab2b9cd8c13873fe26642d	170
50c9b3773dfab794e884b2d335c60526	170
6bcb52a0c4fd698e95670a7467e81c46	170
6a07f6645309dfc9bd2398792729d6b0	170
89aa8da0564cb28ad722beeae59588b7	170
57f1253ca02aee35374eb54e94579977	170
4f615a50311e039ba6935dbd7fc4ba9d	170
f179a35aad57d2dee1121260938e330f	170
29cc41b12942dae6c5687fbb232d84c1	170
36e9f7ff95a96e60327362c75f8d27ec	170
ba31923883ef1b4bb14ec181af0c9534	170
434bee8ed450bd29d8e0d18acab69d52	170
58ca2cfecb9d07491a14169da1a9681f	170
048763af7ac90eb24624838dfb9a25e2	170
1b568c8435a7ba7a197401343eb3439e	170
6ef07dc5545972bcf9d52a8c5cb5a568	170
f75fe267e5cb281994803a1cc9e9ed73	170
bdf94af9d80d807ff3be589e817bb350	170
39dfaaec95f8558206ac3e8d6e11c437	170
368501920ca9e0aaea0e054b2e77c588	170
34120f7dc091efeaee069bccbb4b1c4e	170
b0cd91dc84320d4fba88901e2c44a2ea	170
968fe0c0c4d5aee6d44441d6ad87c57e	170
0ecb2796146630230d3fe614e2675c2e	170
64ecb140cd1d04f6fed1f6ac223ee4ca	170
38343e17722e33c3a66e248687b23556	170
d618205919b3d8845e1672ca4c628c99	170
c5803239756b9a37dcdde6ee590418ce	170
60acdbe4d99594cc44570378f6242a7d	170
f974f1c9dae88ed4251171f4ae40a4f5	170
d44380bf2177805f0a390e4549709673	170
aea09d5b1dcdfe34d534d2fc85d306e6	170
338ff71280e39b6a82f41faf7bd74793	170
22d0a717b2060637c1db713810ad7dc8	170
15121a614a23b333e41bfee5d57c4947	170
ae9455034d6d91777f44a806a744e3bb	170
90c4df7629aa7f5f7bd1174f835d8244	170
6955c0dff07206bbc3b73057c120a8cf	170
54ce627db44d8e68461d3754793d9c63	170
0076e8c2f9c6629a3b94c15f2fef9c83	170
d8902f52d3c830d0fc2df169f39b23a1	170
ec9fd4d818bfaaee7d2ae59bd5b35481	170
85b28bc2cc15fa122c5f9a3e1cf1dcac	170
75ce8864b9d0ac13dd675c1c4cf1a4af	170
3522c1d36609c65416f9644a67856440	170
a70f93400659833c7bd5d2308483a83f	170
d3379c9b81001c5db3ee9632dd9cce24	170
c477727ffb431364717de518c9017cdb	170
8be7cad38afa9aa2ef22aa4c401a9b4e	170
b4ba590a98f1b1cbe646895975a34872	170
f80c8f859a170bcbd4a69d1df9a28723	170
199e5ca12c72f36bb73b41b33f0cad38	170
4be4b11c413b59a4d7efe6fa7fe305fe	170
3b5377a8504ca1fdcb75059849d0927a	170
58401df55beb69346fa2385a5a8846d4	170
2495c6ed755924f693d773479cde5f06	171
7a41269b4013bccc769799566c12e140	170
bc79385a24623c8f6104f656aa15417a	170
ada36bcf17dcaae711441102542295b0	170
34475262ff8dcace59685e0f2d31a7b3	170
febba21c6c6aa9a002a1c8bc59f0a322	171
6c97dac3838d0fd50eee9b37f0011ccb	170
532e4d894c9abe7cb359a313360bd664	170
fd5cafbafcd4892831b39c371ff2ff22	171
6e7496871c2d5e98e339b3b4f327b86c	171
574442f3309bd6c63b91db876e82eddb	170
47f7c678aeafb0d17e44bf581dbd24e1	170
c3dbf7862e047a6aa0a26768c97591a9	170
784c54a102e88760697d731dfff926ee	170
6036dee99eccd502850ce09406c98aa7	171
478c3c4a22be179f29fd5ccbd42df0a6	170
9d195def7231a73b12fefa294328f186	170
66097aeb0a91c482e9f9ead4a482b389	170
4ce18ffe38d8a9a60ff3d4adc3e9ab07	171
8cf01f7e9236075cfccd2fc7a0e1445b	171
3100bb3d80f0e470e68e39301022a935	171
a58bd42c2079ade5b93d97af22fe15b5	170
9e510340fab6aeab61494a043a567e79	171
f2332ccb68a952abe1803d1a12a9a2be	171
123af8934e79f015e19aca97421fbd90	171
66a8f4a7030aa6bb1484d06147d36e17	170
ca4939511474e4aacafb69e7585f4fda	170
7028a41cb9c6151f6257c03580e7873b	170
c4b74be41abe41e6795332130d2020fb	171
0295c6926bc13514a787bbcba6bb3f1e	170
198d6d3d1634329a1937d894a67ad3a2	169
83ba4193a25d0704e25a931c89764a40	169
f678673166cb8ec2464aee9842e6c4fe	169
eb355afce8470cc3dcdf94f23a151a7a	169
f81de036573ea979b14afe21e2866c06	169
ab0bae70dd12138386491f3944ec7259	169
739613f1061126c2018faf98d28b6452	169
a2b9dc02aa2e48e5aa06e9c1645b07ce	169
c6c45700a9dfdc25d7ee345728d08e1b	169
bf64804f31e5f6f4f7ac1bd513ea1157	169
a8755102f01a0950ae1d191d98ec1bf3	169
45812c9a5d3bbedd0254ded8c85794dd	169
23cbbde390c2b2794e2088bf651711a0	169
644ac7c08e25910559021a0d2e3e8c3b	169
2b714fd2bd15a56166cc9da212f822c5	169
c3b9185b7a572f515942b756ad262e53	169
abe0ea91c5e5f0b3c9faf44fcfc0ca6a	169
7dfec038b716a2f12662ffe74fa19a97	169
bbd4ec601f56d59c2ef04ca8892ffbdc	169
195a25bc0343311905d663d53db32b2b	169
c230f2687f47e333a400666a65d6e16c	169
2cbda415281dff7ba5a76c6c6b80d78e	169
0e11a5679052054a4a1cbe5826b57394	169
39f1c056c90592b1a9c63d6b1ec90b87	169
fedc379856ae7ab3538579dfb4fbd9b0	169
ca919451b9370f1dff1723af6bcfe800	169
d204efcf0eaa972b7c9f15bd606f48c0	169
3dc5fd2f3f9268e58bf5eb2b3dd09de8	169
8302f655c68fa3916c864b4decd0519e	169
12d2f301f51b88dad7f01b1f15b22497	169
09f62592e11c2a2a9db77d448eb370a4	169
9871d6f2c28d54aadd2e98b975d50c57	169
66bc43dfa18416c3cb1390ab300612e6	169
60f00aef28f2e7a86cceaf876bca9708	169
b1b3946a460b77c15aef0464101f230c	169
ca626c5537f36db9d62d1f25958df383	169
95082e04456b4b5a806bdc0caf8edceb	170
e2cca57da6d8b454ac4ebd85488c45a9	169
0e031306c57cc7fd90c6cd82513206c7	169
030646bd4ea14b7f1bb9ce488f208a74	169
8d3434264b9c468af85808aa6c6bdb99	169
cf7b4c49f9ae530276d9b908baaeb1aa	169
84e7044c2845870891c7212e5e3d4847	169
7ad58b39c16b017739a1f9aed83e4961	169
fbf28f507de1471729c169428d2883d4	169
80ba1280d140373298604472e467ca8a	169
0bddd316a1ff8b5e687749788711122a	169
666d6e0d95bca8c0d8bfcaf2abae84dc	169
b86586d0af10cc79eb0ee4df126982ab	169
d68a68df6547ecfe151ec657e954d1d7	169
647487b0d0762ff5b0865524209b0f9e	169
d5124b6ca8037341dafcd80a84d77252	169
ed23637d2e8180d0902e2aa174edfb37	169
5ccd54125444dfa73f9c0687f79bef5c	169
2440f96bc491ac242fceba4a3b8fda9d	169
add3143ec994552656584b456d42159f	169
dc6abf454e8093a1b5ef8e0a43c5042f	169
17c8d248ff971c321913f3d2bfc4630f	169
aad8586bbe932524206a922b4cf1a66d	193
8e23e91bdb7de98ff507df759523fba7	169
3cc41a424ece6ded4465ad20c6aea70d	169
769d7dd69fa840d67790d671d8c14e44	169
5468c52976a8c0d230aeef075db14ba0	169
80f40ef3db34cefce8373bc48fa5abc2	169
25213e9205d8cb4d1f4e9cf1fb108fdc	169
1d476c80922e4b17efd2a395b81672ae	169
cb7bdedc849bb28ac3bf1914d42641db	169
f8856e245a70204246004c06d007f777	169
dbfbbfa2ac3bc403cba39b64a1194bc1	169
a98e43e2c24c022230863423c40316ff	169
8e6d63cd0083e2c108016d70245d433d	169
582e4b7534a1302411d0c38d0b74329e	169
142234183a329e312e2c61bbcec5094d	169
92de1ed723c8d8653e73c3f6f5cf3a14	169
99fd0761f95eb8f1b915bfe0a3aacfff	169
fa84665affaf14e77038f30355995478	169
b90c95a23caf94a4bbfb3ebf0aa0202c	169
e16750247828661fbcba6223668f0925	169
952f5c80786cfe5c1b7d917871894093	169
5a82b11a949c964ae5c629af99e41645	169
d7a39db1be43c0c17f1b0be1e546dc12	169
b743a87bbb2293d46213771c6735cfc4	169
90e544b0360a66c9cf30effa96f14e65	169
8337e82291a1c575c541637c9e776847	169
4a97369326a89155fb8571057439903c	169
9da0d38a31cad90113f937f4672f9b30	168
6cbfdbee6e6c8b732e60be3fd50d2696	169
deee6d9baf81dedf56cc57b02a0c6be3	169
1dcfca0eb9af6a58430720eb9a0c1f00	170
60d430323f090a6061ab8c1f30a799d0	169
65686de957036017467a77bc93e40b4e	169
b65a9f5475d376a4e8d94948a712071e	169
e6bc9b24599e547a947d3dfeeb539fb1	169
293a555a9937d7ddffd7802fe40018f8	169
95421b0d0f52acd4476b6f79b3a6f2d6	169
2afa99b7dad5bddc38731155db1a32bd	169
832e7bf0a6334ab6a7d3577d1a7781e8	171
5cf93fe055f12b837d6b6bd16471e8c4	169
78dac6a5b218ca8b502c6b0a45a6031e	170
5792d09c8da13afe7e2acb342b6568a0	170
156ff14a10c1570bdd9d5427dea0df94	171
b98460cc33aab23f236ef66b973a5e0f	169
24d46617d210b9b022717fe7af73e75f	171
37f097e700e25fd3ce6b153db229690e	171
3708da3469125fc63289311247c14264	172
9ff84d8ea52ee97fb1649fc8bf39b91d	171
efb532d4d696852f1989bb5c55e351bf	170
94171efb15d22ba252be16313df1007f	171
96223b0a44bdeea7dc874d776e8d0eef	171
78af5d4f401948a51ece43ebb09087e2	172
d75eab8db8c045df6a4476fb6f4e41e5	171
fa402ceaedecc2d52265c712ce9e1635	167
cde4c50a3359a1b5a2f78af137d9182c	171
b01ffd2fb66774428285621d592f2762	171
607f3480127237e39a3bf810531725d8	171
734ee23125578e74e4758c3b185d98d6	172
fbf6b162015d23624a0f7203c03c1ee5	172
9b24e9fa4496302c96a61f50d76f3b4b	169
54404af9e482c71e0843a8b65a5413c4	169
7d2db4c41b8d8705a33c4372a5625194	193
65bb90d46bce0b60021f320af7ddb34b	170
aeab1d466184d1221c8a18c9354f218e	171
b3346690ea093cab73419bbe1c3e4063	170
43f9b4d2775e829f94b536b1c3a7a03c	170
f2d7b8b209cd6fde065e723de7ad0907	170
22c94daaa24ceffb34d9884eac52643d	192
ffa33fa7f220d9e5cc85bc5324315f83	170
2c9efb9934b48cc4d51652420423b0ab	170
fe1769864cd833338e5231e15277c902	170
1352ab68370e4f352ee6b0f568ff82e1	170
92afc568a2b9ec62091de2d87e472a51	170
92d775d5be39acab461b5d8381594a8f	171
a3099cb40e6674becdbd966fefde53b8	171
2264660ef66c6b1538e61f20146e8cc4	172
dcb774b8f85df8b414250b311ddf911b	171
648d0805e57439b9306cfe02bce28fd7	171
46bed2b1c9d66d4ea3a3eb38d4d40a0a	171
1e943551a76a283ef70616fabdbf1659	171
c562162e9cf6a339ebee2907a4541d2b	171
3f887640736a24c3aa2224adb3bab449	171
c068101e3f850aa427eb054b00c8d471	171
88a197f302732b3cd07fdc117ba845b7	171
5783f6eebac76cae7c2be71956b8735c	171
73eda5d1c0818cfef1ac820a76a5519c	195
26a7e210476b489ad126fa2d9f505674	193
d7ba681c076b917bcf03175495d87ccc	195
131006bbdcb80aebadb9020045c08b1e	193
dba45c987a19befc5dcd42b5535129b3	195
7f73e26d025fd275fcbb5b32dfb4cb3c	197
8aec9f643f866edec70eec96b8bdcea4	171
43a39cb71544a952ff939a155ae76c77	171
40001f328a91ff428c2c355bd97ca5ca	171
12ffd58a71e86f7b3f48335f43e976a1	171
ece09e9e4ee237d0f634b1bd1e75d7d6	171
b1842c4d3966c9a6cada6d01c779cee0	171
651bf4247fcd8ec7e264477a13d15ad6	170
8b1056f3cec357e0f4a1039f31f35f74	194
a6ee3a10799e5e7aa02ed1e9f90a5a5d	170
a872d387851a32c0860e857747a3714a	170
f0080e56dba9599f2ec7eb00c59bc7b8	172
0aaaa811bc71a81115a32741f742b25c	172
f78f5fabd53df5cab28af085e6b95a2e	172
9f324104a51468c2f4a0ab5440a4aee4	172
2066580c074480426b803b3e96fa2b09	172
dbed9bf1350f9d8416f793703d14f079	172
56ead37bfc4e2c173a3718c89fa14f87	196
bbee7fa3dba7fcf10a1c3a2f2cce753c	172
2d95375e13be8a40cf76809d0c4f5813	172
91076a0bd9c2225a6d84ed1e2f3d20eb	172
e9d51c1751b717cc87818401548ea2e5	172
0c39ddc94fdce1643a0ef480a911b6ed	171
4b69c8479653999afbdfa6159f554463	172
58e4a384e68e881b404cecffbc6deab6	172
057e0c74f15cde5653e34d2232d3b5b3	194
4422335edf90f56e62981a03330a7347	169
5272fe9665185216af65ba6e22983e09	172
5945efd46a026107c25e6acc7847f4cd	172
8605d7a44bd2e5c43f595ca95f8cfc40	172
ed4ad71660caccb7b333017e27b6f119	170
2c0ca2d8e0ac3cf6f445149c965f9970	170
ff659def4a9eb988a3fd660d4442f8a7	172
6151904dff37ae51979bc17b79fb0869	170
1aaea84452497ffaa4c800eb0cd2d3a6	170
a56734f57c3503f6867466ba57f4af38	170
6c4f71434ceea90385ab0ccbc80df3d1	170
537f545127423761476f420cebc3e175	170
3188b38aad6905cafe2d14d67f23c8bb	170
c8491e257db64d977d15e3ddbff90913	170
8ae010b25a3227d436c4124d75eb10d3	170
4c6fb617317e00cf59217fc196bb01e4	170
9f38090d2b1a626b3d33869efd749e1b	170
f6d108f6dba7ccc7174624a9adce8850	171
c5e7ea0263f7193c1ae09f1d6703fdef	171
dd616826e816bac21b0387d816f598bc	195
bca53597dc9df86abaa7c1f3592f599e	172
87de29b4faf088ff81efd4beb6648d72	172
1d9d91592c1a01c7105dbc20c0c6fd74	171
abd437b9d3ffac3cbdfb796ff97eeeff	173
99ca0d54f41054a3c45b7524a99abf86	173
6311563ba62584165bd5427a93b964ae	173
b3309ef2e9fec2f8a68d53a0a17c9f20	170
da90094da84fce00e1142be2e91780d1	170
903645a4be22c1777ed1cc9dccbc5dd3	172
881f0247d466e46b789ab512a05f693d	171
66f36f32a60c05503e9cbdf690525151	170
856d1e39f4706c2515e811653734c49c	170
99bcd03d62e34137242e8634ef824acd	170
f1fbcafa0eb51e3565c31370cb37fd60	170
a4824d7f5be226624d6be3ec1a7cabf2	171
78727c350515fe5f0206d76d3c74f8e6	170
451ed5cef24a75a33142eba5a86b64ad	171
5c343539b39ad0ceb263586e34376b33	171
eea6771ade486d493145140ca757a934	171
3ff312b7417821fe5707079f06502feb	171
eef2ea28b4727e20c648d33a8041ed59	172
5822b9b4528bf5b0c023f7af127ab595	169
876da6d76dfad0563a886a0478dbb5a0	172
f7e31f71fad2b0ed19242f0cde3cab30	172
cbf1fab37d1bc2b71034baafc973ad5b	172
b55c78c14a133856be219df810274624	171
57d17c1daf8fd366c9aaeb8030d03c53	172
dd11a27b5493bb0d8f6a41dfd5defdd5	170
aa8a26bae0ed5677a0141d5e6bdc69a2	172
819f35a414e3f09b98f617aed9e62900	170
8f54ca092a2aa9df263267be867d8025	170
1128c3f34524c38604aa204f9bdd1af6	171
2238e32dae473ac15bd8d5f1c8225261	172
8df9c252c6745183d5ab40033f8a1c62	169
9bfd8e748b954ddd9d1c1eb1166852fe	169
06997ebb67216b49acfd7b957d0cb00f	169
56731ff78d8ac7b638f450f4bf83e345	171
fb07ec45439f9c7434e23bd144f4d8d0	170
4f78bdf704d0204f6beabded2fecf9da	170
9c2e19f350b1ec4e204d51a1dba96029	170
45344c078571f1cf5bee7a68c38433e7	170
a4ef1b61ec7d19d711d53cce6d3f6463	170
b550aafe595151217835254262376347	169
dd6fcf497a51ca8f498c0af033d43173	170
44e970fb28107391fd21a8c554bdfaa4	171
4753e4acf8b2919a29825fc1182bd5c7	170
017b7431cf955a5652826fb34ec69232	169
11c6df1d0eb1237c019ea6af5181ba25	169
14de3fedefbe5d8ef6dc53e23b94d601	170
a9a92a2a7cd92b63dc485398dcc1d695	171
1a0dc2854ea59e888fddd8796d53fcdb	171
749af91db407717ecbf8581717bfb07d	171
445ad19a679262b8a4f170e6ea8e0124	170
c8880b05fea2d9b101fc170e70776cfa	169
0b2b86d056098e6df6615e10efc6d613	170
fc33c9ed2283db6bc5191db445902dec	167
1d17852f28c69db338178567b1806962	173
af2c00f9ddeab810356798465b5e52da	173
06abdf1cee94d27aed6d53fce9703c78	173
71f8a5e1905167ec84ba9613a80b1c9a	173
b413b18aac848f79ebc5453d2c0119ca	173
8e1478bea80be250566605fc6895562b	173
3309d34b41e09fa3eb17a4c71e8f25aa	173
c43fb8a58f2c41c882a373c000c8c36a	173
569e12c6a3d79301ceca22290a372aa5	169
262352ca749ddf91588ed806087e8d89	167
759907906c2709e7a60e57e7dde3a04f	167
f9433abdf1c0de9ecc5f59371908891f	167
5173db3fdf3d204bc852efa8f3f7852b	167
58e8c2a2f4c3263d86b544d9ed4c6971	167
99e3cda703466416003a49c634d894cc	167
f4494f9dd41e253c8fbeb1cbc79bdc98	191
3459c8653af6758bef468069a8f6cd9c	167
f9efca84bb538362b499395e13556624	167
820f3c66f8fd481bd720ac6677054792	167
8089ca7d8f689b81e110b314445b6b74	167
8190462bf9a08378516547e80b046ace	167
14022c974a8026b3649c2a5731413e0c	167
a29658e6c5fd751c73b091c61bdb386d	167
e6eae7f354b092a844990e8ca62d9597	167
1cad0448d78415f490efd63a906c4c46	167
2e704f39102cd0170dbf5b73f29b5225	167
667c41c1b68d7a9254777e964549b5c8	167
560e71718f584086f7112688f2d080da	169
94fe628499b3943f70b3c14e939318e4	169
fada1e21e3e59af7ba3ca441d4387da5	169
117e671b6b17274520bf34e94981fdfc	169
bad1a9ff5e0fa05b8ff33d5e16063a0f	169
4cfea1a1f0445def4f48015b4300bab5	169
e10f1612eb5122de7d90d24b0f355397	169
5b95183bf36007731df1bf7cdab4584f	169
74e3553c8b8a0bfc2de3773ae996ece6	169
8ee9b0b1df10bfe47dfadd5ac2fedc6b	169
f9b9e0159df3de32ce7341a8167b7c1e	169
53a24cc7ab6180b5cbb2df3540989c83	169
2fefd0a5a50634b7ce13da730d945d00	169
e39bc9256fd70bd1e0508e3ca35f5a7a	169
5b2a251917d55377917e389a580ee196	169
0cb8a87fbaf0ccde4de25846cd79db41	171
ad85c428e7e6a4717117db61cad5c956	170
d8630457d9cbc2713565a93b8ea60e3b	172
07ffbb6d8d29148fc6fff171b77b7a60	171
9e396468661dbfe93859e3544778f395	171
e4a8c0dde380b96edb179a10e458bab8	171
5c5650f322d6c05a78829aca54f663ca	169
f7e3adbeff07c41ffad9206ea68e8840	172
9c7792ed7d3d5d07e7be2d4306467852	172
df3e50aedb308e7654c443707ef50090	172
9ef37307eb836bc43834d7b3391470ec	172
806f093beb0d3f66684a96bc4d61e68e	172
6ef66e3f12e0445dc31e26c190333143	172
5fd6b0eaa91c683e5e4171ab251b1448	172
6e2144e093eddeb2046a829978a702eb	172
bf0716044f0c0be85735b0ac90b17861	172
3f321678b60bf2f605da974962604d4d	172
852e37ecfa2b3985d66117af128b8063	172
dd2bf77d897c98d11eae8afcd72b6989	196
a8687f2217e70d32b92d37113f899ef8	196
37dae47082b953f79dd71081e7b87f91	172
f8439cc46026ffbf528fa4290e43db1c	172
46bbbb572326c563c35c6e831b0a1b25	172
5db1759e0fccd1b19364e8051a478090	172
7b0c2e5d61e6c5bddf394861c39df156	172
76a95127605e2a4adfdb12b98d4db267	172
2f5d0ffd5a914f39c4f7813ff8bb440c	172
b583b39f788f8fb706e21249bc4b13fb	172
f12ba9d503d937e4fa795904658cf119	172
7c821dfe744a4705b8be85e83cff294a	172
b647cdad8d28c7e9d7c08248ecdbda03	172
41bd651b5efa6f086dcdba3aa2528c22	172
9e4c0be7f5121d581a91c3bca77a805c	172
0108d203b4ad9e13b2e66645d07cc284	196
7bbf29d3f3e5824ae41c94f46f208e34	172
2c102604af8d9bdb60fb205a7af901f6	172
25c09b2d519d31720c69bd8c74c48b82	170
820c833b636082071880801b0ce105e1	172
87fd8565c785d30fbc91da9c4365a352	171
0596b32d61f48d9b9264ca3aaa5abf7c	170
3648670c06fdca4bbd35b1d22484eb83	173
e5045cbe51d303d91fc46758805a82f1	173
49c8a676ebe607391b37a16e4fba5c85	173
49beaf02489666dec5c4ba68bb76c563	173
bcae113e2efc8146b638e87537a99c88	173
772555bf6bfd98398f482e71895a2e25	173
fc5a41997cbe1d2c4b41afdd669321bd	173
09383f2b94224461479ad717b4317aea	173
c846925994d21e3e8093ccf19fef9010	173
2ebcfff911586f0e9e65dfa5b8b56698	173
d7e4ec8fa130031b5a879697bcd52d25	168
1bc9450e21f503fdf66a2f2dd8858c07	168
e74f3e535f252a2367ccda89c4791deb	168
01a20242fd792176c26a354b6263b070	168
f59f401fd8713b04ab99213fd307637a	168
a3193b5ca4d531fc5853c5db72d98e17	168
22bf1b9729a7208c15f3b2d98c917374	168
180af8d60f0d96e6aa7dc041ed2200e8	168
8de2f6f4b22eec84789ae8035827fcfc	168
e4e54ae68e18e270cd5219dc98ced514	168
6e286bfae59193c72fc4717c491260ea	168
4973ebce98d4b5caf4e79c62bac631da	168
ea6639e8645959a3b1076aa45939705a	168
cf7a5f0f7765a6494e972abfbb0a6842	168
0228346f50507ca85251e27748861bb2	168
b6b37edb0fbefe23217166f867e202a4	168
649499e09c9ee1a08cc31422bc13519a	168
596e5bda0090e0638c86bfe6efab4c1f	169
4c0f507eb49d110707f7618c562a2213	168
d0da5e0650415c320717897926d27950	168
79cc7582269399eeac9c735f62cfff39	168
50f913cce5e5c292dba4e85f31d23ef9	168
b5a7bb3bd07bd9901ce26ac501bbc8a7	168
fc986329da78ac0fe027417b90cf1876	168
9fde6982e4c4937c17556ec04f045c56	168
5a8b2c2ebfca622f3ad4fea1dffcbd79	168
d9815d781d9bb31ed1e4dda887de4f2f	168
f4701a986eb0403665daec36d415c9ea	168
69e05468640503c525ee7cf6b7a71ac8	168
2532859383ef7ba702db6593bc6cca52	168
a6c75a12e7b537ebff8fc4e8457f3573	168
55c78c858bb9e7640639c4ee21d4ee4c	168
a1f2993fe2fbc1a87c4f25a07141dffd	168
35acc3639dac3b90e032352b24326244	168
f87e964a7fdda68e9c4214cd4d4ceb14	168
922576485a4da47c22bfa3847e3b0825	192
bd764c71bd518fdbd7e16dad161e40f9	168
3c56188a220e634cf4f5fce8c9bf17c4	168
fe72f0a0600ce8caa258862c637d48b3	168
eb92e8e4740526f9763caa3e1ac96659	168
863ac1f7eeb9f81ba39890fc3b39738a	168
72503438167f34425df117adaa54946b	168
28efa26a76175d1dc9ef0cc3f880cffd	168
3599afe4482a2975dd88f2efad9f43ab	191
fe47a19f6dccdfb3a4449dacf77429a7	168
d69a6e6e0b7bde222f45fea4284efbcd	168
8cb2930aa24b1ea4c7f087ed6b492e40	168
d5c6a681b0681f74688c5f0b37aa4dde	168
735966ef429469ab4f3107954f6d1504	168
a56ab9bbf7400ba19f51927f99e3c3b1	168
ba76a317c9e964f22e18ef445cc7ca26	168
436d40a7483012fade124f5265029b96	168
7461bd36e96691b99e7426042fbbb8e2	168
a63240b4699508cde5437567e8bfb2ae	168
c0bebde5830fd008095301dcc9f1ae9d	168
829be9057385f2bfc0ee101e7e35a408	168
081b7bab4dfccd9b1ca575a5ef2faa53	168
a6f5da1427d69bfb47f838d1a55c5f1f	168
2cef166d2f7c07f1e8616238bffd46c0	168
9b72adb2d62f0c97c93b70e93a13af81	170
c8e4a1e4984e2df2a9adb8038e9977af	171
ce9bc5bdebe3f10fea7fb2906b33e075	171
aa375e5806381cb38a51f4fd783e1e35	171
c67e589c4475e7c9c54c5beb2f5e243c	171
0690654558edfe3e9cb8f5b13ed66513	171
bc52816fb0f60703e2c359cba45e8dcf	169
3211ec349ea9871a96330a3050282aff	171
7225f575f14e2752500763e02e219d67	172
fda72c8a34549cf886e11a4bb34e1a6c	169
59c21b76aa81654afa3c50e22f088ace	169
39ef440c38b141cdb5876b3ad6561add	169
adf07f63a93ef25e461225dd674bcfd3	167
926cca2bcb4e7d400cc9bb87a88d420b	169
1b860794baf25a9d5e10adec9821f325	169
23ebef57bb1d04915d3aa494bcea11c1	169
e3869ea1648f796e226ce1b89f85940a	172
1390d8476671f75595569670b97f6652	168
9bb0eef52f422c6f188024531e23a133	168
0a09e4dfdcdcdd0c99b5e4270733a567	169
89ff7dca7d81f8abb4faac0f23f335bf	172
c01f1fed6b02b12669c6f290305a107e	169
20b10afb372ddaf09ab96b2e1e5ca068	170
13c773da66386e9ff1b07c3008fb1639	169
8abaf37e0b6f62182c368665bc41258c	169
a9cb9a100e512da54217a4ba6ddccf3e	169
17836c05c61eaaba4e472e0e5bd81003	169
3e74df01f5a08d79f180566d30a58a2d	169
7a288a804e766821736260e17cf7bc5c	169
acf19b7eaef278b3bd876be455bed739	169
162c0211fb23949ac9e224702a6795a8	169
a25f07a60be5c9ff23a1500c1dc7716d	169
9de9cb1ec25a22d92a6d972dc8fdab3d	169
a16cacc8c78cd6d7d96900b97af156b3	169
8aa665ea7d82ac306bd7f6ac4e59fe66	170
50abaeb7d4047d456db6b2e18a0587d9	169
f454dee45b47ff1b37c05929c45a743a	171
a3a5430ea92c1a75067d7029ce72f74e	168
1eda7b1e3d3ceae510bc0778b6dd217b	169
16d49b697bf83e0bf956a68500156c41	169
52dd80c00ecce6e06303f1915a166d21	168
91effcf7c83518671a3d15cec436608d	168
0eaa99b0713e572385bb361d93d7d3b6	168
aab8df758e688dc641b056243fe11736	169
22c10721d0513cc60b7020b2ad42e3ef	169
aefdae4bc318c2bfde8548733d6c030b	170
21e5a474c3766e6a428d3103bcd1a272	170
b4c4235b1a8171676a74ccdbb6a3d0f0	170
7ad1d522a38c276bc850f03ab34749e1	170
c69cd2f0d7e637804a82d1eb21e4e7f6	194
a357d67d6fadad3e812f49220bf3fd58	170
d262f5e3e561223bfce210cbe7c1a113	170
7427a4f6f309d5ab6e043cc5a252fd73	170
686309caa0164b5365e1f9d7f3a4a75b	170
857a01dbeb09740bd222f19ab7efbc3a	170
41eb9f6d82ccfd1cc99ee170b5ccccad	170
4bc1f920ea57f1986dbe6e56e57e8e92	170
357b548afda2de9bce41268f14173e6a	170
ba2ea4f13e56544eed10b64854edd150	170
e3c2c0e74c02e364ef624fa987874840	170
e3506a134cd57328df9048d75dc2bc3b	169
b1cc73af343b1dbdc2091e08beec02ea	169
374b38fab982656ca608a84309d5a95d	169
33ecf166b262c0bde534a5b87255dda9	169
7cc3d5f5243268a0dfb013ea1cf96480	169
07a32ba65785d8a45cf956990dfde183	169
042b9713692cb3bc308904ab32ae8af6	169
0d4984b8948280b27ba797e178271301	169
2065cfaba8daef187d3fc7d5920a88b3	169
a2852e84d93614c23b7e7fc61f30fd95	169
6c682f388503b6fcbac3b7fa2fa157a4	169
2110ddda33666ee4f2294489b52a1b7d	169
0836c6a99a1127964741d0f544be9deb	169
badcc5e2cc9400491eb9938e755d281b	169
d929f13694301d61de8cbde075c6649d	169
e3eff400f6296cde2d176b2c6bff79ce	169
a6198c41c56e5258afe56f099bbee48a	169
5455b01584c4ed8c60f82a53167a9e8a	169
3f1523f1cba2495f10d7bd4b79e91e32	169
c59afcaf18e3a39a16e3917161f7bab5	169
323a9c5483e34cc147942325ae448b97	169
01fe9cc8caafb64ca9eaaa78f980c70d	169
3fda2b3992e90048c2c4c6931d2f7b04	169
1d41e36b25214c2e748cfa6707a01817	169
e0fbb6dcdb5b9ee8638db62ce0d488f8	169
24a4b996acab37538c118d6d7c08defd	169
1377fd546af629eaaa9554365699824c	169
1332aea51b8eb4eece07288b9af99d1b	169
b82039e7c57db6f0d148e27cd1bf3878	169
2a95e9c08a3077b1ba7fb371a87d4496	169
4bea8af3d9bbc8ae131918562c28c3c9	169
85570e02cadec4789e7d1ae0db37a0de	169
139cccb90a78accaf665f6b62a5cfe22	169
ea36a8ab7a22c07bc28ebc2231e97f94	169
4096fe0523089a338927611554f7e032	193
5bc3331684033a333f15087be00f82b1	169
68438a578182f28f940e708d0771485c	169
0318920babc9317be91026007492626b	169
16f45a2c497424b4073d38d2371eee2f	169
ac7f95a57fb599967c6ad82c3baff2ac	169
cd80bc54244411018c543774436c870c	169
aa1a4137af4f376e0074922f1613acdd	169
93825752da6fbaf56ef2dab5125d6f2f	169
03da4cd55b27e9a2ff2fb02f25656706	169
cf231bf2e4b0541661c3aa8c290125a6	169
d6fd02e529c922475a201ac7d05bd091	170
5624980296a5832de47ee4da5fe35745	170
5e7a01784e88e11f2ce064c5bd8600f1	170
8377a0aa0acab68626c889b1ec9c8391	170
296e03a5d7c2937badf2c0a5fb763043	170
b4e15d53df963fe06e6dda03cc3114a2	170
14f03671a82613a1bc7bdb3a0569120d	170
8d4dd053a45933f0f65fab0738a54cd3	170
88fd947fa5f6c35c4f65c1545fc3f772	170
2e23449bfd27cc72cdd92d752aa4cf38	194
74e1242a1ec7455e91efd1cbe93ad11f	170
b36b728c2cbf3f378f6008e6eec2b400	170
43ccda4a42c4f3748696c5b6a7baaeaf	170
288743666223e705024b812908bb15f7	170
41893336268cd1ff302c0f87a19e7e62	170
fa6baabfdb7bc4070573c4dff191a3d9	170
648dba294421b5e5463b5a30272687f6	170
3ffa25e3440c433e821faa79260d42d9	170
295b0770a2e417a10242a30cbbc6a74b	170
5c12bff273fce8c262ff0086d8f1488e	170
33c1a9678c3acb0394451503a38e455d	170
30eb37072eea15474751dc6588d95d2c	170
eeda3e7a4c17825d324fdaaf734ddc82	170
887435fc88e86dd503f1c37fec63f974	170
0de79ab379921e7013800e01990c4a93	170
89ee64542104c6d77ad88d0c2de832ae	200
c1a373a0f0eb4f56f6555d56f044ec23	170
56baea20aa9e835eb7f2090495b7eb13	170
01cf5a821311ed08b4f27fdc6622ffaf	170
217f122d2ecf08fc7019cd2d2297706a	170
d7e7e4997cf89f2b20f6e9d73ae2ec88	170
f6bdc7683c58b327385bd855fde9f069	170
74a08ff63942994f57555e98e7dd02c1	169
6d9a0aaab5b3be0dd3484a48ad9a7404	169
7bd898dd136bba81bcf7ecb5ef1f1ef4	169
262df2727cc3447aa6eeb998d1a2fd1a	169
a25bf6d488b08cd6c839b79466ca34db	169
ba8a060b99c940ef99afa55f41a64573	169
bb75f514d263f70e2eba5f021a74c11a	169
88290b406dd13bffaabd62bdc8f4e1b8	169
b3012154e8b3a28bb6cc47dc608b1761	169
00bfd462f5c9552cf06253f87b1d084f	169
69a1da979be90001ca8d2cca4ad9887d	169
0608acbf38fed8879ce0d56b21bc245a	169
0a566848d32cc9d02019e94da1da8fa4	169
1d0e9291d24d184c069fa121c4fdf74f	169
9f343402d64346dc673a58e67d22a19c	169
e963f900edb6ce1b4901efe881f5583c	169
f8d6f568951d18bb1b0ade912098989c	169
24e96017a976f29e0b7a7817fbf24f0d	169
af84b1a16efd299926180efe185b4419	169
6fff6785109fe5ff26d9adaab490640e	169
a1afe638b714919be94ed2f540030411	169
395d4812683ec13c86d19dfee060baaa	169
975d6c32432947b5fcd0920a3280b4c6	169
649f1a79175de7aed7e2a0da2c015902	169
de6452c2f99b950ae0625f1a18629ede	169
166e218895287292b3ddf222603888a8	169
299be4b05c66878af4d5ec8b0dbf4122	169
314a4f47503982ca927835d3d452bba6	169
7026190db805bcb46acee9a4682e94f6	169
ec714419e9782c6fb1f1084a88a4945c	169
437cd9c16dc4289a8eb299f399cc415f	169
d9fa6c1b9fbe36b33d8f9a56c3868d4e	169
f02ffb0de7a7eb917006585f25c43850	169
ab8528c3db33d4f28426c0bf9fe1a55d	169
7a47cdf4e7104a7096038c4a8dab30b4	169
a93d1daf2dc753e063b71426a9f59b06	168
5f3590b630d09545e986bd65a8e5198f	169
08626e2d973d4a17e3e203c47ab8dbad	169
edfedc7c2c078a0238c5ceb5000fdf6c	169
5edcd46d073e529605a43267c89ef60e	169
0835afaf68a1f666c835915ac823b983	169
307abf389c7168c0c32b8d10aa05a07a	169
28c67abd3be05cc5a131bfd6f7e7ee81	169
8d591a21655f13c094933cf675ad2d43	169
4adc40779bb3d82d031afbf44351d02d	169
4021263ddd36dc3bf42b89986e5cc344	169
767a383e620297d8b3ec61dc3389e7fd	169
1f72679fea1d9733e3a015010bf6fa9d	169
25d19960638b60972f133571da9b71e2	169
ac9e3e0e6306dbd7fe4ed2451acdf670	169
66815e0eb86eab5f1659feb71fb9dd4e	169
1b26e102db6758d0fded07d84c22e503	169
9bcd865be305ca432168f1cd76b1fd0c	169
8ef19246c9d7725eb5ab68edef52d488	169
2bac2d114f6eb3c41167daa9b0eadb43	169
5c0529489ebe449df56516365eb6081c	169
73d5fc5cd90b8d3078d0059e04074049	169
9013d041586fb4571bb9bd7274d6ebf5	169
608218eaaf4b6ee6a474d8b86256f6e4	169
1e94908de34534d69a4fc9ead7fb15f8	169
916cd1a68d44690f42ce1d330409a885	169
9ef07e943251efb8a220392f1299e23d	169
cb149f3e91b19384c3c3d511954514ce	169
8a85cb9f5affd65e36640e90fb56b674	169
d96edf368a8d063cb85aa27f30820266	169
e4e5afa44982aa6e7661bd08163aecaf	169
e1efb9a6b748b71242787255aa68c7ee	169
95d59545ed1f90f6ac2fcc918b102509	169
acef49a408c3612f5151727a08a4bfac	169
29f1cb099d2bbb317a5073b769baa44c	170
918608adb7967723526fc0c0b9026869	169
d0097224806a54c9084c707f76e2d9c5	193
625b3a0c1b105cf72b7f56fe764eb24e	193
60fded6f80f73d24d32ef777df2a84a4	193
68f9ced35991761e8631c6dafb63f74d	192
a06df2441b4110b02df9d798a8a8d3a8	191
1348d0b61ef3ab1b9e1fdabdc67324ad	193
f5faf0ac72238e01eef257341a5c24d3	188
c7cb7ba9c3fe51d98a7cd6c23ad4a64f	199
5e12d8aad47673f7be722aaa0f67ca47	169
8a63219c58a35eddb6491a3390d21f4a	169
a852a78c3bf54fc83ee93b920ea044e3	169
937a45683ee5dc76dc9054d5273f5bd7	169
692a7f7a370ab89530a9778ef8d04c37	169
4cc4639ccf998507e4c328d7bca79bd9	169
e87c2a02f5bf0a5e19617e9be1d7db63	169
2d6eb73e66a7697b6af0b32888fd1f4e	169
3a19641a3064df1782c3c430882e095f	169
ea3afe1156367c8aa32dba42347ed5d0	169
6253f2badf9dd43771910e1f153eba1c	169
f53837522869425e8dddc506e5ff41b7	169
9c722b7b3b081756f3b42a71c672d653	169
061b56ccd62b6cf95d9680739ab178a9	169
ff70dadc813653c2c571b043bec75fc9	169
393348be311667c3ccf43b232ba0ec8a	169
6d09a44bf7f1e09e2a9e9f441693096a	169
78600192e647e19649d12dd7fdd8cdc7	169
44e191b8f4b34d19cd575a6c7966edac	169
b57004d23a369a1b6be7cf00f0193433	169
58261a0bb301cb1bb90f4b72d9bf40f2	169
513da26229577cd4d0719ecea6eae04e	169
b0cadc558ecd5683f454ebe8087a77bb	169
fbed7b391f6776fb93ece640d55daf1d	169
9558ddb8e2a14829c04d1c0927acdc79	169
99d1ebba77f5502acb47c41270e5a7d8	169
e1a7ff00410baad255b167c0b93fc5f0	169
898ba7e36f9856a0fcf583b6948efae5	169
eb667e0ae67e4d45c99f5e906fb2a4ec	169
426fd99da559efd7ad5ad7605534661e	169
6a60c6a31cc329ec1e0e4c5573f8815d	169
5f7639284db6bf520b68d542c5e2c585	169
26fc535a6adfdbc8374808295910819c	169
bd741492cbe73234b2b5cb6c825e166f	169
2b2d546973d2f54bb5b520a444cf080c	169
45c820a472a566ac65e362707b67e335	169
108f06780a99674edd41de907ad4be3d	169
95f7f0850c5661777e1abbd603e01917	169
2eff5f60e683f7b27794f849ce567b6f	169
5585c9db9346cb1f43a775770acbe42e	169
a05721a8f1048ec7fb87443b1d7f5b91	169
b3574809c648253a3749c10e943db137	169
ef89c24fd76da6b4ea17d62f3ae46cac	169
4b1faf0e5f7a19116986f7c95fcd3cad	169
8bcf49ce31ddc26a90bde226c5886c79	169
f1600eac059d008b132c296090dca199	169
043d98081f0c90b17f446feb9a33e29b	169
ca684496e5874fca0868094e1331560b	169
5cef1f9d2ba31e814aafa1b388b9c206	169
c892be61c60984023afc39f22c0747b7	169
fcc8706ed9dce63c4d0c121e0c7e1594	169
3599f26e27a5b43be8ba21267839947f	169
fd3a45fcb085cc1daaf3a35620b53b3d	169
ba900665dde4cbcfbdaf71137e1036f6	169
b1f0c532e1b141d2faacf02e9bbb47ee	169
9390a100606b83d7ea09bcfea5ad9fdf	169
d6dde1ce175eeea6bc3a6e65295d123e	169
65abc4862c0d70a5cc4a53cf6edc26bb	169
fc6d4a838ffd70f348b1aa65a9402b73	169
3534d5ff8a6e4e863066c9c10a9e9238	169
ca99cc7392c6a469db20e24fdc134641	169
29f320f08618564913ec20ec724f2135	169
e874a5274a344d6ffaa64a7cba7531ef	169
ff62ea091655ddaef262b1902493ab19	169
10846a2898bfdb321106346f42d4e800	169
a972c6d558ea191b9fff154bc96fe92d	169
488d75d836971def0aa9f1bcbea9a61b	169
a6fc8d196b6d452fa552f68c4e26ef0a	169
50f4b807e981ed97d129c7309aad75ac	169
8b6b8088413c9ebe1b40ae24ac036f92	169
0bd638952abf0f18ddebebc90b6b681b	169
b62b7addc0af5449e1fbf44ced77d1e4	169
2f83148867d7745af01d7eb7af736abb	169
7ba73582c6101346a8074c5e768b6b44	169
fd88ea042c696f4fc45544a414c86141	169
3aded235278459b02d66fa05ae432305	169
7600c11605ba0ea6e9136fdb65fc5e68	169
a5a26b1350f0334064ac690735e0fec1	169
b291e555826c17fc24e11c54ed0679e6	169
a900b0e8f688d29876c3d3c262c216f8	169
9f5065140d0485b850337b7f64860445	169
a3b6e2a91cfe430feca1d2ecc819dcad	169
6c515a243ff9c6f1d1edd92451759ae1	169
fcc763f53954dcf6bf4dabc5977fcd9e	169
a415cff71d831d9456441b5b296acb62	169
de78359607e0a0d3e55f3206fe519c6b	169
f5e41dd1628ad3cde750d5c1a66eaa7e	169
c738125907d81131d3ab23818e65d97c	169
9f352ff2afc1b2ec016120b7a8825580	169
f6ab65fdcde29d920b3dd6d655aaa1e7	169
982915d7e1093c385cf172ff8e414fba	169
8898a17973c5e73ef20a94ea440b1929	169
4d8f5539006cb1333a5c7b1f0177b867	169
dc8938f84a52a6de43da5d7a7e25f5b7	193
8e20573d6efd985c85e4c048a2ab8c90	169
a456a3069064b0daa6f8ac202711c22c	169
8af21de105e7f3901ff5e9a9752f6258	169
7fd5425c2ad4230639b4290067f0cbfa	169
3a79e1c4970498d1f440a7a6ac3ab9de	169
0d978bb3a1b8f1534734332a0efbf18e	169
53d25ec84eab0ec183254cdb3dfa77c5	169
9dda8e1bb837c5bc7fe14f11b8877bb2	169
0eaa7187306fdfdfaeabff1c14ea090b	169
4d17409582d04e2478f4448c192237a2	169
e0df1772c48f950984e52835ac7b0a71	169
5eb437743899ccd814592c5918aa0ea3	169
4ed492655ea00877898d8f0599eb4080	169
5d8f0665f744ffddd7c21afc12fc01aa	169
4ac794f377f8a8201ec28d3ac45f4283	169
9fbd971897d50f32c9e33cb5f4dbf922	169
938691d3359128ae87db5c90d302b43b	193
fe14572fca1bbd982ee4d4143e18a9d9	169
ad5e10e7f284732179799f85f6e9a9f3	169
348a30b38b1689ef9b5e5b811184ef04	169
d8b2d9a5e986c5e600e28ad1c1b6139c	169
1ede2f8d06305ad5770b7397423bd29c	169
f4b6f1ae61e97a8d5ee3827fa381157c	193
35b9e2072d0da378c25185c7ba0f3d35	169
2142c560b1b3ec7ac7d8cf0e0be9e23f	172
c0b5c787d47b6690bb30dc6c9846b651	172
05c1dead5c86cffe607fb4747346d683	169
51ebbd02579da2521a2896e359742a46	169
7b60df06460b62e28a668b573fed7922	169
f5fcd303ef1b1ea9682fbbdd21f41478	169
dfe994df68c466f267149ab9ceedb622	169
5820a3c44829079641d8b2241a0255a6	169
3abd2da9ee5680881465a206c1c99845	169
45354cb461c6368e5f4a2c518e07fc0e	169
3f6833a585262fd46d5cf48f471a47e6	169
7ab47e5fe1eb5de8528fc2ae8dadff89	169
8c7b0298c79ff3d0e1bb338762267e64	169
24d83d8e3a6d94d5e59dcc9ed200d6e5	169
b909491867d56a682c20c8f8e6b5605c	169
b3639d0b920940d55613752843fb5084	169
d38f48095faa39cafe8b66a7a52b6056	169
6f33424e93898f932b9ca5fcf11dacd2	169
095ba6f70117c03f642d40691a132b17	169
aedd826262bc470f5af12c11878091d1	169
13ec51c9cf137e50a6feed43c4cd8ee1	169
e6ee0eea258da4da29d990508e6b051f	169
fbfd2fcce9263d465c8342f3b8e9fba2	169
63f23c42bf8fce3a1882f3c006d65934	169
12194ab5b3fbfb71dce0d922da567ab7	169
76069d853450c0fb361f9725917552f9	169
e600c71b098356892ca702ed1df5c7b0	169
c5d7762dd25a478eeb0312e25d5fdff8	169
458924cdd616179e062302a248296bab	169
d2f139d50b74a44e6a70d1cb65ab633c	169
7558165bf49d9f3f5167383745cd115b	169
5871b2cc61aa50586870e878a8e4519f	169
7f7ffe41368249d939b3c2a888a7641f	169
7d523c128c4bbecc6db0af457d551adc	169
70395316e94cb145b4bfad6a6a18a052	169
1af6454b54b2157c7af0d0a28cf1b751	169
ba23d120baabf587a944e0d89ec1ba74	169
0f5e3867647086ca4c19c56be2b2aee0	169
f538f0e3f054d26d8992c7e4d6ab15ca	169
93e9cf3bb283614505d999f4e7b0d284	169
47913514045bceeef3b36eb44b00f9d4	169
f32a45127190492d525cbc20ce1324d4	169
ec59e001445c756fac64455b55331523	169
e57a6ff7811fc87c7e6cd08a803b5e3c	169
740b086f6d7f68ffcb3ebee42dbfe17d	169
ea4d9e6ffd8dff6ed9b58a71bb88acbf	169
ad8c3c3910d13515df29b0eb519f1d25	169
3ce58a213563f8cc5e1aa616ff018a6d	170
233f3e4e5b1b29ccd08b3b1144d9b4d1	169
c75541bd3408a7ac9fb378dd25f9d228	169
e99648905c59db8e47e3a3f8e18f414f	193
f1c400c1012a97e4169b8a8702d1d1f7	193
cda6b2f4b5277010c65a8a3bd3746598	193
e6bf0523f1238fa0a6bd431c6f9ff204	192
2110ce9ccffa76a4fd243f9d3f58beba	193
e3e425275b78273936abe302363ee067	193
9a2d37eff603ffc25f4327f18455a2e8	169
f1d234d5d4c6bee494a196dcb9fc0714	169
a09bfcc39f9c810edf3c8f9d218c9299	169
b65edb5758491f3599e4d1c757046d88	169
cbc00f1da0065b995e8b77e62b841965	169
8cd386ee09bee9180e4fd2c53a99796b	169
4ab72b2b0310f74e9ea1fad3223b4f6e	169
b17317c43c160316e9be4f7d0cfbf3e4	169
eb60586e66d5bbc59149b491eef2258c	169
4260d0e4f8f8971e9bd0034056bbb42b	169
a994dbac81f059e33ce9dd991b526287	169
432613535dbc87ef2b7e88e5a86d5ecd	169
2de94ad37827f20ef1e479434a5c4cf6	169
a7f746284035712ddbc341bbb1073482	169
f4dbbc651fc4f750f18aaac4b854f062	169
b7b828c1765a6c954ced1b5498cadc81	169
ca3fa35e025fd9a513c3ed460924b78c	169
78c88088549b8f74218d3777e20e3119	169
0c74f520493ed1dffc54aa58fa85ade6	169
6832e7dcf5da7d2875e6c7da02cd5066	169
9fb1083a45725f9edcd2c3ec132d9d93	169
51979eb43f7df75e6774029888889404	169
c6034e468349a982c8b71d773a85a8cc	169
413c043174c5b4a7ed293fda66d15e6b	169
e1a8b1c1f3659862085c275f9125de9d	169
77d439d319cb4da77e8deaedc7cc64bc	169
fa242e845128b84f17e1e3fb5a5a930c	169
bccb22ae9aad595aa74cda0f1f087161	169
c9fc812d59a188587b26615b73c67213	169
fbf0d7b670b600d74b6d20e4fd04b2ef	169
4fd8bd8f77d0779ac8e2a7229ceb9095	169
ce804a7d394ba36a1ce13ca4665fd2eb	169
ff1e16f79998d8c963f54da0225980ed	169
6f1efb72241a996862f7640c56e95fc6	169
04094a177be99c8e3230ad269a0bf086	169
238cb4d60591f14ba387da7ecb12d23d	169
18412baef49e5604e00a11cc73e40f10	169
63d812f466ab920428a46feca6bf6445	169
9b4846d5f1884e821ae6e0e368fa4844	169
dffa7c60392822291051518b4a590532	169
5e6998efff5eb7dc663d46dc3df6c876	169
8c8c259883b43024eebffbe0d5a74935	169
2499d6b58d55f9306270ef75425deb69	169
2484602cf0226d70bf21ae4d31608d6c	169
d5e6576b8aaca63d14fbc6c1d7df2ff4	169
6ef4ebc9050f720d0d218630a124fb09	169
fe14f69b211d0ff7cee3051f397de6ea	169
8b3a9d86235f976f7f81b9a67897a6e8	169
c1c18b07bf8e11af8f3136bb3b6ecccc	169
925f1f2a9becdcb983d3cf821163fbf8	169
39caf680d2112d2dff333b5f6429b00b	169
fbabe0f4bb9b7f1ecc931b2f5bc490ef	169
a7cff334778bafa2dc3f233c7a09b6d9	169
51c70c4b056bb6f3b61fc7ee91e29667	169
de9ff86595a004b62c4938cc4659930d	169
5e5af225af72cdd59a8eca9170900006	169
11f8c8657fdec1c23a7c9ffb5a729f3c	169
863200532f57e5af01f0a38aad8b70f2	169
466fa29d46909ce2684191dc713df9fe	169
7e866905c602f7e883f470a88947ba68	169
b46f61c284d5f3a77f99f6bc6804dfb4	169
10e844f7dbce1ec21881683c10e9d9a4	169
727277440eda6c836fb6c440e242dd5e	169
97deb018b188280f1247ca10591ee849	169
50a05e61c4837b8c7ca80204200a08a4	169
6a7929216dd8774f75f182594cede660	169
1183f93d3fc51a925298eb38fec4ebce	169
3794a234c50f540c636382528faf1f2e	169
4ad3145b8066281aed0abee240fde967	169
f2510894e2d962e7bdaeb7b9804703d0	169
a06c2d36ab3fd1732fa8feed36b1b830	169
3c89e408aba61bb605eb6def5684fb9c	169
35b6c68b4c33e6f87ba7e027edf5a7ce	169
be086c6b9b8008b702a90ae8db84f860	169
e014b3f7020496a147723ac0616d6015	169
144d481ce55ba15dde12820965c0888b	169
c80812543a9e24621845e13743f73d4a	169
db29686d345c4cbbc13e28adcd90036a	169
3f946f9e0f4a09657f01f735d8c164c9	169
fef9e5957505d4001587e4b90c1145bc	169
8f4411a965a93250db8c48793268384e	169
550ca7da2523d26ddcbc47825a2b13ce	169
ede6f1aa9bffefec82edbc35ab94a1d9	169
d4131c38d409fcb4b280878ecec4650e	169
8ed591b68238a14dcdc397ea00472f23	169
bf26becc6004f4c3679ffe57a48f673d	169
5631052a5eda76a00ddf6b179dd8c1ac	169
b40a2c8346f4b9a17377883a5836973c	169
44d4f6b42183b6136a921c9f434db3dd	169
c2cd76f88f69364294ecf83c8b7837f5	169
39ace8b4dfa532c4cc230148b00dbbdd	169
b0d9db77aa7ee0de4ebb3bba4eeb13cd	169
293dcd3520f9704adef5b0de52a18c10	169
6422293b7f9f16d6fdf0a358cbf76093	169
986d3a844eaf39fc11135016e95a906c	169
4a8ad03442ddd3567ce54836027c5b30	169
0312d4ecd6eab74440bb6b2c5de95d68	169
efbf467f22447c8b91b043a5bb66a966	169
229c907b0696e7c62bb0208d3780f26d	169
aef43808a35f5df606db529bb75f052b	169
91a60ea7d42103988193c82f8b20468d	169
a9c86ad03c900e99d9a266862d02efe8	169
706ee61990b2328273f793d71128ecd9	169
77a3b20bd8e3b32158683b83ab45ed9b	169
a0ccb10cea31c53919a49d6c6719079f	169
4c120ffb08f2e9bd811ecbf1a3bb7725	169
225114c69688f6052052fd43e3a49e9e	169
ce3c9bbcd217ebb2e2612e809eee23fc	169
27a9ca7d7b705c9e6cb2ad0cac0f973d	169
957b5b42006365497d3f3fce5b441bf7	171
018046cb35a90460b9e8062c032161f5	172
52fe24c12c42bdda78040fe1a1456094	173
17aa43138a8fc938013f3fbd8cffb5c2	173
5a8832d62e99e8aa7b3d312372f717b7	171
a652e8469ec1b58c54e65bb94302dea1	171
793236762d2d44cdd62e0ac518fcd12d	171
698305dd26fda29d3836492d7060d806	172
c488ec630f7e4acb55580cc42130b5f3	173
6931daf1ee9cbd90393216eb8e1c1ffb	173
dc83aa09ce2d7cd5f5a7136a05006af7	173
8e7c057bb80b29f91961e5f5f0b6147a	173
7a6d9e0ef28d19016bd32c7622761f24	173
3cd471eb5374a725bdb903cf2dec3257	173
261b335e044bddc3693e9aaca14bc97e	173
b6a73c1804dc93992bbaab40ad951b46	173
20cb4b234c12fee1a6d9634b441b7044	173
58a88c3aa23002570bdbbb73f18df01c	173
c047e5c179e7f1cbd73d263e9c93841b	173
19595b1c4f3915a2b0733919b09564f4	173
7057619f27576696b65e7c4ef90511d6	197
4c2457bf82a1f500f3855d9cc95ca5f3	173
ab4abe087b6de3805906b8aec98ccf0c	173
0a625ee9ee22c44c53f032912710918c	173
8ac51d86281bb2c1b91b9d76ce74f5e4	173
01a38975f5406c9609aa8d44f9e662f8	173
21a37a5fc1e13deb5d0f0d74cc1b2b32	173
1d21b60294a12009e89d9b4c7d92738b	173
d33ca2950d73443f61640f6df76911cb	173
be59a28e225d5da5bad30ac8d99f6a37	173
4f1346d564653f4f80de9cb4fe452bcf	173
2f9aa00223faf56579f85c5d93c796cf	173
09977467015cc4d3b3c37307afcd37bf	173
8ac907dbd296589e3ff9a60372667a62	173
a2eef6dd01d829e807a1d0de5cdf4cb4	173
0076dcb2868e4252c26d567ee8ef5bab	173
fd731a7eb7ec4919fc224f50ec45d772	173
ad05f10b9ddc5ef31f26021c7e38498f	173
c36224a370db42390478e482a08ddc26	173
d46467d795d0e5f383031dd71ab9263a	173
06a422feb7fda1165b9c62f73042c913	173
4f1058fb97d7323aaef459c0c8c083f8	173
0ae26031630715611134b8cfbb901a47	173
1c82a8b6a5ff2796b9245816e1333709	173
e32409543293fe7ec295c102f484f294	173
0d887e733353ea9890d90fbcb925487c	173
b135f439a96bcfdc91eece047238225b	173
2db521b8a6c98c949940c26624bda366	168
39bdec0afc45c04de3e3ff0853ec2d5b	173
57f9b8e6efbb6aa5778be51c239e7fc4	171
a9ff0ce10988d07b3aca8f046963de07	169
99087f92b5c70e15c30d1773e9366e4d	172
a0a506e260df4a8ab927bf7b0eee3230	171
40bfeabb383a2349c1dabe8ff3613f0b	170
f0c2391f12df439aa54f5b541c2a8e4f	170
b58ad35cc33ea47fc7eb03206a9b06d0	170
3eea0e1aa322e9838aa24b0e1d0b7697	170
3fb5572145cc18a310f854929c07fffa	172
65ecda9b8e1538ce243e01285d81ff13	172
5db2a5b57324ab12d34a91f61d4dc3f9	172
405848bf8de6e1cab56e762dbcd62c3b	172
bea0be239a12c43750e8233fb61a51ad	172
884c5a744965dd0f0ef400b592fd90d2	172
067ac58d369f39a7fe7486e78d393ef0	172
a3378fb12aa594dc938b284326dca7ce	172
0956978d09d08ea02edc1fdf6529af08	172
c936ffdf90f8eed2d6f39fe841bd2eb2	172
189c3a5d634109538ad4973bef569267	172
5a102d81e659a84e0c8d98b1879dedbf	172
e66355ac1401277a68f88aa69851bd0f	172
2e26e622b8aded610e2b4efc42a66727	171
4b4bc21104cc17e99fefc3b9e5b0a88c	168
67718c6ea5ec5bd12239106f20cd4bf4	168
59adcb9fb0d51d953021db62c8216911	171
0d5647672740d44dbf6a23427ae71b4a	171
92ec327f4c9e17d549182344ceaa7e5d	171
32f2616b11c8252e7be717eec1a18252	171
bffe50c1613eafd6eb21be07cc697b4f	171
3e8694a18b426bef7d3177299ab092ac	171
7a3eaf9672762080619b270a2ddc33ad	171
6212bec8b6c2f5f6d49b0c8ac9bdc3ab	171
ba9911a72b37888bc8ee24e169329883	171
a85e05d8ef18cb3b54a25ec45b6871f3	171
15da9b1dd03e22fecf0a999724961635	171
55884231050c03e7d667baad59c0c357	171
6b1fca79cb941c960809a6a22f3003f9	171
2c3d313098e7280a338d0f4c26e53931	171
d0cc516dcdcfd1213ec597249ebc758f	171
e640fc8aa8d954e28830f1e43b41e4fe	171
6d0e5c1300fd88578f8a28933ab0e88e	171
3eb988432100bd14f7fd899b91da8b49	171
7fd451446af23542520bed405308b67f	171
9873cbbe1d9dfc896bfef17a4264cbdf	171
a995d45de8cfea2fddadc34e4b80bad8	171
5c6434ce722a6225ff943be7f4de6d3a	171
e1b9083819e3327279d5999d1abe5e9e	171
f8d9dbd3469634298168ab8abc914012	171
01c22b4e00c2e98a86c215253f625dba	171
93be31094fc11293b7c9a4708e5a2c1c	171
db3de2814abea3fb4d1fa5dd1472108e	195
7c6c56b4da24897ee2b2e1ef5759388e	194
f0188afa28324df08d7aa650a20058cc	193
f2205cd57dbf980dc0a342477bc3e1c5	171
7c828627ecaf5a3aefb41f97b6e5b4a2	171
f9425c47ffd554b4975fdf22fd1f92fa	171
820f60925816a8ed176981a847e34a66	171
7b1959de32f344fa5e993f247b12f889	171
1d2a88d63970d502a222c61cf8e828f9	171
6b9f1addb6cd1bedad32765f7ca869ad	195
cd79e26e7a251ead57d829a62550ff51	195
ddbd90913790e91ac453ced2723f5b29	171
ea60ba18a59412610e5243469928289e	171
d30af721f5915288bd1c02b5cbeb1095	171
c49fb61b21585ff364d88add19d43fb2	171
458338bd596ec17912335c148f13d08f	171
e45a6ccb9e527f5cdd057a20d8ed30ef	171
63e63dba69cc12c50ffc3a5f7707dbab	171
a80f81fe8ae725ceaa4ddf35d80f07fd	171
8f01ce1cd0a92c247175a04d7be41c89	171
478cd5858c2c75c26ec23cb28860f489	171
e24083710f0ed2af991a8a46ff3751bb	171
104fe6439e48f865e83455687fa3ebd2	171
b95c69005da578c24372b3d74abfdf1f	171
158145cd61991bad06b510c08728bb2a	171
4526590969d75166801e0b1d345495d9	171
e30b414ae808ed6ae2a94013f48331b9	171
0f698a85de8bf471acf8e4296a4214b2	171
03cc97861cf9bd1325459cfcf81026ba	171
f1bcb080b6cce6743e79527cb294a30f	171
47b58354dd58aeca52af0651978f3602	171
6bea0a0c49e34997d23549a6e4d84aa2	171
12b3e5ab7897351bfe23be43d948e0d3	171
0c7ac12478cfddeb51584822712a53d4	171
266cb98446be4f609ca642daca02fa34	171
19dca10ac3f236efba59f03905474677	171
af58e1fa2af2f7c03d64579c1b6e51de	171
3fbd75dc358033e6ed8600e2ffd67856	171
ae4ec795a7c4fbf7a84262f08e1bed88	171
e98cad0b96cddd85c8f181b987358faf	171
fbd587000f42a90317253df5fede9d4c	171
a65e867db2e5e4c04891970a635a7097	171
6a2d370a0dde7a2b393a182b64e50280	171
fd65102d7eca46755cbc0e29a5472e84	171
4cc5080b5d23c80d3fbe2e09c57a39af	171
5b283d7b228cdc6a7dab63313b118490	171
628d1ac4ff79542d758ab294e0912ad4	171
1528cfeb9ec9d990c711d3cfe2bc9e03	171
9554da1f152fe30b1d723547dbcd3ef6	171
d6aa5aa3c44ddc2a317b04e55da0be4d	171
cf8bfbd6f629313ef6f65b61719d5bd2	171
5e1883888d8f34fa1ccf11a17004f123	171
12a2e6c8bfdcb815a334baac00483ddf	171
c42af07e006973a02c6cdaf1560ff20b	171
b2e7eb322c9e328a1ae8fcf9fc2064f3	171
7031580fb4fa4be626ff049fa4fc5d4f	171
eca19230baee3640b51689e68a89fa41	171
b43631b22b152ad8128002ceb24ceff9	171
251362616bc2c09bb5136a294bb1a6fd	171
9c97135929481b5af33d30c2734e809d	171
1e2b63e2e2fab9d9a434ed0ddaef21db	171
16ec514cd4fd38aa18ef0334194fdcba	169
e15cf4254342951a30bcffe04d8915cd	169
68c0b9d5587cedd4566916ea9dfe442b	169
ef3f015cdf20eca9d8bea47e71937169	169
44b2a2724a5907b44f839b46539a1623	169
e051d918e80317db38742b5a4f67d785	169
c54a8941c438971bf3fe7422c5da91e8	169
83a030354a7e16284c2dd26ec7fa4fa3	169
c3b68d045a0cc2504b33a8b38ce7831f	169
c9a8b1012137813778edf03628543e23	193
28cca796100936e06829cffeda243a2e	169
a147a8dcd746db75abde4d6ec4009c1d	169
7047fd200921d5a3324d5f78515436e1	169
5a9d3cade611a472fbc31bd7c298ff6f	169
d5f8d8529ba4944aa1d00f5cb40ce857	169
739993b7bd0a84e9f9b9296593cb47e8	169
6b3d760df7133d283f51ef6c399352c5	169
0093e23dccf79aaf8336fac75a8dcc79	169
6a5920019641203c6b7ee17bb8b16225	169
aa7a132899199d834a1ef55feaa92a3e	169
8e85e809f0e647f2104a0df1b3ed3aa5	169
1516966e4781ac3b7c450fdfb5f654e2	169
b37c73e6f80e922a6a9ae12b0c3d8930	169
421e2b94164ce92cc669019b6b7b24a7	169
be503e5c70c85e273dffc8d9b02ce208	171
9d89bd6c29c0fe3608e492f8af3bfaf5	170
40c3dd9626bd60237e5422cc307ba3d8	170
0401355402817580cb16574fb5429c47	171
d717992fced712db63c96ee584ecf134	171
f702758c4b650e430a03bb60a59e6d6f	169
5d8403317f79923811a0ac3d0a0c8b5e	169
1c3fa695bb494140422639f91dfac6a9	169
8062e8028355282593dd265b1907a3bd	169
a06e857961877e13e8ec8b9536b1d9c6	169
0e92d6f7f2c33369cf8c63257897bc6b	169
4ce275aa3c46080c6e116367bbff22ff	170
4f03e7ca3afa897c986e5a0092e857f9	170
f410090dc97c7fb3dfe4fb1627bdd1c7	171
aaf1e1884850c647c4a44a7e34d1c787	169
d48a8a8ad88bd69ca38829227049909d	169
3e444351ab64daa0a1bc8fbd1fb32539	169
bcc563e61387b4270b61dd440f58520e	193
bb7d5c872e583556cdbad5ab591133fe	169
c19f1b3ae5c42ce46feb50daa67f3182	169
c61ff82b77f1c5ff94b0121787711b69	170
5865061b13c299272fcd7d877bf1d171	170
7b81899c6ca474a350f96cd19db615f4	170
ea2804357c19619dfa05b0057ad33892	170
e87eb951d22dac09b57236ddbfd900d8	170
c19cb46b512a53f78ec92f367331e747	170
6f744c369dc5338fd01360a0fc827e85	170
41a9fb13271b01a31c762acb184b766c	170
91c2951cf546c96b8db7b5241a9efc49	168
cb73eb76b3740e3b9e23e0511672676c	168
2dac86c72aebc92d7f9ac53425d6d961	169
e377e63a4b3a8d1d9bdaed9d7829e560	169
4ef2540684ca50ea18f75fc1543db383	169
0196d6f3f12737b3e4c42b9b8449e0ca	169
fd96248e595fdceebdcf2c114b76ee37	169
08fed7134385c7642892119a7859b87c	169
992156236d6f47df003f30cc36a82154	169
b34057d0a8a51583cfa2ab09ae4aa394	169
2e171b30f1b0f578c1abdd97c69e3a12	169
f3a041ce6a0d35cb85fbf94d902dab94	169
457bebd16176040ea441bacda3ecfce2	169
e63b437ff28f3f68193b79a7161ec1fa	169
9afcb32414824cde50251167b468e636	169
e9b19492dd1aac15afb282028816b7ab	169
eb8dcea2f9307eab14ebefe8d9893815	169
766a2288730480ab75b8b53ca3d6921c	169
cacdf98763b41b27d2efdfb786e64053	169
e0683c87c1f7f8686cc6c813d0ce24da	169
62ea9bdd52f0247bafeef7446af04cc0	169
9f12e8b2d10bcde0a9a16af086c0b7b4	169
7c7b59b524fff4580cab0459a303d924	169
abf0a2adbb531d7add0b4faa01414724	169
46370b8d463cb17ec0f4a38c91181b3c	169
f32258376018ce63205f5d9f11e50a8b	169
67ab563a44edcc7581f6c2474a565258	193
cd86972e47e0381f8934a58f0e7711ac	191
b066df859859d213b58d9edc261d4522	192
675dfaa50cdd7e2e56cc4111dd53ce47	193
25d3dc0b95603de9377db1b47b76aed5	193
4d58292fb337ec01a31d170b59919cbc	169
c9dd26cc82095ee03119695552c4ae82	169
ccfb88e1fdc8ff29852e2004a1092062	169
019d22abbaa9534bd368dc66ff66f926	169
7e1381e8153ebea59d3889b751ee4111	169
da174e9be88920d0c350f20d213e425f	169
ee9db2e7ed4819b00c03f689ec47daf1	169
9856645d213a496b3543f6b240fc9947	169
53c4985f61387cef3bf671a2415dfbd7	169
b9c02dae8d535ee4f587f22a8b6f3559	169
02568a928c8227ce854eece7b3a31039	169
124aa968259e531631a0b48118af03d3	169
4b2144a7f02894da4d15e1668c0818cf	169
5ebbfa9d74df8571c5598b8ace39c8f7	169
237d4bc499c3623f732543c5f862f5af	169
862e03385f6b6957dc72bd12bbdfab03	169
0f2ddf8230b04aa2baac196a8c846867	169
112029c494f22942309cd7ef89d7c638	169
293694f40ff3728be15bd2a7eaae46b7	169
bb1c05652cd4ecf52654b581aa087ee4	169
8ce872de2920c840661b4122904a8998	169
f3e30eb5538eafa39f818cb41dd10577	169
c4e6a6af34d218f0add98b07e1b19491	169
18c3c7a616ef0836be4a1b442e7dc639	169
f178c94abd262ec8d1284dbd04370597	169
894c4be024962f8a9b8965f37d8d13b7	169
c4378070bdade907558a105124ae594b	169
c2f8aefff10af8ae1fd7572107b0585e	169
2fd1076bcb6eba074e751c4c83dd0829	169
96e06a9e008d93d77cab16f92816bc80	169
bf67d39e654037c6590dc20380cceab8	169
190fc1d4e22c1acfe43a35835e890d90	169
d44bf440f69316fc2f530d9b370c7ce1	169
779d3af32a76320a14b455d1695d345f	169
a3f25d5dc210c0b1805317ce0c9d071a	169
d08fd3c1dd9171ff56ffb37f74b7c563	169
c4a238d1b97c7af6cbb540e35825470b	169
c9d4c5cfe43c83778d73f2550bee58ff	191
13731f3a8eb787ba627c91c8967da49c	193
3cc4a63d49b820f51ff29fe25f654dea	169
675311cf75042976be1145fd23e7dac5	171
6012516eb4a69e9753b6a3ab149ae2e2	171
b8072f3a1d4b9783539addaea2413c28	171
f1267f68ea3e72adb28421ed87bc70d5	171
8cefacca72f2d3c313aa8febc7819946	171
e84d6d350f0d61a16add7aea5d5cf099	171
21ce5eee16f6f5bfc9501b42cc158aa1	171
221bb886e8ea548a0c2cf20a55dc0831	169
018114227a0d6aed338909b212811fef	169
79f40d69e683a9acd60269592fd5b822	171
e03772b1de88007e5dc8035153eabbc7	169
ec9b136f1d82d5caecd915f5172a5c15	170
0bf3a1cf2865511005fe38712ab2840f	170
be865ced6082afed6fc56d4e9c029799	170
20241d47e9adae864baf365373679d44	170
2b0c1737e92cd5ff0dea325b0c262754	170
697e1d8b9a7f67512d18ad62af02fff6	170
2679e9ea57cd2525cddd2ea23fef60f3	170
10e9455a49d451dadbec5899b153a62b	177
720f9aba2af6addc0237539446e8dfdc	170
070cdc11ca0366aa8cd4096f6982ffb8	170
1adbaee61c6fb2587eaa93bc1fee1e12	170
8bb30c26ced734f1170de3dc31226e64	170
f6f57119d41b52c8c20080b27e67c7bb	170
d8e2b160e1a93fbb80242e040760a326	170
e9e78b7aa8b59b00e736fd1f93c535db	170
e585a02de5413f4211087473b5bf831b	171
c79214d543783bafd631b5d2f656dd9e	171
c0571f9935257b47860f1b318a29aaa6	172
4caf3bcbe1f523be1e27255a1e83ee35	172
b16692c1cf540e139a5259019c8c8a32	172
e4399028ac57ee1e524ffca3dcea1578	172
98687b8f758af2d55d0c39073dab1977	172
373a14cfb9dc59e39b9d0c3c22f0e99b	171
1c52f445da9909681f25d1ae882994e9	171
7bdb55862dfe498d45c3728c6ac0b8b3	195
fdab954a68330d5fc41c02251506a4fd	171
bcb51d5fd0002d062c307baf90a8dab0	171
fc24aea4126e6548f25ff0eac956b338	171
56433fbe31b6359e1ba3189698a0e5f3	171
3b87dee4f8625861b32c2852c6d55410	171
6494e2d0334891a50ad9120d71899916	171
adc5358f67ac4e93e7fa6438409e717c	171
d9a6b69f09a656f2d5de0e90a0b3ea2c	171
9951266ef267acc2a521264510c01721	171
3c085492c7c8f2c058e89dd4e17617e3	195
1a5d20b09d7bc4c10cc35f66374bd18f	171
b550146f93e3066000165c9d4ab41548	171
58984fa24be48ef15dced0c7885256bc	171
46f39ca6da47fad5929530ecbe41a5de	171
39281f9957765d236a085ed2fb021aff	171
d94eab2071bac6639415956212a1aa20	171
ce4080e658f3aa704ebe14286c2d4e0a	172
1bd68c0d0d1d829049a6af238f501a0f	172
f302fc28a4bd2714a30923a32be0d902	172
0b1546eafc26dff515c32ad0f0cbde98	198
cd4e304c4867a63997cca799b0393c92	172
5f55bc26b499514a97382c3f42d896f9	172
5064f8941ea778472be424273f68dfb3	172
f7cbe9a7fef09033be19d49d115caa6c	172
24baf8f8823a6c3c54ab26dafd196945	172
04cbc63b57930beb8db0df42c140864f	172
1e9e2a385e24d1c59d6bd8d984262a09	172
b6d19d93b28002557de901430050d4ed	172
d794b2149ae79420c9b6300cb566da74	172
ff366c6d9315d39408f19ed35c92c800	172
89f484aafc6427e98c6f9e96ebcca579	172
404117e668086464fe3670a9df23bf6e	172
1315ae3552e44b7730086d9d37133a8b	172
f7b07f1d4409a09dcf670fca930f6b69	172
b4d6d64904599c8a86ae00be104297df	172
bc6f298f6fcebd6317654a11658392c9	172
f93c20e5ac42963c62eb7b5a273a0585	172
9da3e3c4077b3d6c8a1f6d415f5b518f	172
29523443eca6d5e634f030e3ee276cad	172
5cb89e187ca4d32427760c9a1681af15	172
39276a409b861cffdaeb64d2096b0a38	172
4675c307baf1ca05256f17a29ece5632	172
e0f2b8593f22f57b378e77977fd3f242	172
7dada7547f01a86dbc0b7019235fcb70	172
54c813b6737190acc38b5e5a418bf9c4	195
82b00ac50b11a2aa83d56f6bff8f9372	196
694a6bc2d60fbde0019c02ac871e2d38	196
7a426713908859744e600703f07763be	196
9f8b1544b18b3e8a09bd39b68c3aade4	196
ee468c1d293c06dff21c7378201200f5	172
b69069550e5c973a6df6c60c5ec3636a	172
cfaebd01ca2a5a508dc640560dd798f3	172
19c2e8d8c74b66a7382a698acf16abaa	172
474a1564b43e47d4bb976d2e381278ac	172
4a9f6e5b363b668e77c8b0d8c2b04dcf	172
1e0669307282350891345df6ace2a072	172
e4c785845739b9a1a0fc037caf0153ea	172
988e7724bfdbabd397723666afe098a5	172
0e3a0f844881488376f5bd8fdc409e72	172
9e7f50138b38848a766b9e609d094f01	172
fc20595940267f5c84f88e7be71619e9	172
31d0a47d996daf7b9bcebd39fb7e8f36	172
5d1a5723592d6d683252536dc562e8af	172
bc44414693cb685add61429b63e58b9f	172
c74164abd4b86c8a3c616d7a6fc2c4e1	172
af4f542985bae70327dce7c804c15258	172
bd4388f02930764b1e54cfdafae95f5f	172
3313bb9d73ac9f0dfd1d4d85de0e4cd0	172
418acfbcfa6c1c9a66b811998379b11e	172
18d8885fe483348cbd0a0c0e1ac14821	172
a59ed7742b413d8f418254292e961c0d	172
01e8276ac8206634a3a47f4a6c3dfbe3	172
e5f04dad6495b4e8640440409f04875d	172
53e6f82c4463b7a5c894c23d2839ae95	172
88b2f531edd8894e81e0f5a0ce17ff19	172
10f16398756d4c95f360ff9693c3d9a7	172
19451b47c568ccbe4328cdcb980bbe04	172
5400c2b52c129396b704002264b2f885	172
e7333481717494aa21682b9777b581ee	172
09ee9b1c8606490abeb06643518dc961	172
9ef31672d2ab9122d3df2f4bb49b540a	172
ea6b6839fa780547f69fb6c13a44e9eb	172
46757b14b43990073631b064c31b1c52	172
129ca9a87a28a98be4623639b6124ce4	172
0a5cb4cd1c4ae24635f93a292f56a886	172
87c8ed634fbd34bf25cff026c6d01fe8	172
a8abff68dcf5b6720394c13b0a939bf5	171
696b877c5aff571e04edff986d315a8e	171
ffeadbac6707378404a57ae856a99de7	171
23a42d0fef88124a2a7d851f07a30842	195
e026615fa55d27640cb82b5f9151d391	171
c4f7bd881a49d646a668e99caa23fba0	171
ff4c545edbe1c015eaa8301f84d6e910	171
d2c7d62471f4f9fcefcec0cdb20a068d	171
67858d41b9a1d75d08cf20f196b937bc	171
127301d81cb9cdf14fee17f6feb7009e	171
de152649d9c8ac61b1cb97680d167e95	171
8b2c3a3736155aab2e915eb11bd353d2	171
f881e4f78f2e7e7f3e314c45ea3a2170	171
d052f00d03eab0e3b6fcbae30d0da62d	171
32df9b38d175cd331f15adc90670400d	171
1eba4ddf2b6eaf30dcbc8f4c73b77525	171
94dc4f4b4890b7a49c00c16bad4a0912	171
aa8f046d636fbb67d1e0233a443c3c34	195
9e67695525b2fe0084235ebb97d6e2b8	171
2a0cb822cfcaf2198e35a81e241db6c1	171
c106d9fdd7a2d1181aef7fba55b9a390	171
1d87cbddb2c7a8c91ebb772a24c52e96	171
6aadcf8cf96d8e34dfe9294ccba67fb9	171
05f563ea1e3d1a9fa35720be9905013f	171
90063ebb9ffde4c91d6bac1569c2ed59	171
9cb8456127bf30cb19975734fa8345af	171
fe1e955f206808a31e462f822fb42255	171
045e37f828f460ee411fcaf4f4f7a6e8	171
7d822c08913b44504d806ffc69dbcc2f	171
1c4b4ff9697250ae936faf0b345b3d59	171
66e3e01f60e979ae3f7b38cbeebc0390	171
24835dab9c624bb34c17133a91de5866	171
279f703d2a7bbab8edadabc22c88ffe3	171
54a1d5d30712ecca4cae5d69d647e143	172
8c0654e9eaad873b41c8d14f3af81254	171
8757e7f1e89a137267f7448a4ea8ceb5	172
1601eb73bbd18e85ca53a71bdd075ab4	172
5aac922f9af564e7391dbf5c3e18e7f0	172
f577e041ccc0edb62f6e52e9fed15e5a	172
26df264ff44a9e7fb364ac6a2b73edd7	172
c8d522ca22d434e1e8e395e34d422764	171
e9a8f776e97f73ba02ed17aeb0fec18e	172
9eb9f33fc29d224d865a3b4e79adf82c	170
6ecba5aaac9ef11903dc100bcb8640a3	170
1f56d6158be08d764b50893d0eab3772	167
dbb7dd5d37a43ff34d7a8fba39463be8	167
023991ae274332ecf93bd64368eef15b	171
6ef01cb02c18a661a6ef4f365109dfee	170
5ebd42723e5fb8ea89d258aefdddd848	170
96f73037f689e0e476c1cbd10648b962	170
2abc5561d4240e0e90e7155825b0a80b	170
b3c56c5e6445322b4d031f1711318b5a	170
8d7d0dd2ece9a0e5b65c3601cf0f08ff	170
094acfa754208376220cded0faabfa1c	170
e247892232c337087555b9c0aab7f98b	194
66d2bcf0165e4e10b4bf4b7e6b2158b7	194
0e0f033ec86f06fdfcd5bc8014dfe5c2	170
90620461b2c28b590fbc7901444b9cda	170
766d039c45b5975f69ed17550b44bba9	170
711925d56945117ec982b184e479601a	170
51d6a16c8aca964aa52d5b4d22be91e1	170
50d2e368dacc076887a23d07f4a51675	168
e62232a874fad5179c69a3a2e386764c	175
bfcc7dfb8d21579ccc3f1ef0836708b5	175
7a5a2969f3e34d4f8701491d64610ab7	175
fb656bc41b372965f3fd549cec80c1b5	175
ef6ca1c5e48757caf2d7a5b8e247f9ff	175
70d8ff026fe7c92d48daa2fb1fec689b	175
8a3e60679cad0021a03dd1c2d903adf9	175
85d792491d318ad911e90ec2a3090ea2	175
d27e3aeb8521ee012c993a99248640e5	175
5b40aed3996f65bfd031f79250cfdf6c	175
a4e47ab4f611561b02b8e43fc773ec6b	175
bf1cc11f32211163088b8e6aeada3e5f	175
b395c424a63c137f80f009870a1f3930	175
08598d2818066df9c1bc39749cf4cc62	175
0af4d68fb350456667f39dd86a70234f	171
a49b6442f232cb0569c63944b94b0283	169
f938fcbe49ac954d8bd9e5cbf6da4174	169
49198323447346bc079dfa4fe6ee8435	168
20b438d281a28d12e62202b0be6b43f6	168
32c3d6b95a3cccb4cdb6da527e5ee659	168
2cdf0b9e6bde48264f7fbac0fa7da8ee	168
99db054cb89eb80cf727381fec90612d	168
b92bfb4d6cdbbc17da3ce8d29edd7fe2	168
ca7b53100cb2cf66e198b88f32837ac1	168
e81b1ce5194c2d40c04c1725a324b4e3	170
f186699b33bbfdd0c95216487399f0bc	169
29ba3e7a0889493183a307c0f4b52fea	171
1759dfb128a6f56b7ad8457fb9850d74	169
9f3b1e54284a0a0e1498f8869e07ceee	169
e4c3c6c9bd1a4716f7ff0c745aedcaec	169
baf9088c44b99dd6ba0deefabb91600c	169
37d52978b583d193cc76928157d36dd2	169
06f19ca4fa0ad4664e3010fbacec4138	169
80062882c51021abbb03641d2bbe6a9f	169
6f169252650a967e843ab6350c59dcb3	169
d05a88cf60a7673f0078f42391577b00	193
997b03345fbeb067ea1e720d14faee6d	169
50b9b268ca2a947a327fd56b3b96c76d	169
7d194b51b020b5447f554acdf045cfea	169
d17fa61d5a4a7c79bebe2ef97e7ef45b	169
b822a2e0f95d7f96e77d2fbce0cbd930	169
3ec4c5277ef082b2e236bf201706b618	169
af61cc1469b2ab2d006a3d7390d26e99	169
4bf55fc4580b5dc349de5ac49eedb316	169
d6ece53d34ff6b70903da49245d65269	169
4b98ae06bf628f08f882e2c2f04ead6a	169
01ae729007324316edf971998708fb76	169
c65c29ba19f1cbbffb13b7553aa98305	169
0d01fd5e1947871b51869efe587e462a	169
027ebc8da6c29302cf756c2414aaccf9	170
3f0b362456d56d33fca8851e7eea7db3	170
61a2ea8a308eca1c946d633dddac61f4	172
4e20529d8fdcd949593c626de3d1203e	171
db21a69f043f38749f5de84f5c32a104	168
a9cf47b9730ba3e362fe0d700c70b072	168
6ce28167bf25261f252ea25acda7937b	168
6591a87c5e057d42b93ac59afc1207c8	168
097ed7b902ba58a24a81828bcb1e31aa	168
754cf34f6d39ca4a17932518f28bceba	170
912592fc5bc727af426a290e3f0381f3	169
cf14a09ba2aea2cdae505eccbda68cbc	171
628f59bcc979c3654ea5f95f8b419346	171
fbab1bf7f2742bc552ad74a66e597c40	169
aad548957214b24362b68370bca2db2a	169
21593670743c766ed141077fb06b49e5	172
9fc8adc029b14a33df08d22198b10b2f	175
2b9a6e5992798e5fcc5ca876c51ca069	167
e0303b2bfd330472f04ea5dbe6e4fdfd	169
5a97ab2a6a941d34318fb4b0169e4c6a	169
3f52eb35f86265c13553cfdbd3803e2d	169
ce1c2277e46116604c7a6aa3f08d4c64	169
9679766d193086e899ddeda5b3192d41	169
a8387f44fe3fa1cc00ecab195b12632e	169
03f525c912e8d51df5736ed751e7acbd	169
91a5a256742644c6a2eeacbbb3182a36	169
9e0bf625bdb549ad96325501f4bfda93	169
c06ec0cc754c37cabdaacd1a353bf734	169
60ac6e3c229f34eba00c9e34991024fd	169
68a71b5303a25df9b6cd4c12b58f8f23	169
5aa6f2c1ef9744367c0e255803293a8d	169
cd45417922b65f5d9f9babb5e9da4a7b	169
f1b29a9cc6e9b125f9e0fe57ba2d2b0c	169
eabf6e43fcee784f83101320eff893b1	169
5f522a2c715503f155a0071d3b30107c	169
7c5228766785f532b83389175a5cd366	169
1aec3cc6a879f9612469dafd3f52511d	169
8bf987910cded8bed9aa5604fffedd17	169
4583e537531571d7f9a9cf4822e3acea	169
ec61115467246231175c3edd12e23ab6	169
c8bf20ca923c7ea48e504402a1e44014	169
780e2ef257537e862b64d9e5442e3037	169
6b2bf7087be64b06a1c15319768b62b5	169
aefd5b045ad35bc2493b1e6aee50ba5e	170
e122569c0b2d0af4a890b0f385e32576	170
c0e38a25a1c453e698d4793a013cae31	170
bf35b01dda14d295021c99331babdf00	170
fa3178cc5ea15d85c4da7bfb49d98eb1	167
246880cd9cd3d6651c432318b2678bcb	168
febab2cbb909edcb4c0c5c7f7feb8bcb	168
f42703dafdf874e137fd67ba710e819f	168
739c8dad6ba1d8dacb4c1a0117ae4f7d	168
e61829a3af43b82815a06cb76a695b2d	171
b73c3d7f3ddad91ca5bea2ffde59cfa6	171
a6872194eecad29e9575aef04510a541	169
3b1c092568582ebda6b55edc5fa3977c	169
8092a146f856bcb1f5d559ea2ba96245	169
6f323c29909376ad2b5947926f0e6493	169
669aee5569b403ed5f43b46f532a74b4	169
550f9497d70ef39422bbe8d2610fed8a	169
b152e4bc2862b0fcdf69a116983be630	169
bb54ae740be5a1c7d865aa429815bd9e	171
e7de749a0b46c37b6aff9137488e8182	171
edd053d1c257a8fc83c66e110e8a3f8e	171
86d5261ea2257027df2a6f55306cadf4	169
1b962500b4bb82a593b68f21db547188	169
30c8b926497570f7eaf097cce3b60d1b	169
880a451556dce054d01fc172bcb96e77	169
3fc3117f1d90a93630d2df3ba681d496	169
bf291c9da2ad9139aa6a7ae0580cc7ce	169
c94c209223aac262883b3a0866f22bd8	169
e854a4e5817b3ac2ea0ce7c5d0173746	169
326273eb77f01844a9508cd9ca7f371b	169
16f49a1c39043620ad955b4888e29ed1	193
9e6d388a22b82ceeac91b4e09f271e9a	169
2182c10de06b026e63921424c3617b31	169
489d8c07b1ba1aa052d278f1eea7a392	169
651ecfe4230a101366d98e952d7190a1	169
c75a5bd7bb0fe57dc9ef85f5d2a018fa	169
742cd9f29ec3784cc9fb6732f698e3c9	169
2f0cb352361de830b9645df1de4d6f90	169
e5c1934be720faf1b2e13239ddf85aa4	169
a18839ac7a5f1d7d678e1579a17c8f1e	169
cb553f2e16ffbe163527171c632c2bb8	169
28d60abfeeb2ed82266f508bf7d5255c	169
cfa866d47453fc4c1b7a782b2c000c0a	169
c49a60b1b74c6ba3d78f62386dd0fe99	169
a4df28abea2d84d09d974c1ad877b991	169
ff9138826a4b85adf89f70c77aa99e12	169
0a6d24fb120d88c960f1e58f6f36a5a7	169
decc43e0f6ef8577dc49605de7bb03f4	169
d1d53d4b3465a58ad6b3caef12336dcc	169
d02affcbd426ca3837e5b4faf6eed130	169
423999856ba2f44b2a83982944eaf7fe	169
679b3a9ca20063365f70cc11e1d03b3b	169
ffac04db7cdc056ff030951eadd87210	169
be0847d7535411c9c953d6b4b153182b	169
3dadcb0302d5d4efad2338287c47a26b	169
b9070cb7ae83ef03c9847e4e6ae04591	169
e0cd23201cb44c0fa471c345f0390be0	169
0ed0f067679ff9c80a5b066852a82c54	169
c1ac947ec6cb470d0a5fa70debe9e6bf	169
ea24e12b68b435d9987c4ce0b98d771e	169
0f5abc7f41cb28a2ebdbbf9c0ee8803a	169
45a1f840ac90c8467ce6bce2e7281745	169
20ae7623193b4eef1636a9841ea8e7e2	169
5868b66b3af8ef7ef65ae3d04a7531de	169
b17c32f11598e80b434c1e378f59f772	169
2da3d43d0159846592fc19040c059220	169
89fee395a75c8ebbfd3b6a2cdb0584f8	169
a3582aa13e29192761f414705694c0f4	169
844fa4637496b7a84e145a51eccc9cd6	169
9e6224ea424c532d58422a31e8370d4a	169
9c21a9067ced2c49c4cba7618d16b7e4	169
c51965eaaf8f39afdacd55817f40847a	169
0019b435c1e20c18dedcc08182c39813	169
c821f54826a55ad2d6938089c833347b	169
d27f22c95861d50ac703321508a94561	169
2b517928b8cc6bc10c037616c9218368	169
6d2fd6c7c4e302d4fd495d55d141a568	169
6872cdf259178916b3d62aec212c95c1	193
44294311f999ad96a1edaf4a0c9b805d	194
a9730ccfc385d9b12378c207261eaf03	192
b37e1eeced726db0b056a2a22926772a	193
cafbf7f58cf45de75c4ed9734ec6ab23	193
d4ee8827bd1f798592560b324249e4c1	193
f59d061f0e7f84cbad8758987b171c69	169
fc0eaeb09a3097b2d1e598d5b1310da6	169
2a3f3b6de63e3c09d2ea512c6a819702	169
ba17b6b79b1bf636cd719410cc5824d8	169
a5f35d12aa8816cb74d5c898c4072d14	169
d683612a63a09d93c3c55cd1afdf23a3	169
3d87fe8e447142a60448e9f69ebdfba1	169
342f150a3d35c81dd83c9eba157ea37b	169
3c3d0ae67540225e4e09c9c772d6617b	169
768c6ff4e220bd38ceb4de6a7a1ef51f	169
575d613f66a367c686e9617c7dc957b9	169
87a32ff878d070786ff8610c1e17ca5f	169
5fe4abb86bb71d78433020c07e31b54a	169
f480c155cb8ba5f25d555eff076f0565	169
d479f8fc503865ab7632a2c87c52c5c3	169
b0d77c52f34395ed2291c5b6a275f349	169
cd00c0975220bedcd802426d1afa57f4	169
02d8f0208c0af3ab3cea9d3d90e1bb5d	169
411155a46da77677fcf5392d827399c5	169
fe2fb4596d85da94b38cb7c7eae916cc	169
c13eb1de1526b95903f393392d5945f7	169
5d0a41cc3a4cc98fc486ebfcd83c5c69	169
225d134b37d0bbf0235f37b16f6b4f5a	169
abc25cc330b3f6f2aac8429abcb6db04	169
d371c9a49408bdb801bf1865387bc896	169
77434f25976ab3f3f3c26b31293b480c	169
7573559e58d93723b85b450ad8f10c90	169
9dcae121a939e7049a5fdff2ed1f070a	169
c9eec922cf4458d1bcf265e5b96ed7b7	169
6bc5428b4d4f9b613a36b33287a9ba59	169
aa82e508e4ab46863433e9438915c397	169
07bfa37ade2249012d4c77cccd51366d	169
e67ea6cdf69b11838964cdebbd3500af	169
697c9a75c1e5660d314585f63fb5c362	169
a7940f4bf01ab9f1a519d8c7a3ae27dd	169
a0f8517b81edceea2ccfc5be671c7414	169
6c2352e76e82582248163630cd48809a	169
0cd413dff0ec202db23bc06e9320f302	169
0a7ef47d6b00ca401fd33d22e8c947b7	169
ebf6da954b85b0f0aae6bdc303b5f422	169
167c507f2a923a95b3367bb143bb1ed7	169
2d12afbfae99cfe81a50ed7fda4f8ffb	169
18ae6046fb7eaa5f31f530a3bf0f1016	169
70046ffe23311b0ddf08a671fb4db2e5	169
337c7702b68e89af46a44aaece72e301	169
08f8d57b18646b6348b4de02f3c72fa5	169
515e7a8ec22aa84eb9c6149b539fdb7c	169
ed8a92daa9e7f4b08ef52f7761fbb793	169
3c580e7fb76d090ceefcd02a12e5972a	169
b5ba353c389d595d6d95a4ca4f2d91da	169
bdfa934e75152895b4ee1481ab075401	169
990917aa66501deece05e910774a77b3	169
4fd8dfb2fed433a5fc9b3abbcf153dda	169
5e1e2664d93360b01500481df5aacb40	169
f4deba0f2971e2e161bc0ae021d93520	169
f619b912c1e9bcc4c365711e531f8e26	169
6d94c5ebbf3e95153b6ba19f53905001	169
b48094f52a9a143d8445e7bdd0274cbf	169
939ae9d6feee5e639dd7310be3dc453c	169
e0eb3847f56f0b608381b911816bc551	169
5a182afc5ccf1c876434a3baa7333019	169
9bfd36e288dbca12db905a6cb7e370be	169
55369a7ae4ac86ca1ccfcf3a45ff84c9	169
f1d79aae806489588c6f362e59f3202f	169
37f866abcc753ed1ccdfcf34ad8d8a0d	169
4b2b226fdb34a3b474f59ac39c6c5cd7	169
9d4655b1fb1a5f2e4deeffd944ebd517	169
f582c83eae8e3518c738ac874a6f2479	169
589478caeb9490eae7f83a0aeb425aad	169
0ba8a87773ae9015b6cfa0aa8cf00922	169
324f10f813e8b09dab361ea09ccc8baa	169
28a2f2b509769fd05f166fc15d30a3bc	169
6a5f7be722e3d95419942954c08068f9	169
d67dc2c9e0283ed3c7d9d20ee74ee9dd	169
40a9db1b7c7aac6ac5fd2c7ac854d944	169
4b7068777f708d52049a6d3a86c17ff7	167
40c43d82f92bd9b3505b10bb3acf84ad	167
c2be2b6a24b32dc72c4cb64b8a0ac2e2	167
e121631d46d7e12b6813a3f694e1ba59	167
2959cc02a5f26bc85a3551f01cdf1a1a	167
c05d8cad14d946631f87864de3a12985	167
4802350111574beacc1ea0556174714d	167
89524d81c4df12171c497cac10b195d6	167
7311ea8453a0fdfbfa47d912eab4fac0	167
ac98c6cfe1bb046ff52837e13a23641f	167
cfc6ab3a55d14263b03bbd81b9ad2fd9	167
670d8b764ca191a3974930542d9d49ab	167
bfaefa4f37b5e2835ec7ff9ce7f0984e	167
f98ba501725b95219cfed0d426171231	167
1522035bc6d4fbd2fea09c5b966d4235	167
8517f4e618c483b98975ac74edca5cea	167
af59c08ab9ea4c0085ff6a1f51f653c8	167
a6dd5f35544b9c1387136f7ff562b689	167
6ea9d63572c9f7083b07a01dd717c6f8	167
3e1bd4e0be566d5b466296996e5edb0a	167
51957ff11cddd7634ac8823cf7e73027	167
f75b9322ab20df19ec03408c6cef6bb4	167
0e6658ff86cf774cad9bf8cf870472a4	169
8c3506fedc22028defc8e5f1ef52a712	169
c5c6911f7cb4467c830f0fba473500dd	169
0c6d1b53c6ddac5bba132f33bf1958d0	169
d095b5e304a6ca113902c4d0b6764947	169
164f7f2fc050fcdd2783fbf8f3ad3629	169
50eaec9ad1f19a126426ed3c637742f2	169
021894b0fb53efba858572f4880d1e0b	169
85203002882a451e5948dc08b3bc635f	193
817d38f0bd9295fed68021f92dce2679	193
35dcd03f4ffe9b9b2cb28816e504a673	169
61e9510ebba8009b00b67575d415196c	169
1dd6f3a55cf3ff6795f0488f4904ec05	169
fd369c1001626fe3c523d4894e13749a	169
080870911d28f642b7da92874f792370	169
5e082e2292ce96e4c14e250b15247512	169
d5ec55504fe98460abaea1ba7c8f8941	169
e9848045be18a581b053c64ede7b4ac8	169
7a82aae028ef9f300d6d215f276e18ee	169
c62a5de275bc3d7b8aebbb031a94d5e4	169
e356ec6412480ce78f920212aded9afb	169
5d7098fa541e2fc90e0a1adce2107d3a	169
39fc6edf0e2ad3742d097e96b64d36ca	169
9907fb4262f3f088bba8afba44ca4cf4	169
bab05b2895e7e0f58ba70329470c3cd8	169
efd3684883ac8b5fa88e064e78a77f2e	169
201880b9fd449d0398122ce0f32f2d52	169
c53b3b932672de84bb51a74523f192b3	169
99d87ff3e6a065a9c63a91ef98ab48b8	167
f45fbbd5bb336e3a0437468496704519	169
a238511f92640f655e91d87425fdf28f	169
4758e339ed7cb0d1b09f1f622b044b3f	169
da9b7c88d8caeb33b57e1b1fafe17725	169
2203e5db48c7a91e2c12bb05070f3948	169
b45a3b901a9f6aa8c7dd4f329d4f5eef	170
6236f2dcb05740e1c17776931255db9b	170
e4bfc7b8b5968e4c547af1d504138b87	171
4d2cb96b68afacbaafa0c080b24d5c63	171
108552d3e00df270de9f3b815137cdd9	171
55aa0b0be63adbe7ce5684393e75575c	167
d162617ab362bf8b151d39d52e9c6e26	171
fc4aa16810635452d278a21b350bbc5a	170
6cb9488dab6c502d8b28dfc08c8fb7c8	170
9eb653f8fc07d2340455c99c78984919	170
9f111da78f895004290477152d2e01a0	194
e4df9f670efe25911e6cb7d66690f34e	170
4c7a7bb7ff51d4547e919c1cbe9aac81	170
e073970e5340aa9ade87852613e8248a	170
e42e56c91c0062f6055961bab4e2e167	170
026be1d71c825d91d443adcddd11084c	170
86e8aae541f334aa0db2d7bb009d2f2d	170
79ce359c2977001161db5259120be76b	170
bcdf5a305c7e96552599fe4e38e57bb6	172
fe72dd6c15f298bc5149c2bb3cfb2137	171
669176e18de75af81702af3ce893bb7d	170
02e359879eb8473bceb27122aa97aa70	172
569588847008bd1fafb1de0c9dd441eb	170
cea00bcb6e38c4ac7892b47b27d31f14	171
963bf1f1aeaa47479e9124d15074b1ab	169
207e6c4c6c316644a10c3aa1e4fe2787	169
82c70ab3810c609269052dedb72907f1	169
0ef190090f3a630a7b89b682dcf4e380	169
7feaac4cfcf0f536d8b07436def46044	169
e847160ceafb41b3e6fe49b2380a5586	169
df89691e0d13f75f4e37339f87a435d3	169
05d2e357e7e6d375398d05c44bfa608b	169
5f352e2e19549caed453d663ded4a277	169
e6c5d51420a41de3710c8b90ce891d4c	169
b83889fc139a5e40c4eeff08b5d6329c	169
bdda8b0d812bc7240b6656101760784b	169
e24ff32f65a447561970fb20496617a6	169
5a958a79c12f217d545602c45dd44467	169
4796597834db6909b6994026ec6c64cf	169
7bd54ba1d1798cbf35bc8a712f3f47d3	169
f6d1f85ee22df63dcea5fee475ca4519	169
bc2c8462a5c583269f23a98acf01d2a7	169
2e58df3834ec2a60516f72f6a0896fe2	169
b732cb1247c400683275c5f35af56ac6	169
a4660f6956c6f8e4f7f8fea65faae634	169
e4bf0cd6245dc4891b858bc715ac2029	169
b9b822a020c015731d05b29186030654	169
7da5b41f0503923b74a9f89d91483096	169
c2cfa05ef111f0b832a2a3423d43245a	169
046187c7c54b5e51a53d1571d4438143	169
f7d0367bf20e77901cdfa65526ec5242	169
171b909584e66fbb11cacb39dc5cdcc7	169
dd24c842764a1b67bfbe010eac864d8c	169
d6cf9d9cdcae061ac16d9329a509d868	169
f2fe7c379fc8692e4bb88f8edd9cb716	169
2ab32144eed247778aa830afd4d309a4	169
da0c475e49b1d83f360609ca864c14ca	169
ee90a5e6558f0a724465c79ded49e094	169
8fb2332083f5bb80e898a67350c90317	169
01bc09e5e37244babe28fb78684bf393	169
df8992ca15eb7edb67fc83d9a048fa38	169
ba2a8b472b3f2e4b4faa3b34a397c6d6	169
8b770fbbaf5c93e594aa9b772cff0a94	169
f9b9c9cee96ead0608facccaa07572b5	169
4f4b7bb6ab7ba5dbb1a9918e95c574a6	169
0209f0a13964c47f75fb985999364474	169
9901ddaee2506c682a5ddcd6a7aa13f2	169
ee70c04e6ac810fd6b0f7cf63275d8b7	169
f3aeb9fef95b12d14fbe6579e8848026	169
ad68351836c591488f1721d8678eec00	169
1115e99b624b4ad3e7084edfb62f3a77	169
f9b66555d2dbd54966eee8d0e5670dcc	169
20f92d11f4596710223e0ea1622b8151	169
f8a24919d620fac63001b23f5b6bf417	193
02c3a44d81d898c0b3c00ce17dfe530a	193
aff0f90463740ca9d700faa7a9750cbe	193
437d27cde1b87dd265c22de348848720	189
2b0dffef8b1add77b8b3e99ca5c1b622	193
cc70bf66ea8b377d2aebc3001f855e30	169
d9af6096483a0fe4b18ab21edd4f1076	169
1d18f27abeddb711437f5998e46c3f11	169
e1642d7764ffc331ae004db1e196a8c9	169
be6b40bca60163c5bb0966fc9233801a	169
144d3e1f053c050ebc1a79034ba4b369	169
6e1eb94bee139517be07cd562a2ddbac	169
980b3d996822d9fa5dde228b4e6bb80c	169
fcb60cf03d01aaa41a6f88a24a3decff	169
f75853dafd3ce86cb2b9046ff3f4307b	169
1544b6657cb90050380aad9593f63831	169
cadc0acf85e72685535531a89412d2f6	169
6f16e0ace2e297cc3ab8171a7ec29ae7	169
1a4a7341f69d0afec8a37b388dbc480b	169
67380805763140302c4678bc1fa4b684	169
8db6601b6ecbebce3cc90f5569939e5f	169
795bd9a301317606c508bd751ae1c1c3	169
183b78dd3b67ded94931e7f7a6c943e0	169
193af50d50c9febadc05bc28bca290a4	169
add7a14fd5e2755876ea8a59b5577b56	169
e9ae25a674a292d4478eedda939872ad	169
8d7d1bfa9f3449f8c8de60caaff2dfaa	169
5eb2342ee0a20d0c4a26baad5ea9154d	169
f49b64c3d23768616418a42623cadbaf	169
2ac385947f1dc63bd68b03dab3eafde9	169
4ae20a3b342f651588b22fbff671d488	169
ed9a4c1c4310ef8686935b547653ad6d	169
16af48c78f6c87dc0412d121bb0d443a	169
da41c1454fb8bf47f45653a045a0f64a	169
71df3fd0df450992cff45f5c44b08a00	169
e12afaee744345ba9967a0020e1d03cd	169
088d6d81fa222191484256525c99f879	169
3dbfd63c737b0fd66444a06494c800c5	169
9875b623843b24bcefc04f40c3dcd24f	169
2d21c82d5c9349d6f3ebbcceaa5ce2d5	169
7fe28068fc31a6c00bf0973a4f6eb71e	169
ce5cbd1504720e5fb7803e52ff0d9237	169
6057a392de1fb6da1435e4115415e29b	169
2bbac82bd50eb0c157dad4b53ba06ac2	169
69e499b2a2aaad337b3d1eb52a3593d8	169
6b249f8f41909686d7aca9e23b25513c	169
701be30c2ec09bcdd15a5d61d396cf9b	169
3cde47a4d9cfe890f2cf8c2acf5483db	169
36871e1732877a889503cbe103c4e970	169
b20cef6319a76d8b5dd907526699fea4	169
ed7ab0f395c7b9bda5d4c1e16dd497b7	169
981d66e9f4c529945c4dbbb2d4c4ad16	169
11076b7cb6e37463a6005fef19c41477	169
ae96f82fe95af3aec5893e894a312420	169
04e26ae90853e7e5b217dc552a3d25c5	169
bd633b1cc2b763f2fef4483088e0384d	169
70f6b8698076ea5c7cd60f5171fa71f5	169
ca32a3f8224f6a9d377ca3e6535efc6a	169
3acdd7ac944af4be10b521df37854b3a	169
630d6601e1b737907a2198364397b680	169
c9d663429ab279f63820cff77603e59f	169
bff90c795bed4b0dfa4c4cc6827cf173	169
f6b06f072d96fa36fbba1c21f598c075	169
ad9fe9ea4bb8e75a0e6fc9e5c6b33566	169
b9f1bf062d330ec1611dad452c9c4cc1	169
bfe33724a44e05980021067e16b9aaae	169
aa5c58ee5b7f66b6dbab8a1537fd4487	169
89a3fb15dda725f23fd3a0cb793e5dda	169
0534ac64f9714a21a6cf2509fecd0406	169
73d0a9e4883101d11b31008e5b3322ed	169
1b0d0614841372bdb6e09aa30be7c126	169
0af69365b9ebe76bad5594b8eab69842	169
f07f2bcf16ad310d4b25e2b4bbb71883	169
d0b9756c6cd8cf1ed2b309b77ed9bb4b	169
031e26a1cab753cd19736982569cc509	166
9675e5306f23e90907531776327845cf	166
28f97c9d90c585086500f8e66199d05b	169
062efe0630925da67c1b0b0c09f1cb8f	169
d7240a7ce00cf8f4a74676387c816b5c	173
750d4f9ec86763995ed741bf6287add9	169
7cc673f3f3b175c83b78c2f20054a664	169
2f0b0d1e82fd99c54608c4b39e0b5bf4	169
470acf45df52256d45e9ba1df5f57b79	169
7c154bbd6f420fc9335e01995f418a76	169
dc743b5b10f3b709e511c3d0f689a0e8	169
23dd0efcd66e2ae93756abe47732be02	169
3dfe1726eaba37685506f89831cdf3cb	173
be387ae72578073ade90b3e0b411e685	169
e5ee4e15ba56e3b5f0f13e1ff22ac795	175
013a4417f1dfac417d0329595df63e85	169
126f7186d4b516ea9bf12b561c7a4637	169
0a708c0228393296657ddc01b508be86	169
aa52d514d3283d5f9f8a0f185121ed60	169
812adf934622abe6b5e708103debe8bd	169
584520e9ee93f9e43b27617aad9a2915	173
2eefe00edd35af8ea441d1b2c17a610d	175
700b837e9e13af920f7d1853d8b1ad50	175
c1ec8dea2c91b2500c124eeb6846eec8	168
ad46c6bad1f50802e355d3df16896bf7	168
47023c85ec0dc19706b1963a84701a47	169
185e97dbc7dbb396faef52a1c16b5e77	169
319b4cebdac387c6a683253dea0409d2	173
ddc51ce0356a617034590c7b90417004	169
e164b638ddb125026d8d0e8f8d640f08	169
a0860339e08e47378ffa9168e2c34bea	173
74083f483348a3427d1fba7aad0e056a	167
3f3af751e74f99f50589d985e766c853	167
d5448724c7acb732bf8367784e62774e	167
f227532c78f5896a30a77acbf1a2142c	167
8e4d898d2c0ce846c654d7a36e13e474	191
3cf52c11c73485b0fa40d0185afa9ddd	167
9224143c069767885aa0b52e4f906e63	167
2a93b1e4c8bea9d91c20cbe550375014	167
62087069f5580d76cf83546dcf8a6dd1	167
61b313c6a3ad0e09883458f952d3c689	167
6b2c24c45cde5ce344c737287e5a4356	167
294398b9195e193ecd153318f8f48c4d	167
df656aa48d06942b88e7c268aa06163c	169
dae7c8b0da5422877d43939c594911bd	173
cdcc8a170793c078cd4f00634f2f1898	169
6e93506817884155a7c38a3d144cca42	169
313c913f6b07ab777e672d23630ef987	173
8432348eecdcbf891a260907e8945f9b	173
89d52f30e1ff09e74991e6c65f12b34b	169
c9b49c6fd132bbe580beecdc85c684ee	169
9d4d606cc92a7e89af89e105ed975379	169
2bd8378c077f7c3cb1135be06a5941bc	169
fff41fe0c1729ceef8f4a6d4cf4b6767	173
c223103ccb8954465c753b5970817dff	169
4d19671ab7ad932a4ecda1e3b7a0cca9	169
32999c139c9600318a0c63030d12d13d	169
da7497981794f44769e3afcca201d104	169
0f93408cc7f92646b3202deb64028d97	169
ce01947c92f3e98fcd0005e7f95ea048	169
3bb03e0f007e25e4099a6db2c9566a28	169
0c52e8973519619397cbf054df1af59e	169
4c36a40f8fa6a64f4022befb1dbaea3a	169
50ae07ddfdd6306ed934ad3062d100ff	193
01d74e1d7c8937c6590e272d5c921e1c	169
9c432cc45e93e9478c072a85d27c58d6	169
3313a21e5e946193d59f3495207218fe	169
8f010bd69c754cbca44592d945c2fd52	173
12b85f4f5d7a8a138cccdb265837494a	169
f76e81a80c65bdd9524c957d8d7119c3	169
d4abf452bcb868192bbc270482d5c159	169
15d45376b2fc37b4352604938eb6fb34	169
e77dd2a9802a5c99d32914e41a9bb4e5	169
1216ad346b06a6e489ac610f6c5b93ce	173
cf4891c0314776e84214dd39f729b877	197
8c59aabd4afca7f2ff446bdf3c0f6669	169
8182aab7e13b8893e043b789d108bb43	169
49b2e9b173ead64386aaada019b7d832	169
15f0d1d59881e8ce839099f6178b0b81	169
b36753129eb2f8706ebe2459eff6bf38	169
21fdd7fa206b9854f55d18d44ff505bc	169
1c4d07f9a526cd5ac2dd20c2fce1a06d	169
4aa8003da02ebe4b71a6994aba39f0bf	169
c1009d92721d895ff7cb6b5b2c79f3f8	169
9da4b9f20cea5e350268d75d8f7ad45c	193
fc6c46db2412d914cf2171f553203693	169
06157c32f7b2050b8ef4814960c6b9a9	169
64e312753adbd39b2100dab118e998f5	169
7158012ce4c5c2160df642aedae0c53a	169
3e0cb64b65da8355a0f20e549242eba6	169
503c692421a8f6254e950cc97fd66c36	169
c0098b3bb53586294689f30a85a2d0b8	169
12f42ffdfd7e5c4f76034a07a86ebba8	169
938ad8a78f51598dca8784bedd48c6d8	169
51aff5146c5faa47b58c512a43d306a1	169
2631b1bde7ec2a490e175b438cc97cf6	169
c7a78d49c53c778fb3da6804d2a080e9	169
417c03084cc9041068d3663eec4552f3	169
b07520085428da8364c58916d2a413b4	169
464849554894231ead1051095967ec74	169
419fb78d196ab852ad7a19ce74071eb5	169
f9bd786c9ebe557db0d5a1767c578553	169
1e569c8e5d288cc17a9d85dfef1c91fe	169
db7aebd6e95ca5364798d2d928449050	169
f14f54ad38882be169aded7936ad7675	169
b97dcfb281e001d42f9c60cf3e981255	169
a7b36747934572da6084cbc0092c1fcb	169
ea93703589b3633df9daac0fa6a59683	169
6956a8e593d6fd3bb60961453469d140	169
26ed88ec28730cc59fc5618f8764036e	169
fb39dbce33349560683e8180730f1aa0	169
02b76ab77a60b5c44a7adc059729fd29	169
90632398ad21c550c70f3edb1f7c2244	169
b66e7f32e04b13a01ffb7c616e0a4855	169
a6964f4bf94c3d2f2e2da574715dc348	169
6ac461c05982b8dd3737676f7cf74dde	169
b77d75ce347ea27ae1ab550182bb0373	169
624d5216c4ff2a51b0c5dcc1d7e2eeed	169
2689679609462210a1d70dacc63ad8fc	169
c23efa95d3226be9f99d8b774a5010d0	169
1d6c2bf146a98d23db144be9219f0782	169
9c2e8d9d4050550f938bc17c875ce452	169
054dbba88ba374488199f03573ffd8ad	169
1f53fa4458b6c76b6965ee068b91f286	169
f6aa6162917fa66ab0b06f2682a1814d	169
cab9410e07c4c9ea2a82d4f808be1c37	169
fb741e0faf00b846dc3803230f993fef	169
ed0a74943c423ef0e94406c702671eca	169
c7e465ac77bdfaaf6b59900d37a093c6	169
8eadc0bac5b416c1edc897ae9239d650	169
13176d1ff048b92a595b7c6e90e3c0e9	169
933defffe30cba9fae40c0844aa63720	169
7e7402bfe6f5d3bb45ab902654ed2fe2	169
fafaa0222d981d67b4dc8d0440c008d4	169
96a8dbaa0fff43cf507824bfb27ec696	169
a300332754914b9e1307dea90ece8023	169
98262ade86205dd62422254b7fa17cae	169
94bb845222bedb078646436832630976	169
e805cb7e47df53b1679bfe92eef39829	169
d5d44e9b46f2241ffccfc8d3e4823520	169
028e30626e54c990ac5f9e70d38455bb	169
3039db22e55b5ea9af4fb14381acd9c8	169
db81d165f0a4a3e1b63ac2a006e4c90c	169
86650b585cdf0b25afb3f5e599748850	169
8d4feaa72a650527c9cd442d9165edcd	169
b1c8c8d0fe3a0b19686cdbecd49ad944	169
6d9628af43f8d4339b82a9588472430c	169
addd57bd3b3937b61b32dece26f8f166	169
f3de2a321eaf8df010cb45ac081c178c	193
f18fc6d20f279ecb357bdcb36944cfc1	193
e2dcbdbe95959af79e45df835d6cfe80	192
a03e2070f91e790200061cd800520905	192
9961b07187f563f0615c4304f7dc58be	193
7f12fd6fa30114b9f3cf23a2fadbe4b1	193
cadf0544eb6eee9b48d52d2d8601cd36	199
ce8e5b2cd6803f0d06115ff611b6d1b5	193
299810546490a758b8e79aed446b256b	193
031f536a3db2e24b5034b7d7ddceadeb	195
fda1f6fbc2ea7c1360d43f0b55b950ac	192
9d526675ee1f7ed169f807d511226994	191
76dda8f507f7b61de766c11b46a1e640	169
3e2e53c0b49e76bc80d4b3c68e89cfdf	169
5ba7bf92631d2d5622b46afdf64fbea5	169
ab12b777756a795b415beb1915fb9b85	169
22c8b60610774900c645dc2a5217310e	169
2107406a80f71799371803f966b39acf	169
4a0c947a5f02a336fe11f1e105bbd49a	169
36507d4d47310710eda9b4c3a32a563e	169
c9e0ade9c2d549e8fcf81baa7efc9ddc	169
1eb8ed92badec72b88bf5c4d2e6086e9	169
4ed6a62b19453a8b19839e7e3da0d89d	169
40f998faae389b226793c08ddf0d4de0	169
de03f6edee9da328cbf53aea34ea01aa	169
025a4fb2746f286519f551d3615af076	169
a5f5876b7714e51687061db538e90ddd	169
b92a3524992c874cf078a88144c2b715	169
076ca504984d7be5f74d78df6663274f	169
06ac434a489bdc6b0c33d83d5ac33dbb	169
1d2e790c5b8e31f8f0c78302e6674021	169
e90018952b45d6ea771937012209b6e9	169
5e922e91842c4a7375cd516e6273040a	169
c87c4ddbe03f13a89aa3d3efb148ac16	169
d78bef2696e88131056d6d8410066e3d	169
2aba1394946b2167a812b7a26798501f	169
54ef2a94c13dff8262460f986627820b	169
f21f6909e3cf572fe6ae86ec998d2e33	169
ed0307c3c6ab300ffd8302520927fc6a	169
f7eff736cc40c51c2e68725e2b2332d2	169
bb2ff65e708787e1991c4ad103e41218	169
6a5198be40f5b9b85273aa9a3a355a85	169
d7deac94ff558a45caadad41e364bcb4	169
9dc8ddc96e051588fff8daba1668706a	169
d9f9259f46bec9236cb0f91dffb611d8	169
f78e88352ff000b42ce51b8216b1edb7	169
90fd05b1789158603af087b6ba205553	169
bc287dc097fc7ccf25d74a1a091641ad	169
6f56ffde6e51f4605ab8095158f45b0a	128
372c0dbb56746546f274f1f592048280	169
8da5d04ee14571c834f15992d00cf3e3	169
2cde5be0125eb8c550beb1ae013c77ef	170
9cf102896ddeb2fdd16cad8ee660e037	169
cbee2281f06e62bfa2c290a01d1ce273	169
c1a2a28d70dfc15274d2da0300429d0e	169
141d5eebf1eeacea496714dec99e52dc	169
56c3f435b33bf366dff0c765d55c83c3	169
c68b15190775ff2f954b3dcf54f56f67	169
a56b42c7f496da30f2d49462069efc22	169
1d0d019a49130f6be09e2d9c3a24c742	169
397fc6105c8b26a4ff2d9ad2ce89c005	169
85beabd82b10b382bfe47366e1505fd7	169
6eef4c2f19e12ef1299c1b183f6f4aa6	169
ada26d7c722d426ed144565d5b602202	169
ac75640c75e9d31ab0775c2572534ac7	169
82ce53025781e2495aecdffab96b7933	169
bdfd0ce8cc51d3d98107040144abcce2	169
c6ec79f3942d77c7248fe8b0e7469cd2	169
8ace0cc3d410fb7800aa4d478e564c21	169
231393f810e0e879b11b364d888f2a4d	169
f8a8938b57d8f3e7cefa61f07bcc7a5e	169
9fbbcc6158bca9e6eac9c5e37c49f4ec	169
add2641415af1efb270c55e70f9f5473	169
7c9947e615a96c46baf60fe481d2c700	169
c7eff24e4f76cdf85525744beaa63fbb	169
0119262f604242c8b27b9cd7312e5bbb	169
8d9e8d2ce46fb64c061e21f775eae9fc	169
287fe4f5f86436c08a5658bf5f2ec156	169
347bfaa23f9cd72dafe132e232f29ef2	169
0e76cd004c78e9feac468977f05e9cba	169
5ca80599dc907f01be8b04ae7ab087be	169
94f53e34556ddf08a0cbfe8feaa009b1	169
1c4fb92b9b25869042eb8d15de72931e	169
a6961ee83911df928f9a310cf74659fc	169
c757c022fe9f4c0eea7dc26b0e6f2368	169
8088f0aca9c41f997884d601d60fb6bb	169
a0cfaeed5036bc43e39dae31d3040b4e	169
ecac0f2dd240d3ec3c8d15792da5c9e9	169
b93888b4b337b560d920ce26ba416eee	169
b0a89dd23426ab26a0160b93fb21a0fa	169
b1277cd34111783b10a13cc9af50ac64	169
d5d6c8d2daae79156744dba5de7bb3ec	169
ec5c65b2f74e987d29170cd522208de5	169
817e11d2aa475120873f58b6848eb01c	169
888d6277431a6f25144a298abf47b6c3	169
4220dae7ee59a84e18a03bd06323150c	169
e608a5e36dc3a0b2f1177e4757d3145a	169
5d758793af6fa644d76f0b30c4cc9511	169
4b348dfb37bc3401dfeb9102778e7ccd	169
68aacaf122bb2d295b0686d1d603e420	169
00f4e7c6fe66c29fe768150c9c9bea3d	169
4f7e0086b6fb25e761bcf89920f86860	169
31fb2e00810dfc573e2ae4c16cac91dc	169
42482607f4989f9c83a93b2acd1a34ea	169
0bcbd4d3c32d1acd1b8e50c51f6fe18f	169
716bbb9e5290598749626786b30ff657	169
6004d4b8cb163cf9915e98da5f396c60	169
bc0c655d8ca7d8afe76ea4dff98eefe3	169
37ee89cca552b1728215c8658ea1c6ca	169
d7824145b9f3af7159d9ccd4e49e4677	169
2211e62142a01254298089e88c207982	169
b52fcb5b92601931bf6e3bd978a1e062	169
7f6631e255cfecdf9c73d14749ba024b	193
08ad360390bfc303c01ae948ca8e9305	169
3a626793397dea1d413e4a9012437513	169
293929a5e85e1f33659cbf24f100d82a	169
7b981c583dbb140ad57ce5771fd57c84	169
770a3427a4019a1b0b2ff0784991b15d	169
4289c0c9229bc22100a5ec51c8b904a0	193
d44dd139527b73a6ebdee3aa2b91f5a3	169
3bfcf1e2af3428f1d3c4c293d1d98b10	193
8c99d34c73f4d6bb31ed0bee085b3398	169
ef14c9f4becc01f358c282a8ef1f068b	169
c46340968de6eea37f61e53578503dd3	169
7e126d8093a166200a8955989decddb4	169
3b6505a636369041ef0cdb57e7c41b22	169
5cb2bfbd9ca8e0f331379a820b65793b	169
78e21a7964b49ea4cc81007ee65eee96	169
45d80c58f6dcfafe30dcfab25dd483ee	169
77bbf44b1b141689295ee714e4cb23e7	169
aa38915b5c06813b0d47bd0969fd6eb9	169
c40521e483f53ba51a3f6708a130ec18	169
73bdcaf67d258933faa9c8434568bc04	169
fa03aaab80a7b0bab692229767ccba9b	169
efac9291335b3d245349b240e781c0b7	169
0961a8110d3918af7252e8530d828051	169
bdb871024ff2ad95d56b73db93f83610	169
ebd2bfbdb1c5e34009da74d5de5b8ff8	169
b2aeac62475ac0483c583186196f2cf4	169
f82486ca323277595579d33a05639880	169
4074e6664bc02a9937aea4ad9c5d7a84	169
18325745f34a7b4954f188c6818aeb23	169
c897c96a6adae379bc7803adc375e0d9	169
c6566425fb6922b6a960fd936059ae8a	169
d6a19d49438119f47e84a6e22caf482b	169
1b31d37d74d382384e213d079ec58e68	169
a2b9accf19871a04152443cf546841e2	169
e09956527d991557afdf1ddde7c72d0d	169
bff56af3da67ff559e50940ae4d87ef6	169
c30b6fe8bcfd287b88a140670d789fbc	169
c82fe2457576a63396438a09d3c48770	193
6f535e64efef0cd502cdef5fde1ece5e	193
cfb5b0bfdaf0b258177dc7c19ab77ba1	193
f7108c10756c902680aa0b082b34815a	169
a00d92b3cf1f8d7f8a118892dbcb11f5	173
77f84618ded2c6e149f07f306e658883	173
30c5d9b6c3543df7d89ab761e0ea6da3	173
0596b483cb5771683e2d34bc09623361	197
a54646186dbb28d9065b3593c81470e1	173
133f096e4aaec1fa75746271822b3b83	173
4d5daeb5e8c97134b3b41a02b5ed4b86	173
71048af4f850266d19696520566bd726	173
03b08b9d9e040eecef63b6d3f60c7303	173
e11667f2451e28820d2e90a041486925	174
98fb8e3d8264f72e6622e7a4bc21cd50	173
b5185dcf1f30e8a31a85591284011b67	173
fafbe59c5d5d6e343ca6aa0343dcd4b0	173
3f88843d055286ceb32fed6a032eed87	173
c73c3e21680db923093085feda4d6ecc	173
a5c8d7a1e94f3a3e88499707ce34b52c	174
4b4e8677c49a41060def51f0948bbe78	173
f0626c783d466a853bef4e595ad87389	173
29ea7db42f351e64fc23a1b6227a973a	173
3930c76be278b17b96fdc1bf9827cc04	173
96a783e22646680651d2ab753822c282	173
900af8b0faa2ee21a1e972519313ac4e	173
7b73d58d2bbfb3f48fd6d316aee42813	173
7eef6cef4ad0779978f344c811c5acb0	173
309164672fecdc447a03f005a6378f45	173
3dff80d2d3d47e058dceab3606b8fc00	173
37c2d350be5db1d723b3d091cfcaa492	173
775a85b77db0810bddf7f0fd4cc9e978	197
759159e405510267d13f1c1e8a5faaf1	197
e0584faa1f17ccda4f6ab797c9de9eee	197
e72759e22f3f2006c3733104c997f303	197
9f89af7971eed358a6d1f95b89758123	173
a9ed211a3cb8b58629f577b51d2f5169	173
835361acf933ce58b02569479340244f	173
4669eaac9538621e2e93ff8b045dbbe4	173
71c6f3863dce092e5973f11384f22a36	173
7a0292b391361fe0f68c44f96ab60561	173
f6d47b9b64a767e54195bb3b93a19af7	173
65395b5aa1c97b4f69244b8c573a5252	173
69c5c827c75370a135c96c8534616cbc	173
7665c2d59f09eb17aefa02203790186f	173
6760555c700d6b96be011fca78b89b33	173
b25aa407bc5099aa8cc64a406c2f35fd	173
4d669a3318dc4d67fa8229ac14ed23d2	173
71dbec2d50053f42f5965856b5bc8829	173
e838f760118bf8607bae5b8836039f03	173
8a0b2727b935f7739727e92ebc2d620c	173
37a440b6569eb53653d1a01e18a2cba2	173
f30ed70a74834b96e5bd2ccbf964014a	173
922b30e4078b9f8b65f0249fa684094e	173
07834a2c67cd95617933537f0dd8490b	173
0d04cb5347dda61770a34ed004b70404	173
9c683ef4c6e09821fe52e4f78a12de95	173
b897ef9120e74a461e9b688feb5b483f	173
5f3a7fc1ecf2d081720f8b35e5b029fc	173
211e719d9852d1779cf06edf512f1cad	173
74ecd6567a9c0e41d29e3312817be0d2	173
3672ead343fcbf4b60213ba605a5bd48	173
a38cca186fc261590bff023093a5834e	173
b7f042a31c1a234dddc864a96dd438ae	173
0f31733ed1489c26abca1ae03e32247e	169
ccc940b4b61666c1ef194b6aaea3cd33	173
c735bc00cd26d6fc0f850e03bc2acc68	169
770337d4d2012b209f25ff1c584e38af	169
46a34c2cef92b308cad3079950cda4c3	169
842b4159924322e05b70a2b431cd1ea6	169
2eb9df8a793525d8b558fbb9c1747b42	169
077e7f7728b1f6b0fa38ee6f498910ff	169
a02db7cf00509ca89d700b3649698028	169
4f491ebce9960e0425bca10633ad8e9b	173
7ec8a3ae550eec9013a9c9914910d1a2	169
fb18e9b456eae0d46ebbb2d23aa1d651	169
c2bc6ae8895b974a569e2b61a9f93da1	169
cda66da58aafd3c64f615eb451e7ee29	169
95034e317c65670118e2435ccf6db4fc	169
4d65bf93fba2f50ce472c4f26eaaa7fa	169
95f5e28c01a7f2589344550e8e56a989	169
9ebb57ced2d96df69bf86bfce5a335ba	169
e1c653bc3b8fcc606022e962de07a2b9	169
e91f73e0c4ad591d659c69da62828d59	169
506f52b03a5e7496b3944a249f302252	169
a6ad9f33d86ba2fd870ea41bb5facc8a	169
8f9df46eec7e59e3a6256b515ed72bd4	169
49f370e3fec486abad9af6d3891c3b64	169
524f5327125335d4bc22403eb7d7778e	169
bb2a281f38af5a76e1615f7a2dd43192	169
93debb2086a276a4aedec0f31e0299a7	169
48887350742a6cf81ea4ec2a60986e99	169
5c3756d04b34970db90a6114a6b4d614	169
6187cab18552b158f8331973ab61783f	169
b2998cbc97d55afab9c34560839a66cb	169
54a0294c829ecee3a7d92dffcd23cf5d	169
69dac84a8b7f50313a3f052a43fa80b3	192
ef27c2f1bf5cacdf56ccf8a93e47c007	192
e60f0bcbcf3a4b07491c7f685c460087	169
00f38a3a49baf54ff31af377e524087f	169
17f65a60dff8c2934e759660eb2bab81	169
d7fde3b6d6bbc39553d871f7520f51c6	169
0e20b2addc2f73ee07e9b1b67bc4121b	169
c12a267388c1f352fadc6db5b2b5144a	169
136b298a3eef8ac86ad4d415f1a4b63c	169
c436fbd518a3d82545f094f5a6bd4229	169
fc27e9eaff6a1a413dd11749037f7170	169
e5de397e61fcabc18d2980b113355cf6	169
e43509359b9248cb4a6f0f8c20033a91	169
f5dacc24a553bf855fe5eff6c3fe1b26	169
7630911dbf3055ec4b063f645baddf33	169
945ba6bddd6dc13637cc8621d92db136	169
a0003f7a560a4fcde8fed6cba5d7718e	169
52bbcfd13bf6ea4e7782ebacff65f1cd	169
c0e5092af35c8a316f5667ee72e25838	169
728a36e16ddd1a04af706372e76d35a4	169
b8824d1371fabd9bb459d3da24cf6bfa	169
ce4388ab922be3ed59425bbd32e52884	169
b089d9dc06f3e65ec111911afcc0ee43	169
b9f2c34a2ab574c70417d3aed1c56a1d	169
d393eb1eca9064488b1528b1d717cbf8	189
9d26daf7210d002a65e543df81fa8510	193
606f1f38d38a3b472c16bb7c3b84f520	169
331fe63d07ccf9ab12fe64b6116f2ee4	169
b7a0edb3c51e8071437c64f6e8ba0acb	169
5dc73c1a2fb9e46e67049d226f50ff0b	169
d1557bb521d5476aafc67e589303fb22	169
a128f8d7d92ef46f95874bfa01c2fca4	169
65c9242b3440b14c02837f7e333bad44	169
d2deaf2a1e70579c3fdb6ab5594f84d2	169
40ec04567ded796671057d97da9de26e	169
cd26781f18aaf57d2f0fef46631dced0	169
479d96dc85d279109b7c3542713a3320	169
bf739c9598938bf0c6848742c39450e8	169
fb31aef957e3ae993d0c61b220a257d4	169
d38cf083b0167df635b0b73e0f9ecb33	169
37fad21c7919cd99ea12f2f4e161daff	169
2b38a4736a0b8c70815934f86b5389f2	169
c1c93e6b5b1ca152aefee4b022eb321b	169
4b45057a941e421209f9dc03ff21a53e	169
0dae598fe21f2dbdd6635d6f80c98177	169
aa1c8129bc3f3d9ccefc816b220d3983	193
c4ba75fd9fb08011b626732419d33996	169
771e23cb4b4969f5ab7ec61958281237	169
fb928668a904a81909f35a9beaa79ec2	169
309668332bc666017c6c55d3322ce333	169
2a6779f1419d60a329a392fd5f70f73c	169
8978327fc2eb18552bc545c56a16bfd7	169
f0a2b0c1f4d8c2e58b1f1396fa762bd1	169
9b8aeffa245aee0e256ac2f7c9a69255	169
8136afee7f89ab60a7441e89a13f0ce3	169
9ebbe7731e19fc888a2d958fd0bd7f56	169
a16cd43feb6398683138fc53abe35774	169
a7bf537926c317a3773e31e847431789	169
ff6c612e0136ea8317073087e30cb9b9	169
51354624b8731eb02738defaf880179b	169
efcc9450010d3fd814c4dab9f66ac002	169
60a9775bcf374485aab3da6006558a26	169
c4e54dd9a695f9d1bc4f3559b9245bcf	169
bec5d4767b1041d363437d3746e5b338	169
b744bc2cc0fe25c8db4e8cb520174225	173
e972e372320cda4e7bd4b79a218dd305	169
795c51e99ac465f3f206a1ebc733b032	169
dc9baa6cdafc17fee922002662b4c360	193
aa3abde950b400985c51c5843b9e18de	169
87abb7671f8ac86582c41253d18b9739	169
edcbdfd9eb6ad9a290cd1fd532a9464c	169
e719ca346cdadedfbbbe674ee77c9ca9	169
4e135c59a84637168dc4e43a40066bbb	169
c3db5668038e41b1c65d175b0c9cc9ba	169
615186410597fa1c77820b189ba74a4b	169
cec1f1437fa43d14da20c1c5bfd926f7	169
22804174facc1a6c222e881104c1e48e	173
5bacd3bcd9b347a56f8c5520955f6440	169
4701b7dd42afaea77477d8b80bcf1489	169
d9bc0ddf554d4467b3a5140a67f562de	169
def3d6778b09177fb181ad5c7a9bbfa6	169
143951628c744c031412b73c58d88b50	169
9f15c1ce0e36c19c1eafc60ade38ddb5	169
524dc45cf2ac8508066ae3621db82589	169
5d6e66f95d84de78d23e65f88cff45b5	175
aeb465a953fe2bf19bde3e2cf5e4346c	189
947e11c5b8bfa48a6142723c32eb79f0	175
7a5c4c20024de0db14209bb5026a9dec	175
c8f60214ac1fa1ea7933e47b07051d79	175
2ab7cb37bd994b32cba11e5072753e35	175
a3a6cb3d857c92fcc28c1dae4129cd1b	175
a06d88b09e0a107c804a6fb500cb5c58	175
220720e180d790e6c1b2c3d63c057f60	173
a7f68231368ca7bc01a4c85f84755c1a	173
cc1d01095802b62e37ad2b911f859593	173
d23fcdc84192a23cc28d98cf343415bf	174
ea128e70c4153906b145415efdf56ca8	193
65a687b3866cc568817331c46c6cdba2	195
249e4be528926e9a028775ea1a92981c	173
cc82f7c1510e39139d4f07ef62c6a4c4	173
014a0b3cb532fdfcbde90ab166733b27	173
2fc323f5b3c0d6f4fc043d212aac0973	194
27d9373abb1e8dba96ddf8e31714e3c0	172
db00ff4bdb9ce68de696c0f6590d1bf7	172
c9913949399032b4ade9f40191283858	172
656a653d4a1535c6246e1aceaa52ef9f	172
3b8e74145c35304e6a31ff41050b1c10	172
e9b443eac532af1feebd7d8ba03345ae	172
bf4cb31875d4898bacd16ec7d7c36090	172
cb3b737092383473586bffe1ac1283d6	175
90c31627151a4dc3f7b76a63641fa10e	197
5d2ed10236839ba515cf016cdb260378	171
0a4d2fa606636bdb15ca531f04b07f8f	171
71e041ad1334a30af99b0ba068c79c7d	194
b1c37b9cfa19fa8af8cece279deeb082	189
295974fb5f58fe3f88261345f8c707ca	189
dd8c2548577c16a6782d9ad97061dfe5	195
e57a6daa3199b34f9f645bf9ec068db0	195
608745ae3a037786677b1476cead0f25	193
b22769164a720f6e69658d5cd787dd3e	187
3e5cfd18bc5813d6af0074b0d2f9e39a	175
d23cc20f5ac24361462304c1bf2a113b	175
718fe99a408322001db7be256af9e924	175
45ed4283afcaad6db804cc8b7746e25f	175
00238158fdd2d6aa0a4d1c493277ac00	175
2ba1ebffba83ee6353d126b3d4999d30	175
69de4c8156d0c16dd76ad67308903d9d	175
8a35dce5c43814ee37629120c205b38e	175
388713c9284557a717e9959315147058	175
71ed39f7cd32b2a53d9c7efc0cff8bf5	175
fc72de966d12d424687ae5baa558ab93	175
7081f161b0aff936e0e138d5db41f21e	175
624a5de0fa56e04668b4e1b1d797e220	175
fd83ce6aed8cb59332a1d88d3b09fe64	175
c6517bba7d067787e0cd2d01012b6c8e	175
8496c5b61a796563203c7f3e960cb99c	175
808aaf3c59f79a3c1e6ee7b643eeffed	175
3235a1b6e3a56728fdc7551833a07429	175
2775a03b16a28e2489d95c1cb046fc38	175
049c137626803e27dbdcc128b9ebcd09	175
3f925dca2ee39e1fc1228c052056f5b4	175
4eec838774d02112652f0a2a8bf6e896	175
ea93b87af9119df2b224a15675827282	175
6dfe4e41a48a83444fbcd27b673d5408	175
d6b163ab1c0b3a29c0be1b37b026e017	198
7efa7b872f03687ef68c76bdcdf93e49	175
c3bc3649e3dd6527ac529ad2fb801574	199
b1aed6e5b45093f70079d45f88ad64ec	199
37e44d052e840320d3ec73710c77ff4a	199
91826f81cb902eaa346cce151a50efe9	175
296fde33f307cf387382a27f04b5b6ca	175
632b9dc68a55dd9cde45ca78304354e7	175
ad529e274f83275a858a611bc50169d7	175
5923d390bd2b99704e8b00b688f94737	175
1fd3186d048449dadbc17865b2778d90	175
038111bd426092832a91e78fa5455286	175
099095015c472ccb9ae23c8080519216	175
ed8baa3c17059d004929ed6d280aa2f3	175
b5a8c89b6dff715fe04523b7ce14aef4	175
d6e16876ebe2da8a4b9c252257868d93	175
f3363bf921d7b219d03f38498ac54203	175
04059b8d2c267eec9382f80b27f693e3	175
6c43e7cb2f46a8a5ce69906d8336f1b5	175
6df4e6d4d36a6dc9069a86038075f591	175
33bae815ec7490472d4fe62c854c4eb4	175
e6d4685c487f748ab80d904c0719380d	175
9259ad4576b85ebbf8243d5a1f125c35	175
630872cd2f391b9129edd39a50c0594f	175
ad0040e1f89803752e9741df8318f3c8	175
302730b7c90435b98daba5c6efbf0386	175
a99e403f3938268dc39a9bd551c9447e	175
d45d2b1fdc53e0c313a328d4aa9fd98b	175
76e890b172679e551db30946d08faaae	175
1526fa39f9a92e731abb69dd78e6b3f3	175
97136c0659f62e5383d41509b55df58d	175
db24c93454865e55531b9c307fc195a1	197
545aa24f896a22c27c8251ded97de408	173
99026f6e6a920cdef4c9d94e4b393ba6	197
6a16cd4480ce01ec4556a7b9fa7d2d7f	197
4cf3788ba7a188371e8c01dfbc049344	175
768eea3a65031755a89c08976b10e93d	175
b2d92ae417a6cc0a405fe267ac760f5b	175
ac0152782968e4b5011d8019de0c35f0	175
a1820c0f23462cb520620dc9666ce309	175
df044994e0b64ba13ca097ec4fc4fa2b	175
24c38a5fc8e30c31c8c65e055c673b6a	175
371ef2e41fd79db1908129b3c516e9c1	175
4665c4112255868961147d9f9b7bf8b8	175
1a8306b4f1d32e9144bfe13daa3b40d4	173
2f35fc23d36d09b5e9ba88dc523fdd6c	175
977b1710692446ff6c476e88a133af91	169
01a70589bf9464b18684a79fa036abd7	169
456a6ca0a6e62a9b94898e37fdcdd322	173
a3b4b7a458005f47e7985d1527f70c6c	169
cdba51b58c40d31d4bf4ada1d469d8a8	169
a46278e7c9f69fd5a1ea73f69ab9f852	169
652a14bd72321e5b495e8b68fc53d4f9	169
a416f543437f8dded7a827c0f7b6438e	172
fafdd25e29f28db355e91df5f8c36556	169
0bd91e92c505375d3c5e9881a7f81175	171
8ffaa1746fcd90445a783d08ed2e9c98	171
60c96529d73af3ada09a2a54dd190d65	171
2aa7c1a396c37c62faaa271ea46e8fcc	171
4bd79f8a43f5ef4ff28b0789cce36251	171
c8ac582f78c1be01e9962a4188275d82	171
402ad31e825481582d7a3b3a8c5e4ee8	171
15f6c74fbe7e6ed059817a55696830c2	169
cc3bdf5389ea0cf931b3b1028214f496	169
1110699537a4374f8cf3736671cbb550	169
fbfe16bdb35a9e81397de7804e88a40f	173
d460121169321cf0c6feea2992840608	169
8811ca9004055e0cd96d481f357f91a0	169
e9bb33484e555aa82e73c5bafcbd729a	169
c2e2bb900577f2c706562902f5b36ba6	169
c344597152028a36d78c219e988a780c	169
9c46eeedbead3dc5819f234a205ba10f	167
c50678c20fa16f2d3bf1b48613d7979c	167
8a0eb1fec0e5c765c9785a05bf822482	167
9606a13549aa051733b20405439cab50	167
961200ed652b6d0403c8ffcce43f670f	167
20f43d792e5da0ed623055aa1b2b45a1	169
fe444b0d594b2c599de1ef3692bf7d08	169
ac6568de5980159d818f2802bccd397d	169
33f7252783e1aef74634ff7989ba6b8e	169
ae2e6f9902d2f9a04cb796706a8c2413	169
cb446c77edda79a5d2491ec8d8135f73	175
ae7eae65d8da1288c167b91f4d66d5f2	169
2c3f20fc183215d42c7b522fd66a2023	173
3903511baa71c6e05c191ffb21aecd20	173
78955eaaa7e0331f9d2557283f700a12	168
acc953a2a2461261a7b29f6ba1c6b2db	168
82f5d11c46e450467a17ec05f5ffdce5	168
2238526fb62bc6ee6c46e26a994166d7	168
9a13a298ffcf41fd9aaf091caee57b99	169
afbe9bdbd214ce67c07ad2ccce6b6fbf	169
b69577b27a8954efff0f80e88bb2f13c	169
8a04bf1403f820c19acb34bc14df846e	169
9b6586e6abb91d04a86b12529ed0fe1f	193
6317ca9569e13e571f415a99d7707e3d	169
8f7061f92cb7a326ab604b187b2099c9	169
08d90b68f42b8557e613d54c396f60e3	169
7ed026dbaa4b726a90419eda7d58a39e	169
84a19c42c688f03cae770e5af8d0878a	169
e850cb7c3456995fe7de38b9312674cf	169
336c6126e766ac93f476d427daa4dfd0	169
b1d0ca7ce1a07a0f432a5dee59b3f1eb	169
b506a2f2d299e191bfc764f6c2ef40d0	169
c550069dc8615b4b6639dcf18d50eccb	169
8c2357d14489baa3524d592336148e96	169
9280855a2937c0d61b96a69069f7b9fd	169
2f3ec42781c923e0703d4bb35d611e94	169
8717e2e31de076325e0df6ebd4b7dd34	169
0e465757134f5c2ecdcd7dd34460f2de	173
925254bea6efc7fc8acc76c95a39c5dc	170
d7440d607b46019c5c66d8a35ade4345	170
5c237ad82bbf4d59d2ccae79f06922e6	170
f91cbeb1b25449b3df2fe641cbca4ac6	169
9a37046672951d930c4dd030b555eb02	168
5737da6c117aa11fda39f43a9f34952d	168
c690ae98b6d0aef587ab09bbdf8d8b0c	168
41cfd7953595825c0504a2d67fa57a31	168
7d62cacd2d96c6dd6bf09709db7da638	168
2ae57f6ad26697e8fee8158440a9aacf	168
fa9ecec4e40f8d074b72a3b0bca379f3	168
1134fa866e8c7206b7d0c980538fc88b	168
cf25042026cfb29e5cc29f6548bfc381	168
4636104101c3df095db40af58ce7b902	192
9270d838b19d7f934987cc877febb11b	168
bbe7c5ef93ac3445f2b76b07d09fb1d7	168
538700c75540880fedddac77852a12fa	168
bfda18cd0b30c328ec6cd36e8b657c20	168
28171dd5c8afb23b54ded31108fff90a	168
7bd17a07ffd2d3499266a329818fe448	168
768c554067b8b987b00c63b79c2fb0fe	168
840043c07f7d3baa864862e6264a4cab	168
8b9db78ac678ec933d82ecffdc396cab	169
c261f6ae8f0c2c10324e150202363067	169
fd2965403a9cbf353bb0b13c1eec96e1	169
0171707eef6a3eb869e51370905731af	169
25859635b4f71491d86354ee9119a807	169
a309f2044d83cdcb91e259b017333af6	169
e15ab221266dd11e6b511ed67d2ff07c	169
0297e4209555e89b6646e90034e064be	169
f0ee7727fc4063a41784b9575687ac3d	169
93a6a93e80fd74affe74643c0337edfb	169
18e3eee97e2c50cac07bc8f2d894e965	169
fae760fcdbeb85a957d4a2e2d30a1dab	169
d0308b615395bd1ba20d8f122f251dcc	169
961a7778997f6bdacb4ee9b902bbb47a	168
aac3ffc49d060c77aab0b0142d053efc	169
5e8d6dba75b2e8bec42fabd4e915d091	173
87394dd13a513acbd8881dded24832a2	169
11fcc9b2238212e73289111a2a9e8418	168
54dea565f50934b327f8a51a4482358a	169
8bab0a382830a6b3f4339cbcfa1d3ddc	173
3c111bf4604a8cc97e47e651db22463b	169
2a978bd340a5dc902898e0909b7ca061	171
ed260cd0dff8d1a03141fd7e56e70e52	169
553b1076322660fba3b17fb10fe04949	167
de27e94ab5c603d331dbe684451c206c	169
469eae19ffe8f769767fadba891a0fc7	173
65864303b5e99414f11a4eff966dd634	169
c7c575c41aacc4629ca6d97f23e6cfe5	169
6674c2d32f8ba71410fbaf67e85c7c0a	169
721c3d60970dd599349efddeb4620bc7	169
fb380f8caf5de14463c2e2fd84b9e834	169
73f918d71db29f04d4824c6018b5d838	175
39e9730b6b3b03b9d5c75c0bfb64e1ea	169
a86039ad3a54c3db67a355578e39120e	169
66c95dac291bfe8aeb32f4d866ac9c4a	168
89de5b8a973cfa6837620ddd85d0c5eb	171
2eebd5752e3965f0f20f10526437c4eb	169
390127a180ab803ef5521fde45bd1087	169
33614e1b6f6ff9cdaf3bde6801c72e6a	171
5f63ec727e616921dec54f7e7b85941c	171
22702d33321831a187cdfd1cd2e0c778	171
c85d408c317d04eb53c8968052d06b0a	171
56103a89588a3abb51acc791ba329eb7	171
91d96d52db3964f1e3d3f46b022f994e	170
3fc7faaa76d694a372ca6ca5b76b3477	170
35accf5d568c0d77576a773e5fdbbc0e	170
e84a84df51635e40735308f78618432e	170
6c620685108adf537e21424e30e12634	170
d609f6ba053d4038116ca086a6e199b8	172
030eb2069d1faf90143476dbd7436629	172
0da8a8cb68b6ad522ec34e27ac03a6a6	172
c4811cfe72b02f0d6ea76c76031ee955	172
af5d87f310db739486c3ae4c6c4d0373	172
a25348aacb8e4660feb52ae6e51a9745	172
2b11c4e76e5af4c52b431ae0c9ce7e46	172
d4e40e1d4eb7081674db1276cedf0275	172
0751dfe7fdc1c74d1bcf67b7467d5869	172
52f84d724be513e897860fca154befc3	172
66d237c86172f9d16d639788b95d12ae	172
5bf73e6f6e5a93c3615bb5d4b07f580a	171
fb503240378b061556e37e10b340eee0	169
31d3a2828141b13a93964c189838223e	182
d6420cf86ee3aa81b8aedcd1f641d00e	171
1b97a5af592c053088341bee66194383	171
905aded293cf9c46d3842dc076a6bcb5	171
ed50b521a8638876c635e1f8a6267838	171
97157ac80561916a84b227e20645cb9b	171
56d638eac28fc906b5f21ff4906b5963	171
254344e9771717ee3ea34925de22673a	171
3ba2ca4a8a157a5dc72064edcc37efeb	171
9a3c1d023953510962d7c9bb8b11dad2	171
a2710a583b0414617757f4aa01be3ed8	171
9eb43c5738553ef7489d2be5ae840472	171
dd91fb8465e996bc3cd5d2a44979e670	171
0a49378c0a9382bc35a78e18fe334278	169
18b1a4350bd152271221e9e965922dce	171
d178a4023bec5481439eb602b1f32198	169
e9f256db85facc941ebabf2b996c196a	169
083ef8a0aa91d1f53283ed26b1da6ae5	169
ac79b2d46c8271a4cc1524b167929e1c	169
975a1e473f693378c31b514c192c7bc3	169
617ce874ac0bd2211701b7517c660d16	169
bec36eb0387054f5646a05a1d797f1cb	169
a9f14b12de18ebf27bf7390e08699747	167
74faa0453039548578ee96cfe1581f79	169
2d337e3abda228db0e40cc2d66eb4212	171
15d46af1d4f782b7b3db24374d2c250f	171
a615759fc097bfad88dc2b148a6385d1	171
99aa847b05fb610141637b8be44c1394	171
ad1afdb3b67d3e3a3b872dd01a2c7da3	171
75727d6430c44c8e154c9f01b62c7572	171
a45f133adaf51dab5cb6da0f469a32f5	171
3e3a0b1d595e3c7e20b0e05d774fb18d	171
b246e2e52fbfb8632d1349aae481bd67	171
60150be5ecf0a957cbe7d995cf7eec19	171
c5fbacb474fb1c8f7561751ba49f2d5a	171
0ce1bb6ccd4bc962bfedf2c7d13e9970	171
eb8b0e0eccf7c502c1e2bf3385ce500c	171
cc5c7bc9e34458885740b54694095ffc	171
3d9e18c4d23d68d86c4691f1843b639a	171
574c496a6a8c098c9621ca15103e2c7e	171
aed40e4ef22a0528093de156ad36cc4b	171
9485c7eaf29d647bb3db3c8064a7e9fc	171
b6c81fdd95a9a4a5eace6884d971fed0	171
3b718d962b913edf8db7f2fdff778ba5	171
f2d91edf5594bde45634965d3414e204	171
6870c6cd5635f892928694ee746e3251	171
c04505ca5edccf72585754f165e2e68c	171
1665346daa822910bc3b803e34333dfb	171
c594bf57294561b46bc8413e9de825cd	171
0f0307d0ebdd6c8727cc20374d33168f	171
5794703c49b84b8cc3a7a0ddf9ac23d1	171
e43835d81abd66811ac37830b2f4a8bc	170
9bdbfaf0ceb088e970c52759b85d6772	168
97df3f725867ac12191e5d67ff2d574b	168
a4acd69bf295fc679d891b8003a5f828	168
75b7ef54ff02b98d707ca20fbe4b8da2	168
2cae23bfc65636601debaf38b3f91e03	168
9535026e49006ae6721daf2d61058379	168
0dcf4697137ddcb15796a15200df09d9	168
0258ebfc60d1300149cbfaf590abafcf	168
e6b59b8336a6a6dfa767e60bdd9f1a3b	168
9b7c2285bb6b4fde9219ea42c526ccbb	168
a9bd84fb7dcdf0fcfd27da991e90eace	168
94d8d0ae6bb29b8f12e346675617c8b8	168
a74a586ef75306691342d320417bf3cb	168
a98f7dc554f6b6b854f2497da347cba1	168
0dba43b293a5183291028c62e0963303	168
b7dacbc291f1929ca9679f7a58e43d52	168
47c6c9113485cbc6a594f161cecb641f	168
9b63b02473cf9803333268ebf35b7691	168
ccff1edbaadc78a010d6c8375630b9e6	168
26b4cc3cdf5d14db46fa9291095aa880	168
2b0265c439117b0ffe23f03483be7d51	168
34b5664bda0e4ff5a555408b01330cb3	168
88202fde63d2d77aaeca1ea055aef96a	168
9dacfe27e1e5349d3a892f0018846d83	192
d2dfe5a2515378dee4029419c2f1432d	198
6598ec0a5f02889333a286fd99501e47	168
61106deeb5cf6660cdd3c874c09c3f35	168
c491f908bec8fda4d2539348d3e2b1fc	168
602d62613d9f79f2726115f9351536aa	168
9e1963bf9bae2c541a3886c7af0b90c3	168
3ee2250a01edf4d455206b4244aca7a0	168
dc59fdc1f5f137a163d893e3682a445d	168
c3b5ba1062d5b147e670f5f0d96098ff	168
c62deae2b94d95159d46bb80f9dd5a48	168
09570e8c77566b1c965f9e7df78e4393	169
52ba07d731e82a85a75f47047bc79fbe	168
9ba0ad18a68133d85dc29c9f9e250670	172
98191ab51429162afb6a4e3bcdac2538	172
c5a1cbc004e907e90d2aa3644b1c5562	172
e464e85685b21f4a2b85145f83d8e6bd	172
efffe99a7cc433c6d002f0a5f9ee070f	172
ba2e09f596d7025a9b0211fd2d064041	172
a1af5ca69161019819535c09f8b7a8ea	172
18e9bd800d1eebf812d9617b43500f15	172
5a60bab21fba26d63693d4d87a109948	172
700fc804dabbea0f4b4f19015a8d1a91	172
853368d2989738852dfc8865a23b9cf0	172
32441e68f57352767864d390a053c573	172
bd62e276198379d4b36333505d58fba7	172
88e28546838d762157a285628dccd354	172
4c878802bb530baf089ad233ab5aba06	172
def35fdd8ea3f06731d5c6bdea22811b	172
fd7cf842e3090a0ef4d7fa8fae177db4	172
cb8cbe01bb1e2711e0268a17c4a2725e	172
d009b092358ffe02a63475635864a735	172
408fbe75f2bde82e3814cc44bedd30c9	172
226b3b0ee69155038e77bde064a549f8	171
684953626387cba8033c1d71a57619b3	169
662df38a556e15a54efd3081a82a7f48	169
1755ddd3a4cb672db2d9bc050ef807f3	169
a7427719789945aba7f51c66eaee38ea	169
3dac36b963808be635ef5dd885c29fe0	169
f1be0edf7b8efc080bcc4b599ae9d788	173
7968f7d4c79b8196ce3832b295910a35	169
72a7b9368f8dcdf0bf2223b59d6db078	169
87d0b13d59d7385bdaa96b82a0ecf928	168
816c57d65b449438e865088269cac579	171
6a70f0d053f2955a357e21671d0acc8e	168
cd4f5117701e9c4b5e6b925329cba105	168
b9bb6c690b1115fef5992d8a19e72da4	168
704b4729375be69328ded6e4e00e96e2	168
e9f1127e6fb4ddd495fcc5b18c2a5462	168
e240a9341b0b7d72c6861eef996cc9d4	171
b8be6404da03393ec42980f03a20ddef	169
9f4a3f6d49a714ca79d5fc47204bfe1e	170
2dd0eb5b54953dbad6b7b6885dc7aed8	169
2d1ea8bdcb49add75291221a197a7cdf	169
c5d331f73ae084980540b677654c97fc	169
a1e1c9ffd9bf2217cd1bfcb4a65dc2a1	169
0b9ab73f9a101111901242ddfef2c061	169
12f8fa2ab27d7d2bde519d41c03cd0f3	169
6c7794300d25b2e203f4f45c1cd9949c	193
70d9816f4eb5feb68c4a0881592aa8c1	169
ad3cdf97e537a58f9c7583b038db7b7b	175
a3033548e3ce48b2e040e0517ffabf48	169
476dca2c3d41c72e4800630d768fb17f	166
99268d8795e98eed4164a8952fbccd08	166
386359cad95cb47c505f8c2d9603fe7a	166
9c0d763d66e198b3564fa30a6451952b	172
71b650e223214d86eccc9d76e6f9b66c	168
39a40eb72293f7261f2c8c84a1f3907b	181
c57475a6aaf4b4cfb73c585416b34ffc	183
ae0f097e394bbdc5d4193f3170b777f9	172
c79028252daedd9ae18830c0b9ca96e4	170
f586b0831efb08f2fa6570e0e84596d0	169
c3fd33e95e61289c7f64d1438fd60aab	171
94a564941be7a3a1c90754993b92ce1e	171
743fb0cb2f2989a5bae4030bcffc5860	181
46046dafa920a9d548d050cf29ae1430	172
077773d0f82840b2180142e6f4abc496	172
5eb8fbdf0e1ef916123c67b9931a3e40	172
1e349dad7f7d779e5c7f2e9144c8ce49	172
56fc302d3c4401e11031e8a3fec5fd98	172
76325cc369c3d6b4717b0ad0fbe18b14	172
b994fedc58ec2ae5527914dff64efd14	172
75200589d6ba36c1501fd43773a358c5	172
1fe50aa1f3d868f7072216ba07cc9a10	172
d5cfdda9a9be29ebb2a35009fab26eb3	172
f8cccc6295a53dbb9e9625c99b7f5901	172
a3e0c125fcf5a69c7c4748db9c340613	172
4e19ce3410f44304be1eab9bfa8b77c9	172
2da3b04021172e68a7ab95a08f171cfe	172
fd3ea2cf6ec0b5e54836645867d90299	172
b33ff62d5de1755721f7a9c54603f624	172
06ee82d92e32caefe7b4aeb822673043	172
fe2115e7ef829cfc45f5362921e3da8a	172
0b3205d0fd7579a238b1eb6e219492a1	172
38740600163eecdd624a9f91027bff7a	172
d7311994c8cb4b39b170d9d0c8894a73	172
fd3f993dd7b2af473752b67a02632282	172
2594c0a18385472936cf7ff39f94c444	172
47ad00d7de120ef3e594734562a05664	172
e4b554eacc8f8ff32adc0802a6a84a2c	172
23a02cffa57494c3d5061b4583912683	197
6b78be1da1fbd02c21d3d3710d9b9b31	194
d24568119a181fb4deaa38e4c0c7a13c	196
a2d300167d260e0a5a2c6ee23f9121f8	196
78a6d380dcda5bece8ac60c111140a2b	172
f7fcab26a8f2e3b0dc09dbdbde2958e0	172
b7014491c99056bcdb7255c3d5fcbeeb	172
15a2a92589278fa8a1ce6e25460c7e58	172
7e83f665d06d592c500f2c8a51de52d2	172
92b72fdc9d09b91785b84f92e3d84078	172
c8849289fddc8bb26c6a2ea9aa051da7	172
e67e3a80f7126ce333a37505e8311040	172
cc796d327506ec920689bbce0f10b8b8	172
349d3cb09b9391c353a743f66cdcc841	172
79f0a6b6b44e25e15563641c1e675315	172
7f5baaa81a54c78235716c64014d8494	172
c3ed2e7053a6f9589099b0ee5810dee7	172
00aeb71f7af13eff97ef439811f0ea6c	172
5edba54a8f655688b2d98872d7b91cf8	172
adac8b3259298b2fb339bd626a2ca410	172
4c659b6f190213338a97a72f6b089b21	172
64ddc1a0ce08e567d35fbf9a0672bcce	172
949c3a2ed8347f3f0d783c91420f9600	172
2efbc45e02218241a2874b9c96e84e5b	172
11770ab5133175f43babeada1e3cdae0	172
3eb7e780019058bf57521bc0449e9240	172
52b7a474411f473794240f6fba08baac	172
1102fe5b06903dca50a82b8d0ae2308e	172
8cff331e0e73c5ead512501eca93a4a4	172
c49597956e4ff80688eb52a6a9e6bdc5	172
b9cf1b5b9612bbe910f9bdfc98f14042	172
85628757f73051f0227827ffbebab65e	172
40d29ccf157168378686280db05da3dd	172
0dde0d0c4af030f4087ea5b2f12c3eb6	172
4bcc2c92f8abc31b27ca7347cfc365f1	172
52c985972b3a0c327103fd659fce14f9	172
897eeaeab910335a34cce369e8209384	172
85d761a5ee36c0a2c843e818a79f807e	172
eb5bd6da0802321823369274f9c633bb	172
9b257692b222e2cbc426093d29d076f1	172
d806b4b53c26a6202a9f5603a4b059da	172
58ce8158acc3d9bc2551af6f96de4c7d	172
646a7cc29f54fbeb60ff78d01d50d565	172
9ca1049f3b110377d99e95f30d6dbb8b	172
3c9972cfd5ebfeb97e1a9f40f16aae5d	172
efd7f0ec59595ea38ebd9c6600fc750f	172
7f65ced46233b9f64a0b2a639c90af8b	172
36d4196907695d60493681f0f7ff7cad	172
d6d3e06d65c1932645409e9da80583f0	172
8768a2e0449abe7ac0fde2e3b36bfb21	169
81a97bc30ba59e68048204176d3ccf1c	171
4449e8092692318335a249abb48fdd44	167
2592f0d47dd58c9124d967d803461a88	169
457e15bfd1c4da85504979a2bdff3193	175
db8da17fe5af2c3dc21968b72ee4a0fb	172
11ad8d6456efff70876a816a808167e9	169
5a846f2061d1da751a9a73ca2deaa5b5	169
6c608f2a554dc6cab302c70b1c558db3	169
1a60c724a62dd1a7bf29d7d0ce630485	169
5a8e24ff6fc035b1d38e27b436de6653	169
f9772660452d43e6e3fdf6e248beb2d8	169
8f630f6ccbb72550c9d84f34560dab14	169
7b1a63f2f56dbfe9d6ce4646c0d85d77	169
3e07987c50fbaed1c0a32e45b8f92fd8	193
652eb4ae286174cb415ce76bb7f7bec0	193
0f167da7e3bcb3ee914584165b8d6229	193
87c3ba33108e4c8f103b1a56ab06bf37	194
96164b439679b2b53db0693214a16fda	169
be6bf2fc87a9d8ea3cd88c4fcfca7f90	169
b41f03b2884fd173d68c0b0b4b5f85e4	169
eb8e4a412f1c21fed5a76af536736b91	169
d246b04788c18be7fab4c2b91f432e96	169
c513f8b4bae8cb11b77ea8f0f1e14f81	169
2d8dd366b0f9ea28a6c4fe86628192b6	169
147d1e009a85bd10f949017c5f86c6d1	169
68c415db4ec92c1974aa2b8ae8312506	169
ceee7d4086e4fec65a0397570c5e52b5	169
debbcebe760c64e7136ab73341dd3e70	169
a74d20f0650e1c6965f100771807fb95	169
fb72a38be93696f15ea97d27010ca693	169
245548c255d947e9156b01e8f0820897	169
d2901c06ee0b02d2a6e7b83123c04588	169
131ebff7bd95474e77ecda4ee08dfafd	169
0c99d77c454dbcc5154571d9339163cf	169
aea387f64ed56d284a93d7cc246a6e01	169
caf41911bd798deffe2430cd0294ee0d	169
c658d63e5ccbda8886783967347f00c2	193
038f6c12e7ee405e244d5221376f8df1	169
ca66e134a1711412d091aca472d76fba	169
4686d68bfc7c6f24e16947ad0cced6c5	169
da67db7cabe7c03e03d6ab80b5d15f83	169
c3df4a2983e575e93d7afcea4288f615	169
18054934bba4aa8fef04d7f9b2cff7f1	169
e33b1fa3de0a93c8c7c39ccedd25b482	169
fd6e4945603bd83f44c0358f9feb084a	169
a10e89f7be220439811f9b27445ab253	169
45229eaebf6b1589831b57c30d837614	169
fdfba2be0d2ac3789a479ea36588b53f	169
6dcc1cb69905e07c41c4e475371c7ed7	169
de3d24aafdca50080fb78e045f2a5e59	169
88f29992e3cd6043e2670b14bbff3274	169
16dfb31c4dc1b3a9f213468a405a0804	172
4dfb8d5327c05958d97cc57136de7256	169
6187a88c483486cefd433e95c33ac2c0	169
ac1e556dd3675ed2088094dcdb3c4955	169
9fc10f8aabcca6495c249c9ce92405aa	169
86271ff686f8e1fbb8e5ad5475dc0e0b	169
02d9851b0b5377a0ccf0c1aa2bfc23d9	169
9c279396897873b3fc9e16bf95e6a232	169
79c5bf8e719046b98ea4b9639d500374	169
f847c6ffa104ec0277ba230fc2087e37	193
33bb2d920f7e072f3b100a54e4d9c300	169
c1f555201b6d59531b5ab912bedf47a0	169
affe75e51e46be4ed53a870cadd7bf6a	169
317a2c87915ab25942d92fb889e45113	169
e383b14ae8af891845af47abd41dd4e4	169
2902a37f2f2096d3f2cd538adc972039	169
ad0aa17c856fd541a21b856ce0cfe12d	169
7783728c5c071cc07a329c533603d043	169
6982328e374144c17cf3bfc6c9f5e664	169
42eb32644efa4649852af13e6b96e8d0	169
6d8dc2d4eb1bcd4024978f60d83e41c5	169
83e5496b216d58c67ca948889239ce69	169
f7f9e8ff3f316b3702981074c6886bfc	169
ec4258390580beb62b0530e4cc2f48f3	172
7f007ccb50b144c72936d383efffb654	170
7fd31065a7c8125521cc7bb50307f474	169
ae1d01c11f123001d1166b9d95c885a1	169
88478e4a545fe75cbee3c263c2944fba	170
91ba52dc71d1c6b3d0240499321ab7b2	170
5867c6fc4544eb44734665914822ba1a	170
49d28689d6fe89df11c21a347b6055fb	172
154a512acd019c162cd48c7e5e453919	172
8371a4fba6c9f03414226b9ad0450df5	167
b6bbe4fcb0c64ab487a3fe3f514e1e60	167
509349dae838c5f36157b7217a8f636f	167
d64f59f37c879c35b51e679b0a254b12	167
d424e245f6d4793beb7363b2026b80dd	167
a22b8142c2d4c7d6a897eeb3a0ab445c	167
8eb5465d875ec1edfd72c196db2ec2cc	167
3e6235608c02d1fe4f7b0bfae4a9ba88	169
b2d246f832d9c52d3c004e91356cef91	169
de4affd770668c9e42a143a07e6210c4	169
d1cc1d1d6ef9c6558eb5700d1c220a11	173
afb75fa31338549b1e0f8a4f2ba0c977	171
34621b66bee17b51e3a17dc410781f17	172
0f65f794bc3dc72ac408eafff8725bf6	170
958ab37b7f4cede9dadb887a3b4962de	170
bf37aea9e57869f08fcc7f2ada7cbd8e	170
abf0f149cc0012cd478d48900da55cfc	170
99153a486875eecd53ff1aaa5a57c4c0	170
4e1cb46d434cb5de692466217a38e611	170
e0874f441f6285144c4e95e167474dc1	170
d96e4a21ec501d3fa7a700404dbefdb5	170
703fc16338ec50be159ff0de77b40472	170
aab99b7ab2fe1d5176dbf11ad5671e85	170
cf186a622c6617e3880e1cbdae3f9a51	170
171e0345961248495f0fdaebd658783e	170
d1d319806b3816206cce1c23f1aa2fc9	170
6f4d31b052279f361ab7024b83f0da89	170
d4642c5c7d5ebe1b83825956feb88c81	170
fdff7c7a30bd330f017375fc813c8725	169
772a739d0db5eb929e1d3048c678cadb	169
cf3e7b211b807bf7f2180559dc5274d3	170
a1a71618a8a1a30d8158f77488ca2931	167
fe4b457d93bb54c498f4765fe2429d83	169
c173a69f1fbeeeebb5dc0c34688c49eb	169
689caa8d8bc2f24eeb3676491e787eaf	169
e309d06728586c88c8d97dda605dffd7	173
40a18278a8e3a61eab9e1e1fc44894da	169
d27176da921b6aa9edf7dffb1c4ddfc8	173
cdd135c6bfedfa6ad477ecf228267959	171
8f6b9b1b30b12c7543813e55a0138488	171
6e1c709f9410710d6a9bae0f807d72b0	171
7d77202cde0201b0ca6520e52f6b58e6	171
10f5e301dfd75e40d50d9a61c45bb7a0	170
6c59f7e18fd1cb4675f46ef532bc3401	170
5f30489b14e4b064bff32434d1f781e2	170
4d4d54b3d3bd6ac66b4b9b406fd87067	170
f32be20d10db3f79c1e1d92cbafa9bcf	170
2a36315591b3c4d123c5f220be3e95c3	193
810d86af842d56cd3d7145f0d9719577	172
2378c9e3fb34c9b548fd6c93345716d3	172
753c0364a74109a06e7f0df8da729ebb	169
27de014f8588deb249668066be2e2569	170
0157e600ed27c3ae8eb490fa93806ecb	170
fa5a75b71acf312a8632cf4874a2d2d8	169
b6071c998ea66e834f1244dc0cd4dda7	173
335e5202c0d961ea4d9ece3ecbae63fb	169
de6476b361d20904377edde432f32335	172
fc648b49e3e95bd5a55dec388862dd28	169
4484633c2907207e80f01f36210dbb8e	169
f6c2e23261d64ff25db478eff1d7f0a5	169
dadb80026873e99ca3e700117711e15c	168
271b1656fc82f850069b55a5bf6db733	172
6d4646959e12b8969a9126c14d86fc12	172
225fe69cd124b9147a6393a0565aea0d	172
1644330503f4cca7e2f5d872a98f0104	172
a23577c9d237bad6a615b293cb2dac88	176
7ba3ae9f4de587e1ffa739467b64a6a8	172
ebf54dfa68e1e359586f0f8e6231a65b	173
fea6015cdba800f42680f7e14d17a769	169
eac4738727fd386e87094489be75b39d	171
e3b0a948c6090d3118ee651d4c7c323c	169
697c471265b6680fa61fa874d8a82d85	172
a6e53c3381088b027a231541487d9cc8	169
b13325ed7ef2c8d84238ffc79dff70fe	173
b932e6e3470833b45418fb4ca4208aee	169
f1fc325459519e473b220d9d3a0cb0a3	169
af0ad2fa7fe6088aab9ac0604366041e	174
3846cfcdc8182e251a65b32c7b95c69b	169
0758daa42857051edc04dd55c2906c6c	170
17d2d415ffb320879ad98ced828ec979	169
ce1dc6940efa736305de2f0e8693c65a	171
42e98a497e296d3f059e105e8669ae5a	169
cb94e2b82748d782232986ac73cbeb0e	169
e1ab2a5bfd3344156e811bb796037beb	169
faf0942b1d29a6e7109c57a297852af3	175
8518399ca4365d945ab78db211b4d7ae	172
7c2f4794fa5de1139288569192d89a2f	169
6a4151be7e95ff360602f7e1775e81ed	172
e88d75d7bde3ba1eee37f59534be2849	173
13ad07d1ccd8dc12eba563a9dbdb9964	172
a10b5b0925bc67fc59b9d674ad082b19	170
594430396d504cb04f233b6312152f54	169
f912b2f99d2883b581a5f9d7c40c1b33	172
2775e8ebbf88f691470fcb9ab19dfb4e	166
1f6cbe3a88ee0894ff75d273a49cb5d3	169
54e5dc9a2288232ef541fdb94e2e3eb0	169
70b0e7874c669cc0f66ca1d4a30d261d	168
336b665c1ac0c3e63ebe32dd2009fb2e	169
baecd1dc90ca130d000669134ce4d544	170
89a7a96c08b10354093402b4255bfad3	171
73c31bf8752f16d341a4057954476224	170
0414ec37489fdf9039b71c0ad4a1bc27	167
2e12557f2033b95392e42b4892fc797a	172
7c0489ff738a129c231239bdc9501cb0	169
d5620be4d820bebd724ab199a9406bb8	169
7c0eb7bd25fb3616b0f78d8bd13bd2b5	169
643a8e2b59a2b6058c361d5ae9d2e6cb	172
e17461d92f34ef0037c5b1cbd6e27cbd	169
51a3542ccf53a1e1675382d5f4cd4400	169
d2756b6a88467491353007cfa5e2ecb4	169
103d092c21cc167974e7665a3d392c8f	168
e0a23e44aa6a0cb9840a2037184caeec	169
875bbfb6d25d2b49d029cd17f7e533ab	169
d8aa9b44b3ad81d55c974b2d5c265a3b	169
80c70833c29f56765b227d91d8ab15e4	169
dd659c7d875d52f2de3e94eeab0328d5	169
6193e3e46e5a2773190b8d2b77660e21	169
2eae8645434352851fa470d0010948ea	169
5e3a7fde815045dcf5a4b351154de825	169
da8946872575dd7dd72024f6db642616	167
2c504c73a3f3a0ce2e9eb7293650d529	174
875fe227c735985e20b78321a20521ab	172
159462364463739f1950abd678edc353	169
5741ab619e2d79ce1ade057e484b6300	169
dffe0023d4d54d35c3d9e3521e6ebe8f	173
8ae6394d16ca9c4f6f083253f80e7af5	172
c224faa8de429550c786581afc48e504	171
94ea32811e58b780faaca3fcb97eec58	169
f181c8b6fd33d16f544f7fc10cba11dc	169
007cbee6ddfe98f4b2549315f3d74054	168
5e432b11b38a700ceedde495296c5f23	172
5de7902e674e7a36c66939e91d945773	167
a18e5450d50f2571d970cf0b778a1e76	169
e3df6cc286b09250602d415fe4003421	169
c249e91d5b6e52b174df882bbf7b39e5	167
6b889415f26844a408f1f95943d849b7	172
202d5d2021c82a8d45fa403c331377c4	171
eead41bd9a045e395f485651029db1f0	172
d2ccaabe0ddc688fe837a72971442521	170
496bdde597c6c6e03ba91f6686180f2f	178
9a5aabfdc3fb5c8ae5dfb0906e365445	158
5183b2d8886baeab7b99a616c346ae15	169
3fa2f200c6c8364705f74120046c1c0d	167
251286ae182dccc997fe8ab00ecdcb8b	172
48bf1413d62cc39fbdb982f40c3c4184	172
f6e03af6263e67810e234878fe73905a	169
5bf4f434abb8bde724b13579a01b85fd	172
027e16a3d3abe2c061f83d767586933e	172
36ca5a36dae1e98add7e521d2c71cb59	172
5552c4f6ba3e437c12c099a7c675bf6b	170
322f83b15328d80145a01aca6dcc220a	170
caa5c1f7cf7005067174452dada75597	171
bacc275a7008dc82d5ba591cfca4d1ad	171
38998f467afdb07382f19e9586d43af4	172
2bba2e76bf3aaa75093bb022b07083c3	169
302ee7f27afe54df3257ae38129e4961	169
8f4388b8eb1b493b42593dbb9d28ba2f	169
6e2680ce2c8b7f2c6fa704e425ca6554	169
1c21371ef3819a9135dc2b1ba8847592	169
9ddd525d36777263f6a5260b19beaee6	168
94d6ff5711efc6e9e6f1714a243caac9	169
70fc51142d0460fcd3dc927d1e2c80a4	172
29e80a36298e889f86a7a5b3f6408ee5	166
1fcff7bf60abdbf48dc0da20d549fbf2	166
1e26c2fdc24a443d8566789930beceb2	169
c93666e54e9daaefd44428deced7955b	169
2ec783b47fa4264dac415eed62157b05	171
a1dcacfaead82ed744a3b70ce867b746	167
040fa9e4eae22fbd10459cd3a2398c15	172
8f9f574e42670d3980a9ba1206b4d9ec	172
f1f16006f121192cd6f36724efded8f3	169
872a7a354cdfd2e5ddca4f1f47d052ce	169
f8af288df5d8aa86f1c79f507806a52b	168
8d6125c958b686451bfe4b779e8536ca	167
f681ef7571e21e7cf435ad9a928c6a43	169
387ba1d128a7e0d593648ceffe6da288	171
41940ed9353bcd9cbaf7b8ff1eb42b48	169
5ad04153205c53619916f141f53bb753	167
a957d24074ab608887ae2334b3a3e722	172
ccba1a69726d4e4e4e3a5648d5e7c8cd	169
9aabd57ed71b08f10e9d3881be354382	170
14ee575248effe95a9db29f49c907185	173
3d6afb65ebaffbc3fbf29cc5a4e13367	170
340cb33fc13dd872a2bd3a47e819cb65	169
14a14c154909a8fa2b5063b73f8e7af9	167
6cfc9e2591bb54052a376ebeb6c0d09c	169
8b459fea0870cf83fa083431065d4a81	167
4bbe3adec06fd2effc43a82d5b5db6eb	167
dfeffd1451cb55a0f5aee83bdf34ef36	169
11f2ad3d4ef5e18dbc32eb09c3794f1b	169
4e252591bd0325c01b775d0f2ecac880	169
8eeb72c18b99a9fe58194f21c22744a7	169
b20be61729b1b7a9911c28fc6d621e5b	169
3afeae6e68663b94f43da4aa484479b3	169
1dd392ac51bbb950dfb51591bb387285	169
41e494eac421e8e26fadfaaf40547019	169
1a4031c1af6662ed5329094b400eed61	169
b5a99ce79ed57d3c725b80315025bb0e	169
148f6372527cbf529d92bb0358991450	169
30c2667dc376bcac073bc0a7d253ce40	169
42d9a207ee511af45c2cc96d4d1a54f9	175
7f0a8f2d696aff4593ac45c05aa7ec0b	169
3041092fb048d771d745b5fb3d971221	169
05582b4c574605e83c0b942b73949183	169
adfd8e05c59d11dc7c5fc0e28b488762	169
e9c5118f756a89879a03491ff3afa2b4	169
ffbc7fac3429fbbfa058af6381d7cfdc	169
5147b48b4a9c014ec20a4365044c862b	169
ef42c6d8883992efa7b120e0ad0b1d4e	169
d0687c4e4e659c84fa0e678edbfaffa8	169
94c2cbfedf838f5f177c038742d1e660	169
d331e92773e9ea95d90936e4d444db3b	169
b6b022725195f8ee4f0d56df6f839693	169
009e3707822c37e55b0c0a6fccc9094d	169
45ca0fc319a8b9319c0b359ceee9b39d	169
19c728ccbc92896fd66c2ee86bd0341c	170
b5e30564eb875696a070477d65383605	170
0f80f24f41439b485ee0c0b21fdca876	170
3105a2ac9e0e6c47a8c74a658deed597	170
cc665e9918ae2a14c34d755a58a89739	169
fcfdcdc756b42b13d9624dbf93c7ebd3	193
14f8e515c80cf8b8843a28eb88b5afe1	193
395597f97efa42139cf2e4d803ec71de	171
ff2dc08104dab75ae9da3049b01ffd36	170
ec1088a607382b1cbabc2a31a92a2cd5	169
c11652760e464ec6e6a64f92df9bd414	133
45026b42630ec460f180b0a80258d648	126
ea25963ede162394bcb5db979a5cc708	152
7d594cbda3434c772313890798f78497	161
9b5b8ccad983a0a76bbfb1974508c568	190
503416188d5506e93394a30d9723caef	190
92dac7a22fa3c5494bf66a17d8167441	187
f88295d505291a0d249930876140cb5a	188
1eb8b8afe96910994df60110b842a03e	189
7f3da8ccafe50c818eda13ac2c26b43f	185
8249fc0b0fc46c9bd5c7891941bd33b5	185
06e753949816255c4f21a72fc67eeb9a	192
3ae63c6d948ebe529a5c9573603e12f0	187
86d8bdba215917d0ba53abbb2fe42ddf	187
276aa3e963e635ab18d91e4e31eb9990	187
4e571efca8d96e1ba5652371afbaef83	187
1d78feaa7a7c8fef2b0e63a797de008b	187
444b558a161451ab8d475322d216b713	187
79f6e61e2144b32d0c12b5f596582b69	189
32c854ccaf01133b0885129e1e94ec85	187
dfe9b2bb6a75ec8560e53d132596691c	186
5f2ea93bd98206b6e22768568df87e0a	187
c781a5eb3d9256894ac8cb8a49480283	186
9a2c0e650f888fd878d644f7b3e7d87a	186
83dfbd53aa0441cdf6ea01dd089fe809	186
6ce2ff0a812d87e0fdfa13768082e03d	185
05c5328cc06b0ce2f88c4b35b632b446	190
84dba33a091c82ef35b3ffaba5214115	190
732a2c450f04d9297fa37e5bb9751d0e	189
fb0bffa4bbf9fa4c311bfc96e3bd3205	188
e9d3e90345da69e4b8cfb6cfe0c6bde0	188
9a697a8647aa8a43d8abbc13731e0436	187
fac6367ff57ee9c5f50cf5f751fe00ec	186
8dd4e81128790ad735848493bf195932	187
6d8ab12f1e998d3d87e9cde2b63983b5	190
c88b7ee6646f31ca74d82ab335efccbc	189
0734600ca7993448cae3a90b471f9ac6	186
bbd155f6b007a0a109178eb68309e0fe	187
2906da0d133d7867185d1a4add9be60d	188
c295be73e8d19b80b0a6bcb029393dcd	186
155428d2911cdfd8bb66905dac0e4b67	189
3d31e797c2bc9d8f1b3431eb4406bc1e	189
a6ed2bac09493fb54b4e487fe57086c4	186
5fa53b34c05d01f1180a71a73bce3fea	184
657ca211d0d3dd5793f03491c2916f06	185
74f549c656e79a8d92cb81c027d60f01	190
8e2f4726cf45153fd3644a8661f7e835	189
79f9624b1084f059bbfab15a1bb39255	187
eb6f576a1d20ce75e48a1515d461dae0	190
5e04e7d1538f531ee252c3d751209211	187
0ceabc9d9d4b97e51203a5a7538f7ce6	187
640d35e779dac1b94f0be38a12022561	187
09f43b4f1290b0a8b811477e64b27978	187
646a09b71dcae37190652b6198b061dd	186
944d8d1d98366e65291edb47cb000d78	192
a7252164c67e3fa88181346696413d43	187
8b5c667b2b00d10178cbad81c67d1234	189
f108896ba3ea19fdb5a4652d9a961f7e	187
8edd3d05179a301bf980edd0f023ae6f	187
47ca943a7c9fc9d3b75959fc48159290	187
5636eb0d39fa673795e330d935ed8abd	187
7000582dbbc8a492b065d7c0f71acac6	186
eba6f1c56cc96be956b81af0a40a7849	189
7dc8cd0c9f7bdb623bb7f2feb91945b1	186
dc8218db671deadbf983112908868730	186
221ee7ace88605b3fe454e1fcbbc8e64	187
5bd5f9dad73a177f016d804fc79fc41a	189
bd8d5355e0b5edb3869c32f954c151ef	186
6d2751785eeedc168f6917edf31b9ab0	185
13467dc6f44f01ae0287e8db8f5b4053	190
ca3db58b2a2315e1db019f4acd10c342	189
de004edd7e017a2e0ade30b641e6dde2	188
170e0e74d882a3912e6a3b185ab3c1c6	188
f5e5848b597782137b6edfd37ee241e3	187
df197a148110bbf34a15ff691d1057bb	190
580d1ef1615c7a1c1388eb87db5f835e	187
a16ff7bb4bcf04a7fe77aa10248d13a5	187
955363a34f45c99add321c4386f500de	187
007a33efe2c716d5b2d50477a19b2974	187
aede3b645b9f131fa644ac9fdd25162e	191
2cbdb7763ec7f00869376c4b341591b2	190
dbf23e61984b08a8355eb3671b4e5906	187
e2e69f0d8323335c71dd1decbdecea58	187
f2b68a90e81a068de20d97c212b9612a	188
df3c022a3e9ec31b01c2fd008d0b40e6	187
a4e1a5fa06ed5c4aeb76fff795e93306	187
51acb603333282353bb7acb7dae4a11f	187
4849e0e1aaeb806e406c3afb9cf8e435	191
21123c5f43a77eb668ec1b2ca8c35fe7	187
6342a85cf61c3be1ebee89f4cc8b9779	187
2b47a4e3ab4d02c9370f5332d9665c25	186
ba05a1e3176d0f006a5f9cb63b024bac	190
d7c10b8b899ff3d4a1cb349b0e915c38	187
a0ab24bf18d0159b7ec980939f1f8c3d	194
a478694d743d4b3be9b767c42dceb70e	184
628853a1c1f9e9d3b945f23443d4bbc4	188
15300dd438a1d9077378686d8c6d8c26	185
83bbf97a7032bd0479698f8729fd5e87	186
71d7f802deaa8696b6f978384e4ff215	188
5378b4ce3ded793dc3136fcb0534ef10	188
b77df26227ff8de4b820910b9038ad9b	187
e5716d1ba9c4da6531d972817fbd26be	186
ce2075a074850f5dffb075ee814260b9	191
5cdc4958994ad809ebd811743759ccb9	193
c600d126cf49150c5278ec030f3342c7	188
39e88587874c6e915950975296f35d23	188
57079b4b533b2cce314874ad1dd32bd1	190
4e81985f86849a38920d8ff07b97326a	189
e8ff0091c40d94c7b56f4708f6ffb3b0	189
823c2c23aa3d61143d2cfed5f23db8f4	189
058f040b85fbeb4f10feeaa2cf74f282	188
fb71499c5e7fbf8f5cb3b01f1bb046d7	189
4daca632d3c948ddc52a76a899adf737	191
e9f8b1dff641716eebcdb3ff7b41e02c	191
6792c27c1f7270b4b4ef25041dbe0ed1	190
f64b4abe92cfd4735b7c86c379168fd3	188
9e87d3c99990ddecdae467df3287270f	188
b5bd2cf4d777d38f1c46a74ab47f6ee5	192
6c50a0ab675e7908a889d8796f987569	188
a71cdc7704e84472cf6324854f04d7de	188
4f34a101b4c783a2ecd47a91425664fd	190
289450d50df11e16bc4ea77eb6acb657	191
b87a7895b5ef15550cb012f954a4bcfa	190
86b77b3c3072314adeafac48a63d13f6	189
2435f85f1e7d246915d959b3b75d6e06	188
c2768d5625be76b2434da0d01982086f	188
a7c556fe8c6d0175563a97e1dd83c8d2	186
70dd401c59d1904fc9bc597bba6879af	188
f023d6d8928b2e104cbe1724b2d7713b	188
3ef4afb267c1d73c4a505fe6520e10ce	188
8bab4a1dd94725d1c28f937852e1c841	192
8c554b4b66ccbd21d997258b335bc501	192
5505f21471f869261a958b02bf1dac4d	188
a0796fc4d3026783855d14a3197a916d	188
e802b0a646a392d94b9d5db4ca7fcd45	188
054e2a50adc94cc53e9da0425dddc5b5	189
e1dc51b096687e12506fe25a3277e63f	160
1bd1723df1a1a7acda3a83bd4b7137aa	199
6f9712e56079f0d6002b2c1d053ef609	133
ad7e4917fc82af4bc228526daf4c612a	133
aff7cf8946e2b926e456f3f95e598cf7	132
18a9d6afc3c93243247135d371538854	167
9bd7fd9093ed279b505866bf67ba99bc	166
4f979d7eedec737a4aaafc26652f6bf2	169
b25479981dec680371abe9f534f783b4	173
32a5452f58e08624c43ef9234bfb03ae	174
1dc47c5a741101e6ac8e8a02e0402f0d	168
27d17c1de2111ea0720c482a50760218	172
ebd755bc162e5da61acb7be17f3a3cbd	165
cbd68d9f345d08509960dbf5f66f8ea5	135
31b83a32f50b8d53b12212d79f5bbb11	187
ab22feec4b92625da6a96f9cf3d9d609	188
a9a9600d4c2dc580d9fd97c11db9b7a7	198
9205d550eb3de4ea0bf793d798ec9fa1	169
d807399228ceeb577d55cf085566fc20	169
c207408de3967a656441d9da97bbacf4	167
65a70a5d804829fd9ed4ae64f4c1ba2e	167
4f9e22bd617ed60b5f606f4b4a373ded	169
859074132ef1a599d01124d4b13791fb	169
f12946f2f5664ee4eb9975f346719eb1	169
60b763916bd13fb52e09dc859ccdb24e	169
e6e3593384486b2232f9c87c651c3f4c	169
64c81553eef5f2d40de58617f9995e60	169
dd3813e35a16202541e99dfba71d6595	169
a93943490d4dcf1c57495745f6e76b90	169
a4f40901058a7c2e34f46b53650c6aa3	194
16dc33a69aaf527186a50cd8f902a25c	169
3851a02cea59eb27d25b0c75c83eb55e	169
55a58e2e5f161a634c3902349e8ed9fd	169
562bb10db0e66fa77dd4873f041efc06	169
7db1749abccad0196ea86dfb53332ff7	169
d67ca92bbb3571426f74dce43c255060	169
799b1eb3a6c075214ae24adef1cd242c	169
24958c36b731a08de205e0800c024ccb	169
4affc339520524a4a7c12b07aa8bdc86	169
c7cf13323cd250305a548ec64b7c87bb	169
d1efae08d7f6ca02c97fa7412c341a10	169
f9d0f69236c1f27cfa534472fe40fa4b	169
c88413a836b40f6ec830438a47deaa84	169
66030adaa432e215053613544ef60c1e	169
61feb9f2b6d7c1a8f0187950801179a4	169
96ee82013a80b961180905588d7459b4	169
5509be3c148abce8561a2ee14230c4d0	169
4f6db0d9a87417ca616d88238dc14691	169
a72756fb8664bee722c33d961560762f	169
6d4c3e8da9b0b88c27289869474e2a58	169
5c48d39c97c37da35bce52c55ec48e64	169
cdf21a2cc821c8d197b45093a33b23a6	169
cf0ba47911df5fe38817465db83f5fac	169
57c386554691958b67bea77ef73074ee	193
efaad6c413d37e28680dc0fa578681c2	169
2ff2137941c140b3a5c48578b647434c	169
b48029591aa0d0d23ce38bfb2cb7b190	169
e0888fe12717829b91eaacfe5465e693	169
0555c8f261136acae95f67778912815a	169
3a31b13f3ace0b01c96bc5f385398fda	169
7ca14de1f61b69f5e82de1bd3d1327c3	169
30b8356eb43c4d296365c1c7076f8489	169
c4523158fca0e9d9cbf339d4e9c3fe01	169
d2aa37b17635ce5142b73816f725e036	169
32fc206ce94a7b9ef365ee92f2867375	169
b05d6dd237a5395c724860f73f0b9010	169
93438c51aa1680127aee5f8b90715d80	169
ae4205e64cb5ae478b8d92e455751cae	169
86d7ffb51caed7f51df3092c829f7bab	169
f758b171ba257c8beb42db6104b832ab	169
a238ec68a7edcd87b0f82fff7c58fdcf	169
902903d597bba466517c72a9eb1336c8	169
1104c82b80c1e59f7c4954060f96fc75	169
b40d0fe1ceee670346dad2505a707003	169
031c5c225e111bf7daec4661e4306913	169
f0f9c6c14cc50fd7efdf86c5d0d8f7e2	169
287b3e691444f66f8715407c370b0696	169
e0a93bb8f08541beea5e5d2f5ba17b10	170
380bcbd207a28dd208dbec21c01f1ddb	169
89812825f48920cb5ec4f4bfdba0e091	169
90669e3fb768da24cf46a336efeec6de	173
7b5efc037594aa65cc3931f428140389	173
6754ee967f456e5bc0669ed264a8c71f	173
09c271ddb3ea3221e3e7c898da04400e	173
8ac55126863f87636b95f7e26ccffcb3	173
b2ef481094b0bf94bee21574556baf70	173
4cd73431b1fcb6c18a863d84d430c23e	173
b723747fa98b78fceadb920b1853f48a	169
4140cb7cf16889377fb487e5fb52eb26	169
8ae6560d2db240c800319e175002421d	172
2fc0c85d4441a479ef156db250735228	169
d17f8ac5cf7039dce1a8b9d58bd711d1	169
c15fd86582a6042d5b892fd7334959cd	171
5bbfb649b669eb735c1c97e617098370	169
7d7531b86eb7d8e6858170fb67e647a5	120
9238fc90797d9b161bc5d85844f6059f	197
2d0625d98d5cc7ff1b6448134ca23a2d	193
338345149531666e1c22bf24a1a39351	200
