59dea29398996c0599962f8e1638b8e8	222
22457000652500af8f441e69e4e5ff46	210
37d88c5cdd1c7a61efc28b860c5e9208	210
a52fec7f3da4c0f16f404ccae040c94e	222
d9125b3f311118683df29567c801cc3e	212
3c1b9189fbcc2f61fdf7f7112e02bf42	212
92a3b9ed6e4dfd19926032a1eb5b88ad	212
4d01d3b1b33c336f8a0253143f43ec67	212
90ec3a830c0e8f1f121b4f9bbc85e2e6	212
12ef05cd9020f9d127d334d03dc85f61	212
3cf6d7676322e2bf6f13b9d49429ce47	230
865f89675bb21b557b117d85d48b6990	212
89a9ffddd1261554e0827aaca09211cb	212
b3bbec4c7d589a71edd5e5ec67fab7e9	212
fbeb07622f1160745bfe9f57bfb22158	212
9ba0645c7f60dc6d10d290822d01e51f	212
ca2d162b49e0a3704197ce765e8f9c43	212
6c9dca027995184ae562a0c316dabd31	212
a705b308a590abbad82af94fd910340c	212
c20c117dd32b71476e504cd18097fb31	206
d714cc184c5c1e4166a4669192a0f6f0	198
fb2c149997a1bf31fa8895773787d3b3	198
6ee73201743e766b8f3073e045157655	222
92270c046b42033003c13ac61a6269b0	196
f7b56be07668f8a1a01bb5472c1becc9	229
2e7ab3abc447ec817695abe557bfc551	245
639ea5b6cb3ba73cfd133b58663b4d55	241
5fb93b39799bc12373df19eb8d669af3	215
7b7aebe8f4a73b3247f57acb0aa1ba46	239
903ca90b74130e09654d6da71304ae08	235
623ebb6b628cb03f05d9c9495d71f8cf	239
a04c891bdd00f71f3a734383033bdcf1	239
8cbb200c043c4b1d2def2ea28c1614c7	239
a2d4a03c0ca6955ad41e049e100ce53c	239
ca630a592edc33e2a95e291f3b7fcd4b	243
32727b04d57e3cef4e2cf22b0318d350	239
b5ef2030bf6bf9a39c5f17aef757846f	257
37d260270e43e882ad760c0138163db4	215
0c22249029222645c50fb8a4b82c8060	239
e7b18532905080a73dd92468a85f76e7	237
eed91d149561940adb0c4bc411e63fe6	250
5be5757183ab55a634e29acb7785b1e2	242
6dd60295409a7614ff91b29bdfea4cd7	239
3a32d48e418a14f10c8f62789badc961	239
084d33f5c80379f16e2078f6f5386672	239
49333a3be667d178f373a86a54b59c0b	243
236ce885d55256c604ba3d1d1ef8fb11	239
fd488dd7a2e252b908efc892f637a80d	222
66f9add0f8153e785db4e51ea90d3e39	222
7d88d510d962ba85633e14a7ac13d7ee	223
9694e25f79e7970c7b1ae8559d543547	241
4a2b02bba8b9b931a6b586f7503c6d17	222
ee09e7468774c2ecc419063b1c48ee67	222
8920c49e1bcfa87a226a6c32b7e5d392	222
62214640319027cd4e53c728932f3ffc	222
48a7710d7a8887eca5ec7275317775ad	222
6c4db2d9a1764ec42c84df90597c4cda	222
c570c757b43bf0a021f96f19a2250a9f	222
0a0a568abbea44f1e929f395a4fdff33	222
7f821f781ddfb0a53fbbb502c91fd65d	222
73cc15c009ec8f90ee0fef3c58b13892	222
0bada9c07dfc04118fa45dcb7e6c3a71	229
1cb9caa2cd86a1742b8db84be42c39e8	224
d6c5b4266b1403b4b5a0e28aa5ed6dce	198
50fe85c0f93ce86ba363d3522ef36cb4	198
fcc49a6bd18c20bbaf3c5839d0895509	198
a1480b2072a16b1a9ec63503cde47730	220
5a850f4d975e4d375fa6b0886842e04d	222
cb39ec1a1604a3038b7dcdcf3eccc398	218
765a9eaf3ca65f50f67e6658a76148ba	222
5f156d7c3f7f8813aaa3257ffd8a9501	221
18f5bc3edfa81a1674f92a3c888d4c73	226
f5961da29868501e421b2b59b8786f15	221
957cc16e35439b3c8411f918d52e0fff	221
7887404b7386142e766a1c3c7877ccb7	222
5ccfb40a1c478b1b1cad4e650fff4715	222
064af5d91eca05734b5731ee00ac92f3	225
4257450d231175db32b3d4b8456fd38c	198
f5965137c23a043b619b59b404adbb3c	198
df3636060856635a812a75ebad4b117d	198
d1e3e778b3c19e3caceb3786a32b8915	225
eae3ec6b2d7280b16d5a88e246c61405	222
7e4d4acf3c7ad48069c51bbb633a09a2	222
2c8d6ef2b03122032febedb6c85c8cbc	222
c05397e378bed670330a81d8e60af545	221
4aeb739a8b7cd58a6942c7ed2554f67e	221
2dd5b42f57cf3102a1907f2dbaf6fc20	218
a47908034a3d98a36cb1f5b094f70307	222
b7b4a14589cbe09e1f2fb09cacbdf5a9	238
26c779bbd8fbf278458feb5024494629	238
8d1785bf337c001212c11c417bb68dfc	238
d3b76ccd7daca7b85fc333a498622305	238
db558abea44b0db8b46a39d3d320dbed	238
4037ac7a764045af99b8bfb34e18813c	238
c3549a34100ede72702aae9aacc0a25a	238
3fd188dcf49032a077efcfbf3776a84d	238
35d560b953002bfd89d8dd2403eb7d44	238
cff3a8c3494099d58a99166864e65f16	238
6c402d7e282de113932e20f95aa58fcf	238
2d08a1743110909baf900d6289951d2d	238
7724de7c767ae9b199cee9d256cb6d4a	238
c6886592d5af3d0ce3485cded38762f5	238
f309834aaf51d636a9e71d3a24f1251f	238
7604b714137ed7d92aa9a91c746494d7	238
3487434cd6c7e42dd617134a40862e7d	239
c360647cec13b6c2748ea5892ab9383e	239
40277a0f7216f7c4ee7ea18db0d164a5	237
b4edf0a4900cdeb5e14061ae25697ee5	237
aa1f5f875339cf9b325b459e68e85709	237
f25028ba7f92acc4bd58d3073d3b0204	237
c3565f03d2ad493794b4992f06ba5e28	237
ece5848fafaee33e0e582fcb1d285572	237
3840dc50de8b75ba2c0b88f0c695b0b1	237
73c1d1052a4154bde2c445e8e8a4683e	237
93184d0ca67fcf93a5cca0e43016f80e	237
306b1b2f5f82b43a1ddd66470f8185f3	237
9d5beff4f65ab5efca0563ecb159e190	237
ed40bcb1f3887dc1da27ab644d3df655	237
9cf716d8e1668f5cee40be494c7b5783	211
1cabd795d3d66ed7dbd685b2af8466e3	211
2ec65c530fb76d6fcb9d6edb05ea0c5b	198
39945199a54d535bfbf1b67310634c72	198
e1c45c5b6236cb3c54297a4035e8838f	198
a4f88043a0f7e0e36c5f63dcfd9b4d2c	198
9c536f0e6d21e884d590a915bfc01b20	220
3a5af5749641591c5385d47dadb8f9ce	221
cf3b821bcc4f2cbdcff640d9a264992e	224
c8b136eb4351203f04a09d15a762cd4c	230
835f885377ba4e9e1337032b6e8ab656	230
20135f05a9445db0760accd57a7418c2	258
bb284d5de9c15b71a5a43d95211929ac	258
a4fe3fc404668cf2e5b046788593f32a	258
59390c910b107eae95bcb1bd08e08437	258
52d86d9aa4cfb4a1192f2aea76423952	258
1127db059f59874199740468431a7ab3	258
6129920f6396a7403739ab685e95f232	258
3c7a643412a744f4e852a2db9831fb2f	258
977df2f6e80810d5820a5467629a1505	218
dc33bd9187e8827b32dd84758b4e0785	218
fd809d9822fa6d2dea236b0f2dd996cb	232
00a61bab539ebaf0ae1ad0ccc6dd17d8	232
47ab44a86ada1393a749d3e78c6d3992	228
322990def023b9ee2f396e21026c189e	228
6f5518f93991734113ba3b9ed5e593be	228
4d3fd0b6b84efa0c4dfcb8c77882f89b	228
da2e8d5b390b0d55b4860be88a9eb111	246
16791163a544ac383dc54ba66f6e2c24	228
3912ef8c9d52f664fd385bbacf5eac3a	228
248626ee5a6a939a00a23087472664c8	228
015b629430f7e134f97241eaf3bb9a4e	228
ae6d288f92149aa9688ce8878aa46fd4	228
a39b4c56028b447f14eff63c3b79a023	228
17f9ca302b85658136e7b21a7326a7c4	228
ff95b339d3c44fd187da2ffc39b36a87	228
899a84fefe3e69a96a134da6a06052c3	224
53d06e5ad3623ff9e831a29ce24fe6b2	224
cdc44c1268fff0a930477e8272ecc7cd	224
045dc38de268e59323a9ff562df3d6a9	224
1cdacd592418f102c74d0132c2b126ad	224
fb6a907ca81320e0561418460513f50a	224
bb8b3c851d3495807e75da44e7ef94b6	224
f9b39f721afd133e19e3251453f6c700	224
23798cd5158e732f50bf417cb0247687	225
2bcfeff1b04ee0cd28c4acd8d6591155	225
2b2666c5aba0f1844c72b7efc11eb728	225
cece47234a581dda0c0278b135e134a2	224
a1bab6c9784e03f1fb0cfe7eb49023a7	224
5f71ff0d295866c5af187f8e8a57dc19	224
aadee47e5a47e400ecb28bd023306610	224
d3d556e2c6b0af7c914a9b4828182c4d	225
916a67f72e3b015993301da1e9bade81	225
db69e49b213170e891a787db57d25d1b	225
39f54e63dd0c6f6d35be0e20c0e53340	221
74cbaafa679c52ecf9c260a4124eb81c	229
6a20b7f46ce20e6b47c18f064b4bb655	229
da91c7ee330455dd2df64396c0e1a414	229
ea6d22f6b8927ed8229586eddb80277b	229
3eccab08f85ed424e4138070b101342e	229
8f6fd643670a7cd11c2aa1fc483478f9	229
aa8deb3bc7ad26d2a6fccc637569685b	229
d57f40b4614697bf1c340002d4f06f52	229
8c640ab486f54ab3b142e6cf61c9c4c7	198
9cf6d64e7a93b132e9cb811700ec5861	219
bfedcb80ed946000d232adaec5698f41	219
87c83a4599bdb3d1c943dfdf83694af5	219
c692577614a208974dd7cad2c9fe32df	219
4bce436c6eb3bbea429d85ee86ae6ae9	219
64f06c032aea4de4b373bcf7d15ac169	219
d11084d9d747242d500d6f2d17003716	219
46bfd0ac4662cfa23bc0fc442aec3d10	219
d578c5e5f02870b56438541b5c2488fd	219
eba3d1fafedd48ce605dd978ec4526ad	224
ab5b7d345978abe592929f8f4fe82750	224
5a43c8a4bac838e8a3c64b5e4fc99552	224
dd96e95d85bcfb56a48f15d2750c3b2f	224
b122f4e556cd028a6c30de45fc34285d	224
922c19948d7fe43002bf39fa653d5820	223
11f7f287aae18ac01126cccec0bff397	223
93b702637f4b35890e7a304adf326ab1	223
72c06ed3b43e97c267dd49fe5c78bb2c	223
091a8ec778e7ad459731973accea9e68	223
5b097908caf080595094d5189acdad1b	223
a2fe635e959efefb87943d46632445e0	223
ad39a490c2f29744776d3a656ae5859c	223
b9dc6b34d0fb3e533a05af675e2bf567	223
20d6df691c68b326d678e2e4e85962e2	223
473bb4061ea7a6fc5d6a2dbb2ef0163a	222
c41ea844de2082f8de1103a54ea2a7ba	222
9b15965daaae338802d39fe759fbbe2c	221
21f3d366177973cfdf3cadd3a0d1305a	224
eeac9cfae8b2ef4d5608eb77e544fa4f	222
362dce38e79bda8e64d95768bfd85033	222
4ba53e0ee073575cbbab4f974c33aa70	222
5020c7b9e8e22bfb124eda4e06ca5a0f	222
e491a3d4f345e337a5945d9ab186827e	222
be556e3219d95b32f98f451338245093	222
50dd2827003707f96402aa12de7d0111	222
1a309132bcfd7c5f42e1cc53d8dea3d1	222
f1577bc76ddb04d7c44cb401ffe04ed6	222
da3c1e04d71b22309374a962534f3fd9	222
4019583fb344e26c1042b4afaaba8a22	222
f822d1a53ef65f98ba32ad5bc9a2ba93	240
74201ee689e056d0106a10f6ad10eedb	222
0e231332cb18c0fc2bd01e12f43c201c	222
14bda8bdf4bfd35957002ebd3c5af15c	222
aff93d4c4feb0edb50d1a0784c338a55	222
96a7f5e263e84793d4f636c43f4c0466	222
80fc37c0c94eff918569c5127cef5b82	221
dbd9cf5d3417f156aa68a90b1202e614	221
57978683afc3b745cec34dabe4e8fd5b	221
d0fd557fd86d5392b15020ab0349962d	221
39dd56a0352c4284e31fd754d9d4c8a6	221
141fcb7fbeafbdd042cd6aa30c40667a	221
1672cb8eb967ea16e73c5b6567780154	221
c3892af850f5f548dbe21c1045145a72	221
3de9c3123dfc05ff769e4fd2bf568aaf	221
6956c2ae3f57f19d8123014419ff54fd	217
badcf06bfdaf966434b8d02e56dad8be	221
608136da6af8981899c1f19c9f353423	224
53fe49feb6a4aa7c9d6755da406423fc	224
763ba6ad84a55a585043a7688bdd9fce	224
077afc3f9143b8b6573a301fa266ae2c	224
bc89295ee21f6e54f665cf6f718fc0fd	224
cc131d359a292c9963b84ebd6775b899	224
6b7864fa40481267c4eb46ea4399ba28	224
1585925ba8c3fb306680c1cffbc3626c	224
43996b7c592d54a1ac58ebab670ca25e	224
38bd215ac24e123ee9d5dd5b57fe699f	224
ba15b2a2c50f0c61407e36e2f27cf43a	224
ffcb9eb067d6b26651b29dc3e9de037d	224
a93e53af34aeace53fc19a4d818cf46e	224
57f511a29c23bcd152f807f0ed0ff292	224
71010e2c15b18e95bfcd191c9c4c9f1c	224
04d132d7f62b142836117a04700d9a2e	224
76af4e6c1bfada5cb6bb75ceec33425e	224
3edb8c066d1c3a7da72f64f2f5834523	224
e4a5cbb1ef9dbfa33800ad3476349672	224
debc7aa673f85705a31c8e73cb3bf8a5	224
3ab32b05424c6b32bed7804819ed6731	224
ce07d6ba236b0a504d5e60540bf1595d	224
a09ed4e62f3a1595d7d7115034cdbe8d	224
9962d6432da63d40cdd4d28140e972aa	224
4f6d463510d6d4ffd5b0e28d01aa781f	224
804862b9d8503d25703fc5aa88a1010e	224
080a2cd83f679c0344be601b4a1f77b6	224
c704bec1791d53b126db0c6b79070ed5	224
7a6764a787d5ad17518fb261e253f8a6	224
d984f192c48b5f7379b9bbf651ab905d	224
f57bc782cb223441426c30b7ca7fb22a	224
1dd3f94c21073d5acdced803aec30b70	224
0acf4c84c668e1570f638aea93698dc7	224
bd465908644f15ade7cf79748412f3d8	224
a6bcb1abef711309e0887344b44b9433	224
3b4234c6003a17559aee190a401293f8	224
33592ae4a1daf3c17edf418dc3573069	224
f5c0ebd2075934d2bef27a064c73b74b	224
3bb4c229ddad79ee629b4494acaf212e	224
a372873729bdd0168cf12fd51172c315	224
b7ea448b3cd2258024c12c13eec929d7	241
437d7d81f2b2ef610fbd5a69034b0b0e	242
143916d4ff2b9ef12f04a6f63d126c8f	242
f8cb6686ccf88b4c18f79b0a21bee4ff	224
3a3c387359312c8db3ed68ffe535bb12	224
7c1bcce08129c9db3bf5da0fafc223dc	224
ef609e8050a7312c7155944e9fe0dc1e	224
6d4ce29b014b646387e6f3371dd465a9	224
5106a17fa1e53d43811d4cd04442c718	224
ad56fab61a7b030db0404ea2b703dd97	224
304c444f35b4a3ccbdc7b4e07d9509ce	224
f07517c4341cc1d8743c56564c4112af	224
b918d1da7da1476aac916d3a8f5c9ed7	224
81cade36f3559acbeb8b4174e9fafa19	224
06714cd3080255a6b51c7cc53a54efec	224
b63ec9ba26ff5e75b4e37667d32dd188	224
e3bbe3ace19b7956480c38b97a4e11bd	224
58eec0d6453701a5c44d22b1aecb2c65	224
176a09428d01118622b43b20d27fe6d3	224
6409a8162525d6a811a622b3ab2da6f2	224
619619bdd48c00dc1c75eecc0b69a255	224
b639b338417415c6d0b78454cfe90226	224
b6701f0ddf6b02e6319cc7961363b85b	224
5a3710b2d52a37c7f0331300310bb5a5	224
2c1589bd4498f2d91534cbb10f2d1ee6	224
cda5debafc84730d734462c8c3bd8bc8	224
60147ee23410001972413c770c29f45f	224
468ff8c202b586d08e67e56d860a2ae9	224
e0a987a0f3f65c02cf07ba6e1737a2c6	224
351216333266a7f31802cfebca8831b9	224
19753ba5d99f49992f3fbc7d944a1588	224
183ab9a23bfd3972c3232095153951d2	224
d3876553ee912276a8d9f7b708d687bf	224
7e2e067e5913e3a0f2d3614882566845	224
f19a2c184b41a34212e681f33fbad4fa	224
787e7f7f86bfaf745f22a21f8d6921a6	224
63754752b9b7afbd9490d123a658c789	224
5f519fe5121e5625fc44e65ff77a2b16	224
fcd2a8f0cc1ed9c6cc9c0ac362b3e720	224
824a662ba232d78118350fa454aa4abc	224
c51056c5aa8fa70cc03edc871056f585	242
c45c209d0170e28046301d77ed058338	224
a6aee6c4b359d2a5bf4caa6f2dc05663	224
9e62af33832041e3871309b4288d27c9	224
02b675ccd0bfc8e65a8daa01a7c308ce	224
536c3e65ec77854ab30427e5d27ffb2e	224
35e83c9c8c6bb2951739cb068f0a3705	224
73482d869713b612db8c5e2bb7ea588c	224
e3944d169ef92b1486fe61b38b08a31e	224
1ccc1e9ec4eb2e14bdf08ff2d483d2e9	224
0cf184e82d7df8454c3d25053e46a05d	224
7d2336bea0112e68029524ce1deff44a	224
9138c4fe2f91d1a6c8ccde8e6b6ee744	224
1e2281a9ed1d67f8ff34747cd0639e16	224
d41e3d8747e6ecd1b44bb8e83e6ae1a1	224
2fc0c5ef180d16170f908d51a37d1f81	224
441fe134d7fb9a5ce03c04f9b59db620	224
3fd622af8dc95f90b585afe205f82812	224
5e8c9ea512de0802a0d740cd06ddb575	224
3c52935b3e9efe8e6a8bffe49fc97736	224
e24d4be57239f62effc5ef39acd3ae12	242
564bf52f61014a711996838824ef13f6	224
89bdc84b7aade375c79b05c45677a7aa	224
1016216ad1ff1430631127415a856dfd	224
53701eb010d07131fe460fdb0586d774	224
f055a841bb11cbc6fe685afc207baabd	224
3acdc6c2b286d285948c68e44d6d1420	224
3ff44bfac783d5d4646279f31a0b55f9	224
78a8e66895aaa835b42e0194f631f50f	224
603610d676be312397708428074c3614	224
3528090db92fb47a784a81d0c9929382	224
4bf5f7f1dd3c183e2b25eb9866ddb128	224
41fbaf5fc47610e75a35484a54964d4c	224
85dc4dd850485890257df8cc8d312dd2	224
ad97fd706df0152d7f817dc6cabec0af	224
5f5ddba6bf5e1a4dcede68d0ca9b57dd	224
cdf3c7f6b366cf243957613fd3b0647f	224
0be325ff265a652b5335f989e9630e9f	224
78786e184ca04fa411ab6e6d6f43b317	224
fb4052e1f18cf34855c13b28e779a71d	222
1637a9cd2496eb951d57d4f02212e400	221
53d00a2ed876702422d6a18f06f014f5	221
bdece7052a325fdd9f17bd646a52f14a	221
7beb7c223a0303e9b54821195c0e11d9	221
649db435ad5008d48f2a7f0b2283d7e3	221
be1450d57a700e9ef72b18688912bb3b	221
60091f927398f302657227aaa4bec51e	224
dc3737094e8939a30b799483af95e20e	224
5814bb52a33731db87f7036e46855cc9	224
35aa10735fa28504e8f37f0eb048e339	224
308cdbe8123700aabf48d1efda593cfe	224
2fa25a6a4c28c79cc3f18238ecac4aa4	224
de08268db282e72b67f7a433f6d38037	224
87cad1428a82c8b21f32f85b6a850603	224
577ad780fa8c1f8d5d3a8b43d1489192	224
669b5dd59ec4c1c5b5e3c239c8e5d742	224
e6e8d0c002e65e244f8e73b84b1bf721	224
c0a9fcb6d5bfb26540e90c0f32b55851	224
b95a2fa25d2753cf44f59b2e003e7be1	224
1a3b7e331e4640873d0ae46ab4fab265	224
788d9b1d9be274d8027f3ef094747b60	224
f56282037bd36f8b9c81b85186f84e93	224
b2f30be99a94dd0659b279a45b824bdb	224
af5419b166227fc554551f1eada305c1	224
021a80507fd5c754a6fac61b6326092f	224
e0a701dc80bf6cb14ef6c0001c0ac6ac	224
da121825fa88df53e417e4997cbd5652	224
7e1c18dc634f50c4ab78dedfbd9a0654	224
d6dcb8cf35a5c06d4b8f0477a81a97ee	224
a228f63312e3e0bcb44f89f001175fee	224
2dbfe0a22821da5661239f75b8c69f66	224
107aabee3aca31aa9a1c4c6c458ace5f	224
133c93c78b620db0005152e2784d5b35	224
4bb01adf55f1c7ae6dee6b9a8e3a3a39	224
8506ecd415a807b829be5078f3215cf3	226
06a219a794d08e00a282a0d9d58b5f99	224
90e4f2419b98a269eb841689ea04ab98	224
4021232f80b946589d1d62af3dd5926f	224
d834b369832f57564e7c15fae6199062	219
dccb76841ab8f957b989933655466c4f	224
64567a86fdf1c0294c2cabd10cd67156	225
047db7319e668af7a7727c9c61dba298	225
31f499815ee201fffe0c855b8bdc5aec	224
c601b6c81d6b1203f29d82504c229ad6	224
301fc9b044b643c6595a568c1edeb2fa	224
65d7f65b60aef3837b497df61ae03ca4	222
fdb5813f0bbcc5152f07c78e09a22325	218
db960df824fc16f254790173ae9527a2	218
82b2c4a457f65fb275b7c605bf62e713	218
9a7b796070a9e33fdbdda10936146442	218
90e73560f58ef90b2b48641af7e2ed21	218
d1917714e3b1fdd2cb9a5b36d810eb4d	218
a0e772348b15c7b7892655fab88773da	218
0c9e7e32fcb811804463ac9db30c1275	218
5a424699d09a887f9b81187c8f4a07ff	218
5e2a5dabbaee8c8d73574d4507da3f24	236
020860723ad8e1145e7bce6e995f75de	218
15ff7303b350b961f45d37cbefe173a7	218
eb1753e58bd808ca6771d3a64a66127c	218
0f795d817e1348e7cf8072817c4b5cad	218
886a308873b32631e6e50176fa186037	218
fc6edfe09f40b3d26944b5df81e9f588	236
a3da24703629da6986e00743958f04df	236
2eff1cb6fd2615c61a84af540df16ac2	218
40eb13a2102a70f0cffc89546e552649	218
1587dc659e0e8afa0b6b2dfef6c15bd5	218
bcbcf31068ff8e520f80cb43ba3e5865	218
1a3ca384200c016505aa68fd81d0f08f	218
40ec3d0901a968b88611cc6271a6ee65	218
109064850e8dc89dcc8ebbed4f04242f	218
e46e86c40765a301ae0eb2cfaf330380	218
a47834b495893e4f75aa0d2bea0747ac	218
4a569b84777796737beed43289e7fd7b	218
5e081b36ea3a6c4ac3cae1b3cecfa860	218
3531de581eafe60931751ca3f449f2f8	218
a6d12c7695574314a056a94833afa46f	218
3fdfee6e7f1128f79cc1cb7b27728ccb	218
1039b04832c8e7097891533a8e0f999a	218
6c4b17506e74c57369460898febaa7a1	218
00e86d3fd05a7f853a4f2fda91e10282	218
ead52616ed4b5023ef18d9c39d1d9502	226
6aec5c0c04b7500017b3ca743eadda0b	226
a3b51091ac2b5b734ebcde3e4ce7e71a	226
2d6733fc151445fb4be1ab43e4092cdf	226
adb1dc90fbb59d11269259cb60aae136	226
8740180fb59231b1bcabeb883cec36bb	218
910960720ddf0c5e9156b2c128ede7a8	218
ae18eb347aea391f0db14e66d43978b0	240
2f2e3b9c6b375738cc08f28821c2458e	221
2f4a4cc947050ec53575db9403591b38	221
72c49e7aa16979ef4f9e0468b395eceb	221
51b40917e0df4efae8ce766b9279e813	221
ade42fbbc784dd8d642dd806b530d3b5	221
baa7ff68886f5ae1cfa950d91027e5ee	222
11ccb5d5d4ef97d3f7d246e156f979bd	240
7b57ae3a1bbc9f7077b57089aca6c7a8	229
d395992b0f76b4186daf44b49a4830da	240
6bdba4dc65951f2970cf20013272730e	240
6b44402d99c55d34056154e67a010793	240
5318c5466522580895bedcfcd5452324	240
51fee58acb9993fa4e249e59a8b75bf5	240
7bb79a09d9e18b3266dda2ddd4304f15	240
36e2d1ca5f6361f4973947e53bbb8a5f	240
b585b14884b5fe539d604ceff86fc76f	240
972c371f5971f0dbfe40deedfcc326ab	240
693127ac3a4147c1d7ee5b95e9b9b696	240
2fd8dd96586e35a064ae0e53bf7157cc	240
1d99a730ace746d1f492bc234e7ef031	240
cc10d7fb3ca0bfdb9e1965ae09a6e446	240
30448dd08f08f010877f9713e3afe43e	240
2174c97c6a6c09aad5216afb8ce40a41	240
55ae70ce018b54d05d0e4238970c8f5c	240
b47d1fa96e963c381a589ecfa218747b	240
22828ca94be1d20a81b04848d5841f3b	240
23e8ff37228969e996061d51081fd95e	240
c6cddb6643d8a4ff449af3eff66e5f5f	240
9fc6ba6e27574de833561edc757a42ff	240
667e87720a8f210a33e54edf5bbe31d1	240
8dac3682d16278692e038acae760b96e	240
4f93208230f4d03de70e53fcf8c47146	240
a56207fa36231805e4a3bc9ccd57980b	240
f30f97777dcd4924335a159141146a03	240
1f2cf735d87a30e800b5ba38189b5052	258
7eb8fb15bf6a730288f407aa3e185811	258
500b297454bfe7002b07231b557a315e	260
9a81100550564a40d2b31a12f10feb5d	240
bff14630ccff5d001b8c44ff41315fdb	240
5e442dae395fb11918fc77a39a3003ef	240
ca32eb11f3c9cabee5585f2a0a5fc650	240
27e6ae1df1b0950c37cda4c849e19501	240
92c89068bb3843a3b410c8210fda2923	240
dab6933188c08c26f5ba46ea9b717615	240
ccee8c090152d84adfb34ef267cb0ddc	240
ac6a19ea824cf2aa3eacb1d6bb7563fb	240
7f9ba8195041b7ec38bb6d6b84b79edf	240
1146ed215e84bf3c5c70cf6727e87d90	240
17219983ca56af0d192f4d52734d5735	240
569f2119d8a2819ef5105c90a9a1945a	240
0083387916179ef57b1f1cd35d4306e7	240
796d6a82e1aecff86e0f54752bdcfec5	240
517028db4d820197347ab24d75051865	240
681f1f8ce51d62fa2ee17199b936b8a4	240
4055a28e2282c098f2c3e0eac724392a	240
c25de9f5bde400546a005d0881c3a3d6	240
e3658dad834300c75cc196f9d33852bf	240
af2f7a0b9860650ea17eead5982a20fe	240
11647c3be0a24b1084304b8556051d7e	240
4a69c3054c55911c295b5231c26a8548	240
39f39e3abcac24e478dc332db9e4805c	240
5e816f4d8f42e460c075023debc68ce6	240
2b15e977c5c407b09c914354f682c733	240
5b482ea400e16d8e521a1734572f7d1e	240
baf5d569ba0bac31d85da0e2b1c6cc39	240
7891e7dd64c829bb090cd88088b3def9	239
162fe6c8b638daf0009e2952d855bbf7	241
5487b9e6e06840b53ff63f6fee4e1a69	241
f2f4f0d2d397e2b2b0a4c4751039f2cd	241
3cc9e81981d771c5ff9b52f556d2f483	241
b101b67d544b49039cd9c36e618275e5	237
7c48b3c6796cf85b70088de103c2dcbc	197
73c4b13b64f03f8bcab5ecf463f00b74	197
75e556e9e3e44b1ba36620b5fea15222	197
412e6c8a24387a210f4c0542e89b26dd	197
3c7144c153dcc84993fae11f05d9ff28	197
59f363026e083ef1d3c98ca6e60703bc	197
b03bfd57077df935605429f117622cdc	197
9303647f3fc4a806f0aa5462d6a8585a	197
7d1a4bb598118a27a4039b5245f1d166	197
b2c88a4f9b2a939413887d769edd5d81	197
787621de036ace3f43d9b697d0e09047	197
494014ee4cb5fcc6637898ccda0f6476	215
fc500df9f0feb6e222914953bc7c369b	197
2860567c08359803170675f82ffd265c	197
847a281f52dcb235c31d5b073795d5b2	197
dc71c7a4a224c75ca28094e2bc384e27	197
5b2e51cb79bbbbcdeee038c927155001	197
88945a166459d47e19f38afd18252187	197
1d4eca9c26f512a38e706294bee18dc1	197
acb49b7db4f888f42f646c47177aa11a	197
923419cbf2bbb3b8f9b6e2305d116501	197
06b01631b3e4bef00f1cd1067343a292	197
465f35c8eacdc13fc52979cacb9bf6d8	197
7fbb13cd18410146afd8385e63676d5a	197
fa6573dd6f977d81250121d600ecf96c	197
30bff78c5b25c65030547dac209b6c2e	197
7290171e01bd500c060a5a640d823099	197
6b39464b1d1b65b74273aa32899e9906	197
e0a9088e3899f4542764030797a1bb7a	197
bca82e5a6412b10b0ed52a18170a6681	197
0aa9607a61f4ba07b1a09e6d18a72ba8	197
255ce04220a1a5f4fec84b5c68bc418c	197
06433a2714beb6e3ea32a6b71ec6f0e1	197
67a2a2b4f45ce3a0c897229e832ad011	197
98b3b283ce4f26d7e00e566137b155d6	197
f97d2befbfa3c26ec63a32c0ef08f219	197
e04d06204ad5a863fe85e209c468cf83	197
113a4e7e07fcd509f6ffe4f49c9bb27a	197
d914c7ab370560392b46dcced6db1c39	197
5353d6fb6a7a7ba08232340d2bbadf04	197
b36241edb8ed22ff8209277afbd13777	197
0bc14c9ff4435f563689eb3742f55263	197
d18911efa4f9d61b254450de980a4a56	197
57a83abf4cf796307256a43a7b72e8d4	197
725430465e74de86e24187a63daa5d1b	197
4ef064ae0910ff1e29a40abb27cc622f	197
b8b92cceb18feedc6c2cd6ef680fe358	197
0db5b5f14c5f392426929f49faf3a0d9	197
3b49689856e9d5f77746808a61259a23	197
7f9dce6cbcd97c8e0569c29a1711c603	197
4f2704ab149c4bb663d9b477fd6004f1	197
c43ce22daf1e6d18e17aba1e50747820	197
ac01a339a2b26db7ba5ee7daa69687aa	197
3b99b2fc9a4cae3a349e03e17080bc47	197
eef7a194b4363c65ce878900b3dcf0fc	198
40a428c8edbf4122b9753b7b61182a9c	198
e7a47517d5f600ba714c6a58db0e8a24	219
56f1ccf0fc294ef1e1fed12a88874c01	198
fb4ec5b8c4f23346939addf7b954d0ae	198
179d0e91023dd1856b601b1c6b2fc0ff	198
729a576d5a9a59bbdf515e81ea6591e5	204
16df8f9e7c598499d90699c0cb7eb53a	208
948c11b2690d2517ccf04551375971de	202
e64f3e755f3da87c3d078fb1b73f287e	202
838299459a8ec1c84582272127d5ae5f	202
54e80a183b4ef15467b34063f71e7b72	202
114a01d71a94d6290e0c6a377cd9ad32	202
1249b5a1904142c2257b2a912e3ebd23	202
d9dfb7fbff2b105b5d7be8f9a0542934	202
24cc32f8b9e44a0b26a7dd3d133e99df	202
9424e77bd45c0dc232fa7f4f5ba3dc30	202
d412d2e4f46d89d8844ba1455c19e680	202
9c4181daa1dab71dfb55edf00e561102	202
b599916af30c2e14e4c81d299dffd8b9	202
586e098520a363ffe5a5abb889641235	202
e31d3033d066528f2c5061566608049b	202
5006e97a2185e87fec6488c78b250664	202
60b16fd21cca01435aaf778374a1ab4f	202
6ba881063d437e5a2db50461ead8b93b	202
d666885eeeab1c35a4594f3a3a4a4357	202
d0ecdea6b98323852965cb1baecd5afd	202
6ce10df5fccd7dfb97ac4a63974277ad	202
556fd6b959d248f1466ff2cf985bc1c7	202
58a017ea576272de90c903a2eeff44d1	202
16a5a774ba8b6f79198c29ad1c0a2e31	202
cb44e9750abe32c10d83687bf9787e15	202
5daa8953857b57b3ee703c44b226aea7	202
5423b1f84306f22b25d01abb8028cb76	202
25287f4722e2115c064c872c4291edfd	198
122a66c10a7b09faa9a3f5c3b300e7df	198
3d49fa25ba607f0e2e9e515357c6e87d	198
f13c5d955a2498e81f332fe27318583c	198
0539c611b2d8e784abbc0114c8070af1	198
7c40b87efb6074cf7747a4568be07eae	198
2d5a755a9d87998562945643810bc660	198
e71fe17b7387913fa177ce2be028deec	198
92bb670d047c425353e23b07e5c5498b	198
02acf2199ed38d157a0f42346db9282c	198
c41b282ed0145a7467898c69a82620c7	198
fbaaff3fe5d2d27c7e128129264b3aa4	198
2d40de76a55b6e08fd7678cb434fc5df	198
5ac393e716435c525640fbc07b88bb2e	198
d3af9528328e9016ffbbefeb3afe1264	198
40efce0e1360a62471fe3431da796a39	198
230b48df66ae1d0c2016de91f9386716	198
b512df250266f2ce57b24de0170fc659	198
47797ebe38584b6cc16c3233bd2b63e6	198
7e468e04261f9c271d45f3bc922407cf	197
6e0c9e14ea8b1dcfedc3ec75886092ad	197
dc589843abb0c4907a7913bf3d818723	198
9144a17399bda52f4e90cb5ae5ee92a8	198
1f0b5a9319d60e73216903c55a04a38d	198
87586721cc40c6d354a6a664373c9206	198
541f33be6eafd8ebdd0552d21310313b	200
dd742fb85bb9b426785b1c35eb8ae006	198
6629fe712b1175c5f012cbc1f837f97b	198
bb7c5e40c801ab7c27f439056248d60b	198
0546bc8f08945727f81420917fb81695	198
bb9334ad2ad9fe042e997431ac1c58c7	198
914eff4465b25e68b27a2274e502f12d	198
4ba082313311d9d4a1b35a65115d52cd	198
c17c36ca449bb48966a1e485a132e7e4	198
247107f0637e5c867f84a90a54dd09be	198
e7d9f6dd6567cc85d3c82bf2cf96246a	198
2135e9d71cd4a6f436a3ee596599646f	198
ee413b70359a2ac329ebbe6328df9fad	198
70ee01360b3451b738760759a2dc1e98	198
79922f8409ecf4310bcc5792a24fb18f	198
fcad7fc32ab07bacea7af66bfdad5f5e	198
59fc25dade74d2f0db7a72c519f6ee7c	198
525f1acbff8df5a787b1d9192cef4b47	198
3a20fce4181ee640be34b96cc32a4e95	198
e9ca663f2ec9d3064f8d877f4f4325c3	198
e65c97cda97f7ee726c203798679b16f	198
4f265277af50d69bf599e4e69cda5247	198
74559af27c07b9dcfd3a7f9690c6fd08	198
554b43c2a21865bd2e8764cf9503d493	198
a00f5e0d14f36b0e74f042973617512a	198
281cedd9bdb044dfa640f1828a949bde	198
9068ae1809a954bf5db17bfc3bd82e7d	198
92f24d569f617114eb5f465fde26257c	198
04dcbb6b4f1198e219e7ffcc3b1cec6f	198
8524ad4ac6dae1dbd82e260b0522fddd	198
cebb95b917ba42f18d901c003c5b1cd9	198
3e372be2efc8002c48c57690266ab5db	198
97d879fc54be4e534a67c94237a7b989	198
d2b00b5e851767bbe68ca5ae7d7a2fa7	216
a9de6c13c7e4c5526a7fc0d456e6ba20	216
aa7634003366cbb245f61503aa0d4234	198
461e6145d6147214a7f3253db507fce1	198
fac1e2b1dfc4d81271cb0a9fbfb4781d	216
9c6bdf9eafe2b6b3500c4ed06f823431	216
36a4668420e3ce2c480d1cd015e4c25a	198
a17c640e9269555c0b2f199adf162877	216
644d40ab5f3e393e66824077cf3be3f1	216
3d33d275ee181c119c18025ae7d15691	216
e1e1f794def81028197148ddafb7ca2d	216
d6cd62e40f0b667bb2f203de52fded4f	216
c8ae227978f52f740ba756baa6bf22b9	198
cd96b5d043b3e487034ea3236a8bc8d4	198
1c1794bee53f1f3c2dfc594b56d973a2	198
ce15e67ea48aaff72520dd9e467707e2	216
b80508cf690b28bbd2ce4bfae446ea69	216
35e05a77021d62ccd95c9ea531abc7bc	198
2e1112bc9e6107a7fb25af0541363a75	216
a6788612a25645aae69f56aa66ef6c06	198
659526ef5aedeec326326288949d85ed	216
bb351400a4bafd114ce0814cec9ed7b0	216
aa11f048dfb2996f69d0816463270c6b	216
2b7456e1381a729453acd8cbf9ab24de	216
81a38ee510b0af4bb69963ca8f5c88db	198
9d009c4a405fbce5512ad6924a2f4c94	216
04a694fcb58d3e2347c79c9b42e0a5e0	216
ff865f5424c9be48a40d4a2740efb36e	216
12b0363bff421dcce458cf8a47af7245	198
0294522aa9b427fd3cb11dd49c744422	216
2e82f006f77faaa288fce3ab5b06ebd2	216
99812c660c5818c5989960a14d03dc55	198
3f72e96c640a3a5b7c02ecc833b6b0a0	198
159ddef97b98fda940d8dbcc7aee3718	198
751c684a05f167c6a32ed627ee95030e	198
1aaf9a8efd02e8880c9a2d4ec09b248d	198
f6b78a027094b1b4e858892b29683b4f	216
ee27a52b13309d1a694e82c49d734ebe	216
9257a16424a00b591bd8ebabaf8fe98c	216
82b0fdf92d548d126704197fae2109e4	216
1d263305c228208e0718b6c495c707ef	198
8087108d9b327843114e678b3ba14bbc	198
f2870b42d733011c01e1f53dad242032	198
2496c46514744ca8d21bb75a9d3ad5eb	198
2826630a62dda9796d73160d4e3ba860	198
bdcf61aaebeb38ab5acf8a23786b7b3f	198
0fad43fad50694211a4ba9120a0b929c	198
51c2acefe97f547de1afc5f0a9f30020	198
65e58e2f854f492cb4fb75c5112f439f	198
83fee86c8e22822d890a4b49c9b8f2f4	198
8f61fa69d9b34e4586b6f4d8cbd581b2	198
b8eee3cba87db6c19cf8b16f84ef5895	198
1e830ad81703126c425eaa5c2aac756c	198
f48cdd588b7b019ff4e25e9e86b313ec	198
88d2e4ea2694a2e87c3b91eb55bf6e54	198
c9e490a1efc804782bc06dc7cac1c1b9	198
27daf0b637fd1a2130b31f2e702dc1d3	198
7e2a98814c1321fea7d61e69c3711b78	198
f46b53703e77f1d2025ee92d52316209	198
7f317275838b4683ce7f92658adf77d7	198
7ff0fb5b05e33e07042214ff844b4d0d	198
03b7224db10365619998cbc5304560f8	198
8e4c1ca30d4d27dab222a0b7ef80d621	198
044d3d87bc936c9051b30d327b4b2ad1	198
c5b448189239b88d16cf9791c57405a5	198
a4c403e08cf5f72092bdda6d13e50982	198
47199731baed4213b61f04750c881bf7	198
292c01631875c2e4f24b810e22a218b4	198
38d2707a9248a3da29bb23f06e0b5d5d	198
9fc96c552a1cf58f0bf399e7b356471f	198
7de5fa3af4bcd45b09f3649bef51ead6	198
5b6dc179021c8e94ad9d9f99df49eae1	198
4c32d72b505191cdeabef4222ef1dca1	198
8daaa9137d06c6f87af26f2a25e2dce2	198
109d0ae8d3340821495b1cde389420b0	198
981d9362a01207dee486ccbe0b5870dd	198
52324d7df23176282427c1b2e12a56a3	198
620d222f78dc3ab5eed75a6ad64cff99	198
372b3dadbe76194f1317d94c440afc72	198
dda5fec19558fa1b3835d91fb2e3a87c	198
e8713f02577ccbc37abd964d3f0e2a4d	198
2e966895ea59dca61d7007866b29533d	198
f0c45b004ef86229db1dae4f5651c5fa	198
09a8e9ba4e188c5146e9abadea0233a3	198
8ed8cc421d4e7e63e7e67de9d95eb76c	216
1d5315434f944eb73efb3d46c8680f0e	216
e6b24279de61d3499a4efb70b601f9ab	216
490913e69643eac151842f54b40422fb	216
5e2c3262b078b4d19a0694c02c420534	216
2ca3c72c20f795ff59982d9507666e8f	216
4cc07c5d7280e7b2f93148d043b1c7e5	198
9529232d5bfe0c7d0f6d5f7bd1613a69	198
f4abf10020cb71bc8598cf622dd47fd1	198
6e3dd6fd46690f6b11dc7fefa69c050a	198
b0bd3bb24fe7f5e854957c7c674ae705	198
70cec2f475ba19d0e43ce671c0e28adc	198
620f54b690f6e411f667bc03472ddbf4	198
09997666e42a03de3de90ebe492c1745	198
bbe40dd76825571dc62238caf04cec64	198
f1835fe1886175846297af520ea207bd	198
ba5898aebddcdf980b73345887c78bae	198
28216126598da79bfb960cf84e0d313a	198
d3d802b2f4b6b26cdf312261007405b1	198
a74842adbea3688966409d09b850faf8	198
d51e34acfe03bd22a7bce55d5dcd2caa	198
7fede7435616cbf0d544c5ce8e468d96	198
efd88e94e2c299ebb1eb6da3d79192f0	198
ad35f2c4069af87b46e6df2e77a8003a	198
475b90d4275e8460e000d8c9a5b8d5a3	198
59c83b1170d15518ddf78500daecc510	198
6800d9a620fcfcd4b4fb7dd6d6d480ec	198
6c25c3eda0dc4e7ce2b3c5e86d2ed98f	198
647c46e7349edf52ef7b7f829ebf0068	198
57f7e798e3852f33a7843950550ce817	198
2ffb063539d90ac1c1fd8ac0d4755897	198
55b0b3d56cd47881c3680a6a6f06ba71	198
10b30f14a8566d0d7b8ed468ea8c37d3	198
692e013188ae969d2dda3d545baeae60	198
e8af0dc21a1fbec5ab0d6ce1a6907dbb	198
525f98271c69c2c18a18703173e4206b	198
f27cf4444b335e3c1cff73d72bda5693	198
4aa06109573f423a3f1afaa22e8a5858	198
ed6aa67372d4d7900df528d6cb803a0f	198
d72d5838f28efe97275c73c7ba3d0663	198
e698a17ae5a0ba1247522fc52c993c49	198
f4ab2f21b2320a4fee2b0238f5227340	198
35090ec4841efacf05d053a00dec351b	198
8eaba8e54fef728c3d606fd04826831b	198
961790d2027f5694eeca4c0a7e765e65	198
6d152ba67ff526e5184f98eeaf750531	198
cb5116f645075d9de87d710405e466d2	198
6f14ffad3f5cabba5eb4d5b1cacaddd6	198
8c58785a232b500f8f626593bb7c05ee	198
1737e43321402fce0abc0603877bc170	198
1e9eb5d17d573fb9c4f146b5ea336664	198
50f84563c186feecf662f480fb6615fe	198
0296b357eb4b37816bbf793f07b4aa24	198
7e35908e5a906c52463ae4a726e00dbc	198
289a3a4b104fe11122d4846824d42f54	198
90e1ddd4fe58d09c16a856b4d2dc2baa	198
48dc2175b46d0e971c712749afcd9968	198
254e6fc1d94a0de66e7b6e68c8afe212	198
ab706893dd54ecc90aa15b6c7c26aa83	198
0bbdbe55b86275e7fd34c033e14052c1	198
c8885393ab938687d4f485a16200b336	198
ffadd292ed29d1b7030912831f2e17d8	198
a6ad22ead401540ad492c093d63eb4d7	198
a6a8269803fa81bf64329cffdc1f2adb	198
f85d07188ddabd69f0feb7449c748a62	198
8a195d5cd14798623c0fa441db4788e3	198
6ede76a26424e579917ef62ec9ea5444	198
24bd8307f4fdcf78e76770a3b64c20df	198
085cdccd62daaff0b262a69d971bf19e	198
67447972252bf9ef940411672e7aa7e7	198
faa71d8f05df501f179a9422cf06fa69	198
f484c44398bfef4456ab4ec25a1d81a3	198
83890efec7af436876d7c3e40282982d	198
07730a6fb4cf6f1bf5751cbe1a1edfd8	198
8a25c85c190143683fd6beaeee933e77	198
3f017eb698755e7b9ec6a70c77930aaa	198
0c308902e7618b6f24f7ab686a61ee71	198
84654e56261c436748c06e9777117a64	198
ecb45638714568b7f2229f46748b1473	198
d0c7b2a20ad56441251b53888b81c5a0	198
28cc553a4a5c468ac9966e9c8d86b9bb	198
4ab7ad4eefe5f30d51154cc162a36199	198
f860de4b122adefb4a5257cbcf960308	198
e7cebb02d194d3185b7546ba565695a5	198
af299ee033610479681d23984823f371	198
d575b7ba523bd5644aa1e53eb942a6fe	198
a723b99a80fba15d0ba85e416193cb3a	198
4f4d2c0ab4874398c839bf64ac3a72ce	216
9b4077f94b9085fa7e9a72bbaf55cfef	216
67d9a30f5e0a7c5ef5073c18b45b6c4f	216
47ff8bd9dabd1ae2a7a149a5a8594802	216
9c5e25834086e276608f485152481b6a	216
d2b9c1452e2aebef1ec4cec6ab682628	216
705f1acc1eb6cee6f799c8464b97cb88	216
33d7f5f632e0babcd6902ccf32d19576	198
f932c282ab24fb68bbf696de2e0c70e0	216
d34cdf132ee7165e7e73bbaa756a3582	216
586fefc298b41c2bfdb7db5ea89e2048	216
ce5dba0b390a45deb780c8bdfe0f5aa3	216
c0e577e5b23a92695cdace90e7fcf8d7	198
fce04fc0839684116fe9413b522d776f	216
f3ffeb5e72d8508a6e36e560a48df91b	216
2d0f18080cf3b35bd14c01267e7dc899	216
fdd517bc1dc9d37e8900c29a85c457c2	216
d18d220ae6f03499a7a4c465e914edd2	198
1a020d8c919317a9ee428e1425a9df02	198
6724a61ff3ec43c984441feb2d564a92	198
4bdcddd954a91d9687951b67ae761648	198
fc59c0823775a4719e126794fd77b688	216
3de19e02d1b133bc2a01afd58ffb5e21	216
2a85cb4a524d3942a88cde9305efae8c	216
9e4c6d0ffc7946faffbdc26dde5a5376	216
a1f56d30fedac371c4bc65b2169a0cd8	216
4e45a21e972c609bc6c09def7eef24a2	198
89eab3a6770e579d08821bacfc3055cd	198
b5bd0c8b18ff54ded1544b0c91ce4f5a	216
be439b89bf3e2526179288e5589333c1	216
ed1d65cc6773512ca5617c32bddd6ca7	197
d4ae5ec6bb4903c5cef7517b95cc06c9	198
3efbdf545ea38ed54ad35e26b6861787	198
00e2823bb59a6af2990ce5ca617b8ace	216
5591acbec7b4f14a70c5c7f69366bec6	198
00d1a20ff38169bb408ab2c7b7236e99	198
ec42945411804d6336927013ce32cdf0	198
c873ccbc1a500c3f538fa457256ec0d7	198
f0d12862523f4c195ad299bd42653a6c	198
d9e6fb3f7a228717d31ad32fdf4b55b1	198
73d813a1db9cbbd3b9f5597b18c6d71c	198
807c78cad1b8ace031634952db4ae533	198
4cbb35497d59684e8f8ca83bdfe604c0	198
f0335aff87eaacd24d4a215b049e5d25	198
c7f15361240fb30cc3e21de6b131dd8a	198
89c77b2944e7dfe12fc98818efabd609	198
b5e821d7eeb8064d8d153260f79997aa	198
e80aad87354f8039acb9ca246086b35d	198
5aa0b1827b1c4a0efde8a178f2e7afc6	198
50132d1dc27d3d15e1fa5a257c399047	198
538ecfb4980b6a749a8c53d634e650ff	198
aa11fa54acb613c85fd3ab713118219b	198
ae2b35ecd4a08626766534a566fac321	198
725d95799fc608f3539d04b63f22977f	198
855d851b2123a2ec6d70a0778aa43e81	198
9b8ce15a4e514ca3f8ae650723d9c33b	198
984015a5ed55724f956386767912aaa5	198
3fd682fa29ae6116a31c9a7b04852765	198
07d60d3da293de915a903958b9eb4523	198
a264bc33f74e554e9aec44ae4bbb5958	198
600905387a32e1feaa55872979425489	198
8ef670e055e592c31d07dfede20fac03	198
957a4e93b29fd5b211df95624a58524f	198
17ba3f6efdfa3c29b31f7102886a5cb7	216
f86eeb109b47bf922b0fdcc71c421b12	216
07793137618cb2e7ae89468e97ee122e	198
8b3b3faa722d3ad0a68dafa990aaf797	198
34a11b883c79fde4be051eee4f28bc06	198
7d79e93b4ef10586c4cb0a7cc2c45bb5	198
7142f5054c7ad663b258033cb31654c8	198
667dbf0b362392329d03589ce1f6c41d	198
03a811f2afbc0673d910ce0f39347e05	198
cfbc186f8f6bc3ff4e03d594d021236e	198
25337b7c3d13ea18632df82b28583c54	198
0467b56fbd8e2e1bb24bd74bb5285305	198
e16c94cecd33ce08ef0be21f8d1506ba	198
4870856b595d29fe7f40e0b8946ee543	198
3eed564a9897693e5e13a340f38969f4	198
e7bc625f444ecc84184172fe0e1ff907	198
6011299f124c7d8b21d831ea53fb2334	198
17686456bb314303c007e9b4e61fe896	198
8644e807a20e8d6c4395d9c4667337f8	198
33fc64ce336d8edbfd3537a761f5d9e7	198
e9ed5d4f7e49e694daf8cd134cc5d479	198
3775ddb2ce3bf49e8c8edd311eed1273	198
0a7ca2b4d89995d257b9a14b5c66a5df	198
448fa681a05b343b2dba9c0fc75e587b	198
57cb1eaa55dc7a65d95bd605882636b3	198
f5c2282e76c1d81c041410ab70ec3f07	198
6ffd575782e976e93bb4d307520c6eb6	198
2396d7de547bfef44eba2ad9fc0069ad	198
f5e8c9c3361de200acf276d5cb6f5dc0	198
209fbbd1e333fc799e550316b7081b5d	198
93e9c631254681bb6516cc19be416593	198
b35e90b5137bdaec7f9479d45f1a953a	198
8d367c1eccb445ded3316bdf054df214	198
4312a06646edf0ce325f8946f5966ede	198
3c6d318a27bc38fd1214e3d23ebfae1b	198
0ce61179d0fb1580cae58f706dadadb9	198
d091285a5298ecec2f8ebc2c68799ea0	210
ed239f2cac71575aa168d3151c8c4b55	207
48eed75bb3d808b06759cd7af1d3630f	206
f350a0e89e662304d450ef8c832530d4	205
6089c2c4388b0f5d7fa6713283770a89	204
6bfdb8b36fbc80cd6b65c781ff9fe186	202
8d7655f4c00274cda7bb4cc5be8c7b2c	205
349ddb2ddef15f16e2ee8ae3fdc1703e	198
a2d4949e966bab7bcd944fd2cde9b487	198
0b56d7869d69a9d8653169dc483f465c	198
1ac4705be7691b56e8cfc560ef32f4fd	198
c9f54281db218d8da631524e10dc28ca	198
cea4571b1de6a57996bc52eeb2d8ba7b	198
24ef06eb9a928235c2be5bd759a9c4c2	198
f2c34eeb87fc6851b974a086850283ef	198
bbb98bf26946ae07b783b2a6f2731477	198
d5778d18801708341f3cff9173a74456	198
1299afeeb6d2f1162ffb9ab081b227ba	198
7d62379ee4ce41bce8e9f9993cbaa9f6	198
051cc1dee5e2c62a459ec3ce4fdbb6f8	198
787175c38afbe77daeb7e96a13504eaa	198
b3963b8467d505f5c46eabf8e0f7dd65	198
73d2171f772073caa98f5f5dc70fb5c0	198
aacbb8b3cfbcaaf11d8cc588f3f30513	198
9cf726cd7b2b05f56d0dfad5259aa53e	198
4f75f12da5d1e085b2b62652ee53814c	198
c823a91dcb0a4bb0aa498b5cf976957a	198
7d6131190419af64cadcc19b216b9fe3	226
555f3bf5913eb3c734285269d92f1246	226
a3dc708d3216fae8952e7223eafbd5d6	311
2714c0a9e82d0ef6bdd30747f6ff4bd8	291
48007989ee880303cad4601391f06006	284
21e0d666e7b52b42a514e684674e4402	284
b73a1f8790cdd7b951efe3aef24d6560	284
dd1f40c9a2087d735adc3f1434430534	284
b27d5a768c31498b747bfb811b9ffe67	284
7bef7da44fce1b8b24a8934cfdc8d143	284
d7dfd062a86abb0665dd3b2480f917ae	284
83f86a92e809cc63744d163b4283b43e	284
b982dd37b0df08d940cf0c0190c66421	284
3dcab82d4a2b0eaf4aa42279c67637be	284
0c5d64f4f92a52d79d974ef9fe10a567	282
cd35c09304f074da8fd9b197698e90c7	282
1e2785cabf14b1f27ee54722206cc246	282
501140f741228a962abca486a3466d40	282
b460f743fbd06072448d09b40222b3e4	217
1033ab45d555aa777b4f03a9fa86a7d4	222
7e5fa4d81a53f9aa712f4d7c1fc2d9e9	222
9ad2492d92cc7b525e1331e5f604b45d	219
5bfec8e3a62c718962f1e64cf05a0a91	219
6d531b93b6066dea0aa385ac7def30d0	219
0e4c0576d636cf66106b78209ead4a5a	219
505647028f39fb7c0ec0d1893a70ce90	219
9f5d0ce85d00cb8d17ebe17a2a4bd9f7	219
dc8236d41e7696b3a76489962d534835	219
055c939712947e278d5e42908915afc0	219
4de0b5669acc174d6f92b8fe06c2412f	219
53af906d5a3fedd86a56730bb7ed9c91	219
68dfdce7a28d68835c8f4e08647545d5	219
69622770aeb9fd416e836e58063e0d86	223
a263e4fb1405c11d48d1a180f3582e80	219
775515865e72d74cbdad4826cce19b42	223
dbcfc866c92f90ad09d75c59c1701b53	223
69e99e31fef2b5df3bf899efd96b020a	223
9cc2d4f0e977564ed2641a929ace5a87	223
b93aa5e678495f6fd67b884d9eb7697a	223
a8176020d177ba4f2dfd5b44fbc4c6c6	223
8968beb4dfe0196531262f5462e82424	223
7cdd035a0420e52ca955b45499a0fd62	221
eee7e8664ed2fb6a7a4d7f68c725398f	221
c0d65fa8669fa94fc45fb4755cd051f6	221
1b555a9ec6fa79a8baa6ca59f59b7510	223
c1e33dbf0323e404bffb224df409c4d7	221
2e698d57c58763fd38a278c71622c0e0	221
ad2d2195dc2f711ccca3dcc2b8c95d37	221
03a6d78c710b7f3d24d9b812711bb37c	221
4d464a8939bd067b607b264cc7673434	221
558f5574c26ab5bd17c9358620938add	221
d379fe88e8ca8597e7a3072de428c731	221
4694aa1d945f624eb10efabf8173bb73	221
3eb004a67c4ed20b8f9e69f7327829aa	221
8c659a8d86e35f4221281d5e6113bd1f	218
b5931cdb2a249c92f5b7a05c24079b2f	218
9d18475901a75cd1dcdc6c59b1ecfd0e	218
6002fdf35e2c514266f26357b37e07e9	218
776b8acbbbb6448f8912daaeeb6a5258	218
babe0175b1f96336187cb98b446cd22e	218
156be1a2cb1519c544c57e5721f27254	218
6776974a9552ee439c4bc4d054de5b7b	218
afcc3b34bf4f61ea4aa89014031f06ac	218
c22fc7ce49d734a4cfe4c5ed96b3c3e3	218
8cf30cedb0a39bb5d643c1dbead56383	218
22e0dceb1c17f6b73887010adc173e76	222
2ce99fb38218f5607286cdca37c9020a	222
66563db9132010f057cab30a4184ff77	222
41d6822b615a3d3d00b32c4834282e35	222
92039fb5e6e04fe621e038ae9eb7fe99	222
0d7355a3caa0459d22de408953b4b017	222
34240703e943872859998ad6e68a2ccf	222
fdeb68bc1c910f03e6822cc74c9ef187	223
72676821ccc411e5fe12532a1985ecf5	223
cb73a4560a5dfe5b3476b1dcc4687067	223
14fcf328fe91302d0ec3049afe611e39	224
8809bde0af15443d7bffa4a18226ebfd	224
b71597bd3106d049559be06ab874b080	224
e61bf9560ac7779fc91dc8fd51af04b0	224
48ca1d71fe2de935e305d157890cdf27	224
788dd8531e7c8fd1ce68688bc7f3a27b	224
339bb9bad6baa1d95969178a86a429e0	224
6aa67fc70e13c22d93c9a6556f07df43	224
46edf40a21f689f587dd6a1cf6ad5a79	224
2fc1f067c8812a9e7d1a488739b44325	222
85568d906be2652336958b2e2fa34d98	222
921b5e0ef2092749d92200c08617ba14	222
616a4ed4530d21c6a2405d6f69718707	222
560ad992ebc41e33a4b2425e4f19a6bf	222
70e8ba561730c1cedef4a7295b686161	222
3cba6f21bdbbe62243d26f09cce60c03	224
f56b8fc0389b84c8058df3c9a202b534	224
3b816db5c53ec4d909a725a91e6fb1ec	224
0487ae5ad8c6a98872580c51609c5995	224
79c36e3de3d17c897b627a45fa2ff0d0	224
da0845adf0625d0284f9e9e925f8bc6b	225
ece78af5643f9fd5dc4bd274745ebcac	225
9e2cc3e96edce846a2ea716b86de1808	225
0424ce45fdaaa1648efe43d62fcabddb	225
56181137fab3bdd75d813edb00774d3c	224
e419223be4cfeca26a4e53adb90defa1	224
6d54eb07bd49fc481a89486d15f736b4	224
3ee09e38439c66629bbff42e6854330c	224
7f313ac0b9531c8d59f03cd2e45ef02b	224
cf9e01636d1705314b1045036b505fca	224
98051815f7ec537537f2cb91f70fd8ba	224
f1005a16ea70bb59e5b6b99f09530667	224
148ebb2fb5dc274bf2aebb6dcf68269a	224
52a89b9d6080f2cdc1ec01bd491d633e	221
eddfce836129ba451af5456afd3c751c	221
a815a170da764f64bb14cae118bf958e	221
548c78144bd098d46d2df7908733cdbe	220
569f36378023753852a151553d4301f9	220
75537526a593a1b7057a1a209d7e5ec3	220
169c0a364a0ca535eaf14833a6d7c692	220
4433700a11f2e2fec642554f06930127	220
567398c7c3fcdb4e1327dfb641092117	229
2cb317053fc650595853d58d5c57432d	229
e17f2f78bc5854a7c529b0b255ebe0c2	222
2cea4fdca9be0c67989f386287daa642	222
e64c92a4c19e68f3f69db85bd7b0b4e7	222
060541bc84e017e8c039e0e16a7f1823	222
83d1a1e48c714585c5ab581580750f39	222
170b47067bda120702d4cc00f86feae7	222
0ac4e0f741808d2e5312ea3729a98685	222
38b3d65c5a6c1286d2bed99c9f0e7447	222
dd150aaef16395498782736a5e90bde7	222
7a4f7129f2c0cd6879f1004f8e8cf4d0	222
f876c8578ba703e00b42daf68e50f5e8	222
fbb410e566d92f0f578701d1521a1eb1	222
2e8edf5426a99ac88c9579dd2e8a166f	222
4585b3abc655ff4124e7753305f0b463	222
1b3d8eb723d2143cb9463dd55635d6e7	222
896ad9f3ad8a0f35db790a8b0e762295	222
67fb710fcf1c4e82f14504e481f520f4	222
9c86b8a295c5291a8d5c374007465b2c	222
690ec677d8f13747c68d18e99ecdbb06	222
28a93fd874accbd4cbc976843b83b1ea	222
90bfb5b6d1ee81332f9dd99dd6cd9d32	222
5ec6005aef732674a42bb8f3e65ae1f1	222
7617f16f1cc15a1d62b04700692afa67	222
48dbe6bf5010b014f049e36e66fbc351	222
4bddf0008ce9c47bce944ce4871f6951	222
a8294287bf3826c473606864deb0d6f6	222
adc5bbdcefbfc1a06e2ab66e4fbf855f	222
e0d038fd51b29ae2d4a7e084bf091b3a	222
3cd1d78295dedd9b3c95d4bcd17f8fa5	222
0d46950df8fed7d1fca4a7fd850cf12c	222
197c393bad64bb9fda63d8f48ed7e7ad	222
17f950825d625ef66fc0a17fc8d1e7a8	222
df02ef8e8749f340e2946581637e2cee	222
ca93966ccc8ff97207441ddd00670647	222
aac97f1d5ee5a180c10250fdaf779e15	222
de01a2ba65bfba47eeb7f7d7d6233148	222
70bb8606799bb1a3897647968fee4c0d	222
7720a0993a325fb3759cd99c9cbd538d	222
048b13c13057bf788ba5450c53b1fb37	222
52b7ce49309182f191f77aa31944b811	222
c36adbdfc2c3c1f2dff2d89433f1de43	222
84996da205aef929400490689644b8bc	222
1d775455e362c8fda8f3b0843403dff5	222
57fa7767ebb40c457a118ee374614d04	222
72626ef4fb0fcf304db5619dbe93aede	222
06548b70ccd61120a2cd7c51b38250c1	222
1d67cdd024df682aa2def3698950f48c	222
7df88c6c0ea9f367b891961ede8b4ec1	222
891c135a6ceca57d021fced0e785f17c	222
2ad149a57147e83fa639607df1933791	222
9785cf061002c8a01eee0a00b7fb8511	223
8a4442c87032543ce2273316b4b3010c	222
9c88552b22ea3f724c4e6c18e154a838	222
99bba0583712cb853361942cfac811e5	222
41cafa0bd51324d4eb3edf515ff11a20	222
d56119992ed516a133fa77510944e698	222
52082578f0b1e4f028b6ff9eee7f6b39	222
0fa23967b32c5337f4fd8a4cd8808358	222
518a2794c2ddbce1f08d1fe54a962237	222
53319b2c6be2404dfc6721f756e49c8e	222
969997cd2de32e91e9f36f36c66aaa03	222
703b2562ca676dbaceffb77b20553d8b	222
d546c4636ede78cc2abdb39641a7a66b	222
12c8805524559137bc07e0eefda58868	222
915f2978bef45a5b00576f300a73d34f	222
1b0a6fbc3eb84d7ea0091315d1fb5343	222
9d4a30b938fa0f7e9d79db0bc07b3009	222
800e60e6cfda1bdc00fad29f0bd29de8	222
f88595c20e17531d19de81ec05b16ef8	222
1d128d2123a67a7ae3bea531b999921e	222
520ff7484c819fc85d6d4db4fbd42fce	222
ea8cbe673e8c4ccc9153a05e3e95a2db	222
5aac0516bbe77e18ae913be975e03166	222
5d0c76f091998c2ee66b1e04ae825f45	222
30794694a462362961b6935107200ec0	222
0e42f905c15c5d0b28370d4c86206f88	222
1df0591ab79f67c440a7c29ee00b8eb5	240
0eb6359800f01965d2f9a82181738d91	222
fa38b3d79274a4e0ba149071beadfc1a	222
d2a1cf8db760e8faa4e53b334d081207	222
52e348eadc209c6d8e2c13b38b3700a4	222
c47271fbf919b9e60c12b397fb39cf76	222
8b23a0199e074e00f05236d4ef1246e8	222
95f399f7d6a86fe95acc0f7526e01715	222
485fd1fa4bda919c9b9607079bfa0c57	222
c7a60efc70e4d205d0d89e4c758be897	222
6f49d3bb281592f7d7667c37e7fc8591	222
b64dc10fe2bbe8dc1a112a1669292f02	222
8caa46b49f53b8941bc02e07e416eb36	222
609823147fc3a1f9a3daf34755b525ef	222
635a4c008169223f3266ea1aeaf46a23	222
17d6587f364854edca8ab5894ab3ac93	222
98d2297acf4c9828a4c946aef36d1da3	222
ef3bbd703e7c7a9e3ce47c4c37ee0a0b	222
19703d459fdb852d02b9232042b35aed	222
7cabb00befb44215e1897522ad8c5b71	222
fdc93e24309fe3844863744d6035efc6	222
5e115b1c39dd85cce1e0bf6f64544c0d	222
4699676598da169731381862a8227371	222
c94672d0cfb74ae1091b186892e8bbcd	222
28e6017526f3aea445b47249aa2afac7	222
8b138ef2b952ee67adad347a9441d011	222
8336baa845ee7b27c37924897b06e3aa	222
a4ee2b04727a786bec8c2477d51b7874	222
15e959e47ba09f74637811b9fb720b99	222
fe0e3bab1244c413f0437163ea3d6236	222
c8219009b70ad33b0502934e59899109	222
875ec0dda07068a1c9e4c3d527ba179a	222
ed9c85702cc524375e9aee01b45fc1a3	222
3a6818d3b1c9c6821a8d20bd9cf69956	221
732458a1e0d1ea2b3dddd1ea7b732ff9	222
9afc73cbcc683e7184c4766271d75acc	222
341beca1b42d56139a07afbff1621902	222
3e1ce0765600af0d9dbe5c56d8cbb0d7	222
06c2cce32381e80a212d57891037850f	222
ec540c118c82624248a4a4ad3bf4e4fc	222
094e30b9fa4a0064c3a76dea3d89a68f	222
e67d31b266856281b3c5cb2bdddc952d	222
0e34d9c01e5d51afa3ff12b6168dbe29	222
8fd13bf2c6df3e0dfb80f3b5459bff37	222
908cf7351e60328dee4a1cd317d27f08	222
bbef4555e7efef6a3ddb2c4d41e58db5	222
4678a9cea68fc26b82504d906603bd57	223
81943e777e17e570f2ccce041d69ff7a	223
e2cbfec5f793f59ffcbdd5b98d2ac3e1	223
52140e120f1a80b436b90f0258c114af	223
762e0def1d30f61e5a681b79e0077ded	223
c7100e66692b5b71eea0fef5b2952121	223
60af0d57dea46d877844de1bf08d59e3	223
41f6336c7ff24b316f3fb2ff791344a9	223
899a206a74a623e4f4ec32fa86942c33	223
22d8b5646bf70e572f426e115976c0af	222
eebebecf5b22df0adf48a2e167b0d701	220
5357b366651ff3d448d6257211865995	220
b88e26ed09ba6155d49f7fcc6b69d8a3	220
a85f58cc8b6baaea1a7036c6e9214d18	220
76d4b2a1eafad51504f642ee396afeb9	220
66721ad1004c12d4952be0c53762e810	220
32e44d90406f48f0d8e52de1505ea629	220
8916da9bc2998ac374a6caf2336c9f23	220
971e738188bd47774044f75e20413d32	220
f1a1915312c32ac2d2258cbf4e6fc9e1	220
441625a22baabaecce3a05ea140faf7c	220
22b7f410a1b9512c545f6d1f5e6080bf	220
aa47e4961969b37cdce7916c7261add2	220
79c98b002d8952f205153f5db43497b2	220
dc61f011c54d28cc1d6306f2a8e32932	238
fa63f631d11a39f6483c9e96109bd1f0	245
ae00dc92f84271030365b4ea181cb4cb	238
6d4d2cd392b24e8af949605a9632376a	220
3e319c2da06543039d50931d2d604e81	220
74d3cebdbe4b745347c5e81e29eea62b	220
395e5fe1abefa736ff018efb4e0431ef	220
7ebcfb9d0c0a5634bdc62858612205fa	220
d8a9b9757beaba9c1f25911553c6f2c0	220
fb572b7b9a9d65492f95693f8cd9ea64	220
e6b0940c466cd91cc6f93829d2e90154	220
6d62fa382fd6e94a394aa06926695754	220
283232249692b5c8c04b74b034929de2	220
b271a0fefd78ca99e82cc508075ab69e	220
218ff68fd12a79a2c6adc32785869620	220
69a0301f721529aad3115abb24e1bf0f	220
1fbec6aad3fa321b28eab14d5d5f93fb	220
295097ef1a167b40ca89704d20c76a58	222
354ae0ec12477618ddb796d557dcea53	222
916544a3de42c609aeb381ce41b96db1	226
6b0d36a2979ca023d7e552dbfd218b32	226
df679dd1582b6db04c8be391b614ed8b	226
8e86fce876a33ae834ad601c516c1ead	226
348e8d5fe3f4b6a6f8021a4c55d5576d	226
cd6aa8670caaf08a13703beb5e6c0893	226
2cdf165c61821346f031c79ca140880c	226
231fca4d10f937a78bbaee1f5e58cb52	226
a53b81a185e80f84c6b7663ab2a40597	226
4f591571b08708f54ddeb22c0e929b34	226
495dcf0c9527ba32e174de87882e401e	226
4c5c26866ce6d5963fad0f106c9184f3	226
3a1dc8b856a6dd7bad17716cebedbd8e	226
f42298b4ccfda472b139e34ea7876c43	226
32427c7385e6a08aa08818f47b5647ff	226
ca74a07133e26423b0a8345417fca668	226
470374a83b8b69a7327b36033c47eef2	226
8a69df1fae3ecb524fdcf5e362167b6c	226
0ed04082ab092bb1bc2dbc7cf53e9bec	226
dd5db31fbed78c302f66f73a9132c678	226
c71fb1e62acabbb0a827f2994e520258	226
017de58d85c5fc756af6f266ee531674	226
60870d6606c81334a2b1c888463b808c	226
871c2f6f22e0997fe61af3cbd8b307ec	243
d30a91c82cf9cc15d2dac6e396890add	244
69126e73ecff12e7dab9f7bebc2b16f0	244
a776ecf8067eb983a27cd53eaef968ea	244
a2dbeb6009f6b0371922de92adbd102b	244
5040ec3f9de78d864aae2b3a1a368145	226
5a2974a889701a0d6eda317389d1f9e4	226
d00096ad5768d5ab30847196cde9e7c3	226
1075cffb0274361440bffd5cf2e13468	226
88f0e85d842ce0da8e102fb77fabc6b1	226
614ee5d4db3c83cf28507fb65b6aec67	226
19541f0bda7fa8e7f19bfd8dfa9af46b	226
33f90e9be57a27bcfe440eedf795ddef	226
b8541622890b9da4cbb6a0198b399e6a	226
c01d08876b3102d61853e1a5254f9918	226
4a9a3e46f5d558cae733d04276765de2	226
7894eefa4c956abaa26f2d1afffd0bfb	226
7348135dc163310985c8ac21adbd99aa	226
4bc7a0ebc4ffbb56b0cfe7bb99e8d0e8	226
eb42e36a9788fe188e972d74351f7796	226
c67e71dac336ea64e6579433d167445a	226
f7a2cc6b82b6958b4ebaa1328627b9af	226
a04ae780f8beb96e8379369492eaa807	226
93e00e721d04dc5edd3ad8d8b9739998	226
ab41483371e8cf8dc1de8252974aa030	222
7c1cfef79446b055fe861f1dae777419	218
caeaf04b3af3beecdfa7decaf6bf5b57	218
c161d857b7e779c11640f34d2f894e71	218
bef5d823f03b577e6d6905cbf5cc335d	218
2f531b32ab4cf9f2e05d4119d4fcb895	218
0472781db5edb95ff464db42a2827976	236
92937cbe23c29b1c29d91683741f3cb1	218
a79c8c9da760b8021a3a2145f90e888b	218
d60349355cd95792cf8dc030da72b4d9	218
74d4c4d097910b7b8c62100e394c5e76	218
d3a85a32378a3754ba8029acaf23f207	218
ce2d223dc85563b9bfb9f793174ac0b2	218
ad048268b730147d56781d9fe376e8ea	218
250b97f232f21480363b8b3f729304a4	217
edb4f056a18b4c15225c471c49a12bcd	233
21f228fa93c0567b837344a8d00cb43c	233
bf1b08d1ad44f087e1bba5974c06bf92	233
743d2adb4cf77543735877a8d351752d	233
9d6169b5ade78e4c0e005cc1e2ee2b26	233
da965ec59bd21da34aade18979ed673e	233
f9954d6ab0bc605f385989a19ea2d3f8	233
70da85cc92f4f1c59895d3a1e304521f	229
1e43e05c9dd3347169a43379fca26f79	233
14910b51f13765bb34cd2de55c9654da	233
120707b7e5f58d7b6bdc1feb2a2c9e05	233
92956ea2698daa1e15d76e3b4ad02234	233
c3b4be52d1d266c9d86b9291251e44ca	233
79a2b6bbcd6eae1a34ce1ebaa6323d08	233
594a3999a2243657f0ca64cd4fd7e8c9	233
592380c9e9b53c84fa1817ee5dc378ba	233
ef1baa719690577b1f8b18d327396df2	233
bfcd49444e2c0f61ce11a21affedf2b2	250
7e048b2d9324a8113122e9b7114ad1c4	251
bc354a2437788c7c9880951a1c9138d2	250
94fb3b699dc982c2092467e9e0fd37c2	251
002ef7f520895e9ba6c8fc53af00bb11	233
8c89519c7157062eebb39519afb77f69	233
560893361a2c374afef585f97932863f	233
ce008db83c40a353ef6f6a916aab30be	233
7857739f273fed634020cac3af5c469d	233
844a92974c8912d6e04acc0e916a5e68	233
8289c3cab5fd070b7db61bbdaf45147a	233
96ad255791d3e118aa26952788c8242e	233
115abdc9162f2d7b892c66a1acf6e273	233
e8eb6c07d9fc437a2f8fbd75dca59ce3	225
946647571610fa4587fafd9d2614a29b	225
f20bd6da64accf1af907cd680e6a59e3	225
c5554c1881ad0cb5271ea076f1aefb7a	225
4e359ab835741191784304f324575320	225
cc5161e07bf48eb021d1962f86d90701	225
c3a99e17c524c87c7db5aac5a63a7fff	225
42ff4a329056f4535193e54d9ca1b1be	226
919e6cdcd7fd5c54ad956d3af91256ae	225
97d1b1eebe7d9df5d53a5ddf9af95bea	225
21cf89ee09347e22c498a02bc27e07bf	227
831eb74b696f1c9565036b175f8f36ea	227
89c905837fbe3470e8c8d41ad7442807	222
64e7a8b741e5a930adee27efe33cedc4	238
724bb8907d627b940efefd63efc23a8c	222
e8dc98bd53b43bf1040e70e49db4c00f	221
dd72c533ca38ff68bd0534774b175d9c	222
fe9a83e47588b343538a826465728168	222
a69773dc09bba9aaff08891ff94c7b34	222
78de87823d44a5144c43b477c5f6988c	222
243325ef444c3ae051dda6d2690a4d57	222
7650c1390c3fdd42489f712b2bd50e8d	222
9ab390fbfdef866bd86fe19cfb4e7dab	222
213ae5c620f475173cd279e17710b3cb	222
cf87406a4f6f14982a88b84e02cacb69	222
aa8b5a5c44b17035d849b373b4449bb7	222
992e750e4bbf942313cbafcb5ba507c7	222
2cce9ec77569c9d3ebac3f201fdc76b0	222
777e5c7250865197e4b766317ab453de	222
3f7752fe6229431e1eb77c823a720a7a	222
380125cd40b325ebbc060ddfcf7ca776	222
32f5ac17326ee228644c878aee5b4b8d	222
7cf05678750a43bed25e0525e511a5bf	222
2a955f362139b96bbd7b22b6e98bb55e	222
ea45ae71a9366f2752aba51acadcd655	222
335f6990838f9044dbf0c52f8b3efc73	222
0fcd8e067a23aece5115f612c408c22f	222
8f959a20ea9c60e59cbfa8bf7b4bcb9a	222
7f36b33a24a76c3507c719ffe0dadc35	222
0aed5675c7356af556b14ad7cd6f0c3a	222
abf2afc0e1e14d851df1ab3a869f2783	222
605288a3991d27fe82d8e7b35833f073	222
614ebc4d253b3a73ea150efe6636ce13	222
e39c99143a21442fdaef55cf43086b1e	240
9708ac22e4ebe493a17dacb81e9969fa	222
6fb6b881caa72b546e1a039a129cfd38	222
3842bd9bb0b0a16afe91bfd4edb5d427	222
44c18c5c2e005e5ee48c8473035f9d4e	222
a37c7fc15938dafb1c0ddb36dbc5d7f0	222
be59a062c441b556e13dc0caded50102	222
5a936f160b67fdca4363d12fefbc729a	222
c760758ee5e70e9fb1eb66d8a176acce	222
c48d85eee2dfa759c7e689218cfe146a	222
842dd91909e0ef675dc5a46dfa18b037	222
8ba405c3b416e4babd8810319a5d1e63	222
504e076399cf3fc8237d01d4593b0f41	222
821f2532be22eebb3fcba1070e7131a2	222
9b8a15f404604065c0a541bf7312c7fb	222
775c9497a9f1c9d6ac89916eab9d6e42	222
c349756d74311a0156fad12da66716d1	222
7cc646d0adc09e9125ef4ed057b5c87f	222
6cb82cf3539f3e5d12a36226af43e34d	222
cbd3fde5c981b7e5b2bf73afa22281f3	222
dec14e5f28183fe4be1c8e5788947093	222
0ccea41c7d470b3630ace36a2bcb19bd	222
71964e930dfe3ce71b0725eeca2417bf	239
341d2ca921a93adb8811f65fba55f97a	240
7b1c081cd552ec5407d1a7d21e0c0cad	239
ff2077adf215b17890737bb1d5dc368c	239
b5520454e203fe929cfb012a08e83918	240
81108defee2071fdbd11c3559928d6c7	222
c5282a31054925b8347d6a94fd51b732	222
6e4f1c364ddfaa1ba0294b0ef7a4738f	222
7b1ad48adf65d3bb998f6a885e6372d0	222
71e256e95781530ae8b2f37cded970ee	222
6b36d03e651be9ec5c1c370e9326ca88	222
d6ee5f244bc754507fa6f96413524510	222
9f7a575911947199084e0e18d8a4b90a	222
e2ec97d00ea211658de6d332ed315bd7	222
c8cb0190047cf117ff2d57a9db0cfbc1	222
fc7fd6a801359eeb9278d756be8b8487	222
962fa4f321f3cf1b3345ba06973498e7	222
338d9a75e181f243bc40f3c91110b402	222
d87f302a8e2715c577b59a32daf2ca57	222
2bb64034a11e04e9a00a28def7b4f085	222
3ee2c7df6e0852ce1ab4f309696553eb	222
fe8b83669e1fc586ad43b73d2cc33f26	222
57d2bf5a4a4a461bf2377303441e1495	222
de7563649c7a45d6b5666e1f6573510a	240
0a7fa222ae04a025b6672b1cb4e85ff8	222
7906d2edc3f876bb38e552b06a230602	222
a0c8d286eef109dc72052349c5169aa7	222
13ef031a90b150016274019995ecdb36	222
47d9d79d133766a4263beecbb6278458	222
226db921b1f45578a09c20061dc41874	222
bee2402b653754b66284ea8217cc538f	222
44f38804a4c39a17fef01bae09368766	222
48989c3dcc25e6289287077232e9a757	222
129d1a428e11b892cb15905ad23b503a	222
df48362609ba5a7fd536314ea6399bf7	222
544cb426f71e6c26037a9f1b4e08e18f	222
547cbb9727947d92fe2cd51e686ec967	222
31852f6ef3dc2e3eedc4db8cb608460d	222
ffb3b29fcc3f0a1954c9e9e464be4602	222
a68b35b5301059ffc73ca51f24bd7319	222
fd6f9ef603d43762cd15db5ada47ceab	222
24bb1a9e79c639cbd1019a16fb52309d	222
eb8499be5d71cd9a2cd92b9d5f72f791	222
d1287fe46a895b39c7e41bdb5c191f39	222
f72f47453dd0355afcb8cdc018ad3a51	222
d7da11aa2ccf6c194e027b6c98aba468	222
a0e50761edb98c11f3266848f8787217	222
e24b0a65729ba42d345968c37318a936	222
680ef3020d40b24190b56e7bacc8a283	222
f12f53db838d3a45ed81737061f1121a	222
c29a85d6e798089c66badd6f9f86ce07	222
0943d8d8b045f7bb294d47e7fe53f47c	222
9984c57f15481072a9fe80d64791e500	221
f846e5748f9270a975665745115a42f9	221
f65cbfcbcfbb23747c8fcecc977ac7c3	221
b69140c0e8a42f946e57107893db5b2b	221
eb26df66e0fe0fc0f1d4c206fc428f5c	221
e0c70288a55bcd9a45df5ede2aa79d8c	222
e635539a23c99881e0cf112889cc3b86	222
6f8cc1b480e30076a2bcb8ad7ac29179	222
b5fe95d2f3224871c6313fd2777f5112	223
1be8d0e4df274b01b584491c9787b15c	223
e8ed22d0cfeeddb17949fa58bcd8dbf3	223
03d7049dc5e8f4e1eb9d3ac10f9ef968	223
73125bec2393dae34b1dcd9f2b9cd912	223
ed3f2524f3df30e74d1da149459c65cb	222
9d77f1d0e65b70654d0f98090a84147d	222
f58ceda743378cfeda47e19af74efe70	222
174c57a83a5ff46310bd7866b029cb44	245
ca07c1b2e15f6f560f550ad6569767c9	245
c37d735cb6344ed5b0b07cad596fd404	245
989eae886cec27aefd1602a80a0fe3ec	245
9277007764bd2de9d1025dbb3da15304	245
5acc2c4ccab494c5cebceac7bd80f639	245
68599e7a5900ffd44d52eee980e861b9	245
7eafcffe239546d1acb59a9c36e51b11	245
db33b7eb9725e3409bf5d861236855f6	245
e4655ebd1d91e97cfc389e8889cb6798	245
068130d2070d9b100fdfcb368d8575a3	245
f1945cb3acf9983a69212e9ae029937b	222
9b187c62660830e30032fe228149424f	218
0ea63cc9bf8a411b523787043efbb48e	224
48544aa10b7ad8ab55cf1c6ef9df5306	224
b107abfc0d5756991f9a3faa33cdb4af	224
b9e7a1a0646c8d67a782d6bb537661fd	224
4b5a21c908a65ffa5a40fefe8b516cb5	224
bf86a5e30f3ce84e23503db1f3359446	224
aae31f1fe77ed97b4ba731bd964ff9c1	224
f585642adf46b56c4ceff93ad929c9c4	224
b3591880ce94c484e6d94b3178791ed9	224
785cc2257bbbd7167e37bf261163b3c5	224
fdc8f65ba19599e73f88615307bede1d	224
aaf31307f23869d153cfe74de421c3ae	224
fa500ac52939b681aca7d4b6682da5ee	224
34e40f557df58edf496d9f5bad1084bc	224
b95adc8b034e33e1e6efc19de0ea42b4	224
d94d4012d7cd52f4d4bd1c02d14c6da5	224
643f5ca187a46489a324f40b4f9542ee	224
90ccfc501661a8cdaffdf0f1e74d097d	224
0f2e2d61f13127de903eb48ba64d488a	224
570a5a2e4917fe7e80b2520bb2ed9954	224
a34b4b1b1f7b3810500714b851dbdf73	224
c9b28cc9b78e78405cf168d3e7d373c3	218
cd6b099c9cf3370d44b7b168043255c7	218
a38e9376139288f446fb7c5d2efcbd9f	220
bce24a89e4e79314fe2f97ac03b6eec6	220
48f53f88729ea65a501c603fc7fe2b2b	220
ba8d1a6cfbf9f2629a308db5be059485	220
07f1e69350b98e50ac784ef104ef3372	220
9c6930804cdd418db1a849a04d4ed2fe	220
43bf6179c69d0c73b47e96534f3bca4c	220
0691ef4b672e22122bd16d9bfe767e3e	220
b326848484bb3b3d5ed1f3fa7979367c	220
28432c927de6594ddfb472739fd5ab92	220
242f809a0bf911cc81c9e8203f4fbc29	218
f24c5bb63ff3a8038c6d09d14abf6614	218
349777d8b4147c0d137125f74612d4c3	218
4dc3758eb88d635d21e63d6d663a65cd	218
12ff6a1693c5645d0ad1c9ea2e0a3a5e	218
b7fa2d0cfa3d5b511be63051bd3bde92	218
46be040e9b079f34256f02b0365b1b85	218
44178e399f85552f7946f9db42d3b00b	218
786394643ba20db4021d38bdfbb853ad	218
fa6cb4b11c7391b86542be986b1a8537	218
ac0bc5f733d3d8ea600eead3178200a2	236
b82938c9cf27a8a1d6cc5d96885b0888	218
77d9c51c70ba8f82f4e8b16a57699b72	218
796a80c901a81b0555383eb5af0b068e	218
54958cb2d4c03ae9dfaf8de480759543	218
a75e1b0962263f2f6080d27133280f3a	218
05e1a115a2a1376e6d4c729069625b25	218
37efc34000846dc1a795fb334454ddea	218
e10bcc0e334879c369c29435c483ade4	218
74de1f70b646e5723c2daa18ec7d2cc5	218
832eb1557d04ea11f05fe54be3268402	218
f38289f8d7498c8d8af3d4cbeb03fc91	218
3d0769ad283f59db3028ef07cd8050a9	218
5ea17502e4b7ee931ba028f22eb4c2f1	218
0a2524a7feeea9b6306efc668a2ae4bc	218
052739b57ec53ae34aca8e4dad068ae2	218
099f4cf5be00cfd44ead2462ce918f13	236
13e481a8e8de8ce9d6dedf36419a782f	236
b039876e0677cce1d9a4b86483ac83ed	236
9acee9e379487dc675cd42103d4e36b0	236
1b374803ea861af579dd24c077218f63	218
b287ac0fac00568f48961062c3d42687	218
86b0a5360510f5d00db3a67864381308	218
1ea8fa84d02e34c70a64fabbf36d5e86	218
e7b7667b746c9188dfd666be5d992d29	218
85134d7d152d6482475998e19bd5e3ac	218
9f8a75b57513c8c50cd3996bb43aa7f5	218
c84f09481106050ce30d575393a8fbd4	218
62542253768abae432cd4fc6ebbd24b5	218
75af0de9840fe68cf82af75bb97638ac	218
00da7d193b488adaab89e4fd6a836dc2	218
7eff90d3d48288ed97fd93945c01837f	218
6c5bcff6346de094824961c0c7ebbbaf	218
e12eb3dc1231dbb2e6c3f7b388a942b8	218
fb8b7ab455a9d7ba7b6da19823000ddc	218
0e95d2d571d5c9368dba87c3b3501c23	218
fb1c13e6171b17395ef0df73443886cc	218
7d5b1bb7356e80b8273c8960766e91c2	218
30a7591ceecf4e973c1c419c8b0006c5	218
fb9738983624c0c77ce397795c963313	218
65d2759357381283dbccf4fa26083223	218
d67daf87ed2588aecc69010487ac664f	218
10c75aa5b5f04a49554b915ca6070e5b	218
662eb2fc53d7a39968d27e8e10c3a40a	218
b4de5faf86f59a0b06b748e3daee738d	218
cd87c8451a0b3ed2bcad08ac5bfd545a	218
cfbf250b164cec5068647d5aa26daa8c	218
8f58ae1ce5e49338f9d562ad5ddfd294	218
9f53f4c89b7ed08d84ac043d46bacda8	218
462337139d939757ee54dda1a29ee929	218
24d934e5345ec7f22f886d53348e8afa	218
317960aa5e58d0fba76cca381f7516d0	218
972798c6a3441d62f50559d40eae6d60	218
eb47ea388c3ee36f76b17011397b6107	218
de9c0b9784e5150756b74469504edc07	220
c4e3665bab0f019f970e5538032119bc	218
75b514cdd4b6deab8dd83eadfaafd3e5	218
8b3fc4bcea04ef461f99a6f4e2e6a398	218
da35e1fb3a2cb09ce4d9a15cd3e4d45f	224
f4599bdff51880d20b66ad529943dbe1	218
8b172f3f8f81e252f295d31d09d14111	222
06b95ab07e3449a81192a3abd6f10a06	222
1ffbc42a3443f7ccd5ee73fcef2b75d0	220
717d4206066e0e00299461f96b356e3c	222
ac42b726ea14115da4b79c733753343c	222
57684c4fdb5fc09ba361efe91314d5c7	222
85fa66f0ae9a557d234d9bef9e960a38	242
2e2d5deac72a2f946509aebf74b8df81	222
644c26224e2ebf2c0fb29997905ce32f	222
fe16f6afe46ce2c5db3c8ec292558125	222
c53a90c0368a56bef619243bdd08c04b	222
da4eec33e9424ce0b8fd94de3bb30986	224
2cb42946355388549ef7c6f4431f222f	224
144699c6772b0888c385924f8624893c	225
1ac925d663848ec6ef1dce237999df5e	223
ea63cdf62686a8f8052b31d734d7237c	223
84f01afb7606e1bc56e32d6ba49cf137	216
cb41e7c0d724230778e80590a8600a5e	216
8678d9a087c405ef0a4f75b52d03ad82	225
ec3a379a3af09f077ba260f8e6ef2e9c	222
15f3dd850fffbb03d5de571caa474987	222
ad59e1066b8888accd17dbeff0b3e292	222
4e17b9fd8cfa6a22173a68f136bea7fa	222
4688fa2b076b67302d968ce04de676c0	222
00a9736d61cc9682fa20caab54f9362e	222
f1a4682d71ca1ee1ef6ada6278657bf6	222
e04369d5df1a43e9286ab6af159ecf69	222
e0c60b16f754bffeeb3956c0c9752667	222
cc585fdf3f17784525a8076fd9560f0e	222
f11a499674f248b2bd0f62419cacef75	222
06cdae09e7a77a6094d022eae9a1aeb0	222
674a7242385d23300af57cc1311764b6	222
41f35909f0cb5707df2c6d17332a68be	222
3443c5165c606d2e9111e10111a94707	222
2ac811cb74e99f8633777f08b707be8b	222
245c543c5778ef9888c28162e149bbac	222
3a076926a46273c5f40f995e53ca8807	222
086027db66a0a7a7002d2f6ad93466e1	222
b06187dec475210009067e30e2318b9f	222
83fd366531b9ccfce8a3f69cd747677a	222
601ff2cad224aab29e45edf5ea37e4e5	222
6f17df7cd335c34ff0d525a631cdcad4	222
bd8ee1b8364276032f22236033cf6ed5	222
c6702981bdf2dffb3be463e07422215d	222
f4b27bc59bc7b473c71c79b4cc82e075	222
411afa73de26d0cd53b94d5b1e18f689	222
099227792160d840cdd4dd8951447ee7	222
11baa6cb55580592436fd1b662fc7f35	222
c440e37bfadd0a53be37cccbb4350b87	222
4f7e07b07f830699c8c012f82956f804	240
74701381f610911f04f58470250c3eb2	240
d510b6f4d9e6df294e42ade361293de2	222
84275a3d907d1b5381811fc82baa9171	222
13a89af2519c0aadadf571a737de3114	222
5327e909e44650acbaf68f56737a7c4d	222
aa666df78378011aeeacf7622ebd4179	222
852b66e850e8db2e576b45f856980753	222
5a44a2579c06666610911c22eb3ad1c4	222
0140b7d6a88b2a9523483272d5dd86d2	222
c77fb908d5405f1351e48247033e25bd	222
f27909cb6bf253091e7dbb51d3707ea0	222
1b1782ffdf6734b31e3e0ba3e2bfd231	222
c5a3edec59351e2bef05556edcd414b3	222
89637e32b99389fd273e24d23682b91f	222
1398821900440df7e5243d8e62bbcd09	222
2372f1b8377c02ed73b7d2662b3e117a	222
ba6549d4765b43402c14cb72598e9091	222
f2f8f7b62a6dd0da69e23362451d4ee0	222
d5264439356074434d37189e4dc4df01	222
4e517e2e33f46a9f167c7b002e5dc96e	222
0d3800a4a3efb9f471c47a393460a147	222
8db4c57af0602d682b6313ca75301fe6	222
aec0cdccd8bcae7e970dc9f1861ecf4c	222
48f665fd37d1c72747864c3793a656be	222
b72a64e5f120f8f47b6ca6fb88b2dbb6	222
2fcb3424191d68216661445f8ccad33b	222
31c7723579a66c0df97c3c60b061502b	222
afacd45ac23b109bb020af3cae029306	222
9d323039a6f876302f23de31d70482ee	222
c50be7e075aac950d536613dd0d5e132	222
12d43f5909028c961e65e84ecc525514	222
09bb748ddbfb79a8b01e0dc8f8d30b4e	222
9b83229f72965f5421f36102b5fd3184	222
e9595d09fe0b3a166814a8a4994ed09c	222
79b11cf2c2eb56b2eebb2493c6404a19	222
986f9706aff29a21a43b9f5a114a8c74	240
b6a40c65a8215ceac601259c98b585b2	240
e8df98a9d9bb60e4cce85e973eb220d3	242
8cce97f460f742f21d7cd3f53aa9d502	222
102df9e8593028f471a6b8c4d49e3db1	222
73fa1050d485e82af4ebe12f88a7e681	222
b67fbd4555d3c1edcd120fcf8c71dbaf	222
93829a4081c1aba1e1a1d0bae75c99dc	222
dcd2226b9e3e4121943d9e6436ae8709	222
5c006748aa238009314bc9f6ed43e791	222
9658813b31e068cf7200906e204d8c8d	222
d7a9917f548643eaa673f1295b0ab3ef	222
ec34b964e436db34ba923cf8709725c2	222
63df94b1c5e9958c0e142a126e573aec	222
340770d2fd6bdcd48e9b6ceb8e13c470	222
f07d39fbe42917665717c180c590ed34	222
77464ae790ecd7cce2a69609c35e4b3b	222
d9f2cb86a18fb4f6a63e37a04f512dcd	222
968ce43bd66e61ab69004dd60111d606	222
ec92c015d48250ecb4db9801b50dd53e	222
5d34275ca3e273c826f2d123477570d5	222
f5f2b95a3546d6bdf7f88a89c59ed78f	222
dcd55645ea0c007dc71a1af699b7e55d	222
3ef448b5e092cfa8170d3a1b69d75e89	222
57c712f608a06dfa574693ffeb3e34f5	222
421d2a0e4d5045ea074e3135b4a71ce7	222
eecf38b9780dcb8b25c37705630e703e	222
2f6ed8e3cc3ef994c208f563cb857382	222
e8aae39fc444af57a43eba2b29966198	240
8c767c63ca01c9f04ba1039c65b07048	222
8a3840b81d96d5881b71d4085d65fd28	222
69f3bd5a6181e1492b043699e0a4686b	222
8ba7b4d96f040183b0a16f2e9b229a08	222
d13dc19efde0fc1920c445cdbcd5b444	222
a5fab7e5a98e24f05acb0d9a24f9c1de	222
7ded525624d712cbe67abdf66f4542e1	222
c36c623f50bfbbd96f740fb9bc205d54	222
d97a6462b283defbc204f90a9deba9dc	222
284bba4c0c57f0f72be577604dd52bf0	222
3778d29d1461d1fdbfe58e23eae61970	222
c2db86e74e37b39fcf287b7cd51e586e	222
0135bac53ca177053288f69ecaae9f65	222
63659232a4f83a7106f3fd32c967c63e	222
4d2f8ea1ce1962124a4bdd4bcb0b60f9	222
3e30095ed00bce7ae6993eb297a25b68	221
869bc84b15eda1f954425f4e24f0bbb2	221
cc867767b9f0d250d9c5103543a2f787	221
7c65c7d1390aa005c5e68d3810bca9e8	221
aa97fb2ca0f37655365ed35888df650e	221
07acb2aee4d7a4bf65dea861ec87b9c5	221
7f20cca5408581ae1f326c9e43a4d215	221
15fc76a5833d823c1731feac476bfbbf	221
2caf482faddd861092971def7378eb81	221
ae82ebfbcf9871fdd089646658853219	221
12e6a9f017e309c7ce3448e0ba50ff85	222
74b15661818817459ad642bd8aa6330b	222
964d32372be64c19f3a047db340a06ac	222
ef707f03a1b8ee704c2f17637881e3f9	222
8de29eddcfc9628cf65f5fdc8a45a249	222
e6a8b8907a986455b969605ff0824bf6	222
0ff3636484c4dc7750c3f471bd6ea225	222
73adc1c4ac9d4722c1228b986c81bac5	222
6dc8a2065dfb3246d9c1fc67f930cf9d	222
5d25f4ed92fc5ec04071b09f167ba1f9	222
ab4990e0843cd25a4bff520ab31c0939	222
1d73d5ed2cb7529f6ae7b5de4bbd69d9	222
ea1558a07c39329384af65c6edc54a98	222
9a02066909104aa82ee5754e8133756f	221
256acdfd5fd167dedebd3c7870a064c6	222
869cc6d472b8ef060043b73bd6e1f59f	222
422a1dd51264e8a794eaa3d1022ded49	222
4c4d933202f0ebc8840c9aad0ea55125	222
635c537fad7abd1af08c42b2ca34df47	222
bbb4fb051a76f1e9ff4eb9fcf9415fcc	222
e441c58d7f1ceee0e2166431e9fa92cf	222
ad7d470434a39afa01c1bc5fa846a586	222
ae550d0a34d4ec83bd53c9497d65d843	222
fd37e530143c71af3894e9b9d526cc35	222
f840d7eeba2035723e59289381dd91e6	222
1c427c2e95c656f50c67dba9c1c530b3	222
11d26a63590414204249785d673e44cd	222
d6565a1611a1d3a02e5fa718391b481b	222
dbcbd316fa65513b870dace02f7ad4b7	222
1e2bb589160f2449ced4f09d310bb3ad	222
c104d40f18f8d1fa673567189a5ed269	222
48ccd1f778588c09d966bbab86cd7d8f	222
ded3e3614723788e4867d65e43bcbb49	222
3534adfdf33c4bd6954846e49c33c7ef	222
b9b8ef162b24cd63957524d22f555d36	222
ed663cc42e16f6e005f6e4d9eea7ca8b	222
91b2f828bd4e40b91227b97e3758cfc3	222
ecdea25297757dbff0d3625f7c4572b3	222
bc87b5b1a0779de6339b9c4a37a87455	222
2aedb06703eb5b5d23dd69b2f88c65ce	222
c6db260f3e260dc61ac9bbc5c748e48e	222
454b254ea00477bc5c4cc74be9b8c9c4	222
5c7657254c353fff61f743783347a703	240
45e09f4adcfdf96bc1ca0e53085c3e9d	242
db87f1db68d56a3468eb3e3662ba870c	240
24890bbc7ae19dd6395c2419e8188ca9	222
2aa7ddea9e6ed8a481e5848f467e3ab7	222
a502f149437eb90f30f46d0f5b95c9d1	222
4f765c6f422f77821c8b672a03768b5e	222
8b10c3c0b6a921cd1917226ab426923c	222
26a1ce0fde06e48555feb7902f94eec4	222
e85bf5fea6c1fcbeff1fe7f24b4a469e	222
dd1f8a21ac0c446c31da0087e76e3277	222
1bae3d7ece217b582380feef23082b93	222
3c5426e7b7b936ae39ce3a885a2e329f	222
821725f89dea65cfd7760b6763c47d44	222
a9a841ebc7737e0c2bf9b14f67b02f4d	222
30fa02e1a3b7677e51d0799fb45a236e	222
a42393063df5ad76249dfc5602099ab3	222
bf675e1edeb7a794d267ee8e71b32d0f	222
cef9e4c43a41cee95c5c3f9a0a0b9219	222
c97b5676d71d5d4cdde6f771cca7d593	222
4e3750b42e8a1fd4fb01b9f087a7acb0	222
a36f2bc384bb8b107a2cf1c9aa94b63c	222
f4820f3291515a84e00919ade7e74559	222
2ecfdafd4a787350fa243f7104fe0173	222
8b5e657cc314ea2efcd07f09bfbc3565	222
39d4e0b5bac3481b449d9ddad13e63d5	222
6ab55317c6b7633afccd07eda6381885	222
b35b43cc71454ad4bcbf885c85dd0561	222
64a1f2026c3c526e93f1a032df09a7e4	222
d1b1a67a4955253f2c7bc9d5f615747e	222
a4e3ec4e1579ff2029792e9d0c97b414	222
ee1e3ab214cf9387b6cdad55f7540a65	222
63fdd4628171dce2f9ed3e8ab7a0406c	222
213e5d17d4489460583d8d9d37c37d0d	222
68079ce8796593d066047f13aca01c0e	222
ae49932aa0a09df33bf189ce0401e7e8	222
0e06b1b8b0f061a700baa58a54fe65f8	222
884a12ebea2a5e651b3120022f5906e8	222
4e6879b859252aaa9564f93996e736c0	222
5072500441888bdc53c8647b63802fb9	222
e2f499af520fe619c7021006c00b6382	222
330b459da1bf57af4a15ecacf2f28fb3	222
0675933642fcfe0910db10f03516dba9	222
10c7a98595c73c6a325315bd154017b8	222
ebab8d2676ca4fa2d0785ed6a3d24354	222
f92a3759b0a254d4b82f9efbb279eb32	222
d2b3ea686552de0a254164e8f38883a6	222
997c3c74b11f1efdca80e69784b999f0	220
d095c47f7fd266ab6bc0cef425f2f4ef	222
727907a02b68d70f12a9814c07a54326	222
0dbfe90d8ba64ab2bcb2facb1db2f4ad	222
a9813a5e66d1c8c0b7fae81af786df65	222
853e66a8611fcea62a2014d4416c6c4a	225
756cc9ac3c3f4ecbd9f0571536607366	225
b2a2a426aaf555c4232ad7bdce8067bc	225
4429b51d2caa31663714e3894e3af7ad	225
c8d61a4d3a33275b89cde77f8633a613	225
164c8d0fc1cdd7434ff015da6a9b15f4	225
b442fd4c80d4053377a686ceca8e241e	225
d3630e9f57c1c54b9ef99844cc4fd4d8	225
5791115dc923025ae1be437101f225ce	223
490c954064594c96fa1c3d748ef50373	223
66bcad21f0c39f748351bde9f751fa7a	223
f49d26360370d8b84d5651ccd4a1e241	223
d9fc6f754b7cad373a3fc3cefc7b421d	223
53289311f963f9b2fdb683bc38353486	222
518b9c21d85ee150e19fd15663dc9bdc	222
d4a95792a3b2ec149d13881835ab0437	222
745dbc3a899560ade603466c9e867585	222
5c976561f8a23f8dc07c1a301fb40a11	222
3e4c2c992fa08dc506be0252cc76dab4	222
bee931d9dad7c862fefe8ef0f6747275	222
da3ba18c1d96bf18c17005111f903887	222
472315c47d3e90c190f23261a6cab0a4	222
5b9cde4333e8e62bed8024496409583a	222
8840421f8050f96904c1ed7cae7cbadc	222
501fd46eec71943dd99fbf645273ad78	222
682f99cac61ddca2090b59ff187d858e	222
ff6444fc96f7f33d03a1f27065156602	222
0c717cd2b14eede858c85382a01b85f9	222
ab05127e1c2d5bf3b06a435101f059c0	222
c3731f723d1a477d39d834f839ce6973	222
a3483bc89d2195d16cacc3197cbcf059	222
20fcdcb933ebcefb7761d26163e2e68d	222
ba0bd5affd5f264f475be07086e4a33a	222
b862ad9b53e965fdac96d2e5c2b48b43	222
0a93c2803d6e8db6545f339355423beb	222
8fa3c29c0633ac0805dbe6f37306b366	222
9def2fe95923cf7688a7defceaa02eb3	222
e238bc253b03f99696f66e2c88d12182	222
c5695dccc6fda165dc38df1efc58b5ad	222
bf81689ae74edef6b9aac6bd643823ce	222
ee04eb81654480933f03ab00185894fb	222
01c8ea9ddd7d620fec7358e9ca6143a9	222
c2468c58f152c84d25747727d2a96b86	222
0478c9b9e57bc3de15d6029c2c723a73	222
e07815516a41d070b63216d4f605afc0	222
0e876fd49bd91138529080d86fd03dc0	222
d4506a2fcb694024f9ecfbec5b6bf405	222
e4254b4f404bac9558bb0c7ac92e66c0	222
897a728a6eb62819f43b32a79404185d	222
5795b40f85b478811bc0c0de8409ad17	222
04ea289880291e8bafc96c1d4d6b5318	222
9a6799d4dfe681ea128e10d8a53e6415	222
3a63c36f1f0738ad59c4a9683805923a	222
815fa6d88fbd4111d251ce254f579903	222
7c0d07558fbfc08395ebb02d78c2b649	222
736f60ddcd28cabf0adcab4ad34ec25f	222
3f9f58e71f4abd6eb95cb52aa40de995	222
cc6f2ed1135286917bcfb27f102325e7	222
331bc99745c35c35a9acd3139be5dc6b	222
122486b200ecd757621a0ded4226c6da	222
121b4c87a00301a3c0c1c622d08b0339	222
0a5e71814122b40708535e73b40205d2	222
42f89d498275e4783375b0327eff4412	240
ed5831281ca6a4633b5bf3e3d883782e	222
8d65026bdbb6ea5056acd677ed9bba26	222
b782750d85201ac38a389958294ca532	222
dcc43e2eaa39e41651c2aeac06678345	222
014a7f077598da85a012963544d85a65	222
9bea3e5c577d276b46c222ab1848c65a	222
f67586881408e20944461370fe535a6f	222
5c49bd26180057611f6b4b50c5568742	222
06d62ddd5d96562d4e38aea2a04aa93d	222
4eb06feb06010624d4b4b3c23a4f0c8f	222
c439b1e937517e7f1ab999a1557c035a	222
db061d367f9ecb1be0043826ed289a62	222
edad912e7e0d5ec798daf8f4da3d40ac	222
abf59a3858f111ae85866e93ad60b049	222
2faf2f3abbbf7d604cfca88229d393ab	222
f55380db20aa487b6db3b537225be269	222
c97cb78ccddf26fd01ff3187f39b629e	222
597fe6a4fb03ba1fb6b76da00d64f36d	222
2718f580084665813d4f40e3ff40cb99	222
410f617343ae91b5b005732e466767b4	222
56d8b3ba1d987d4d8170a934c35f22ad	222
f2a116d33dc1dd40b1bb29fb0ec00d1f	222
cdf9c8fe1b67c52075f6429f7a359cba	222
e7f2a2521edb0acde954bcad01b67ea9	222
2cd821fbc955fc635c837780b6e6ddc7	222
e401ddd5a50ab5c9cd48d6be7abddf14	222
cb06839e71510ecca66d5fb8573393d6	222
0a50769c6f8a4bda5b1f00d5609da6ae	222
1544abdf68f58dac9959beb556e5d36e	222
ee63f9cc2bee55b93a9a86f8f6062ded	222
09c1258da2fb287bc0f5a4420c5e6d1c	222
12f63bacb4247e0e18e10e51ea469780	222
bdc30eae394c35e04b40c81d3257db72	222
ce37dbeab61c17d4a6b64f94095bb6c7	222
54371a20ea0aaf2370f5beddeb97129e	222
a7c5a76d136b423935d382fdd8dd23f4	222
78770da644477ee18a737a1ea1c8871e	222
c29d0138410812bd6d2c582baece04dc	222
e5dc14758bad33efd10de4783b1d669c	222
0e92afd5edcccad92b70c14e904faeec	222
7e2c63248f9db1753587995ae068e02a	222
b002874e823a211dcbdc42e3137e32d7	222
4b24294ae3c465fbbfe05cb990398cd8	222
704bfb2c029c74d24027e9bdbfdf3c40	222
b34497fb388f07840a1a8ea0cb9fc5ca	222
6e6811934147c45b78d50a70bc38a214	222
28b63e0b3c621b843393fefdaddc6373	222
36bf3f8a2ee7cc694b28386c3dd86486	222
2ea1a3ba491b000ba232a3d87f3dca2d	222
33ebdb0f5c3f512b52e5e355fc9b16b4	222
3476665bdc72e825ca3bcb03bdc71dc4	222
aae180b1cdd5e3a400049e51ea02648a	222
a9fcccd68381de69683ec794e9e0a778	222
2922dd67adabceeb4b69bae3c00a190e	222
37bee3ee3619ddc32037c8b9045c3878	222
8299d11ecf4cb9f5890a77b956633030	222
17bb036b682ec17cfbd26f856d3b7b30	222
ca2a69a7e6298522c7c6a9e37423af93	222
321bd30f30e97f404b14e18d85dccc0a	222
a064ed5d704188d8a951762aa2e6f9e7	222
06a688a00796ca5a99b690e13de60b89	222
244ee2caf0b4059bc608becdc5a90c43	240
7b2aaff9ed466846a67148441298953f	240
4162a4376e0da0b71b220b0af85020dd	222
18b2e9dbe6bf12eb4379eb201ee5c236	222
522906a0ea697432ca6a8534784e3261	222
a94152ab3303f7712b28b68e32076d1d	222
03c8aca2d5a343ec2ef785660bc2be04	222
f73538dfd1344728cfb2ea8a62c754b0	222
8346ea7fcdf997a9fe13e1b58d7b0027	222
5d94334beab48aa05469ecbbdbd15063	222
547f4089afa3a8626ab92b6fa4fd76b3	222
d077d0147ae1e8d4299e53c716d9262d	240
1dda66f1d2575e9fa828c730d41dd91f	222
5d8ca0254c03b5dea978cfcdba37d2b2	222
ac09064c82df6a50cdf1bbb291960f21	222
9b3212f592525195b82f57a3b0598398	222
2f68e83e2fd22897635c4433a1729344	222
78d4ddedb89e91c4f618bb6f5a2ab58b	222
b9e554842a6d616d2dc645ee809bccfe	222
8fe84cc66881e1c718e01c3807ab4182	222
ff12fb0baf95ace843aa5fe20e30bbcc	222
2ecf353990b08ae7a240a24472ca4880	222
1b5213b498795cb93ed144329cd8a0a1	222
73b4103b206c12ba1d1028537e50c534	222
0c2dc95f59db5d935e73b1aa45fc038a	222
6e7e87c7e31c37b69560426901ac3618	222
52311be6f101ef763b1cda5cbe69eab3	222
8ba0adf5e8a5758248f4353a578e0644	222
f40fdfe4e2757a25eb1c4859e349c744	222
51d99adffff3fb1ddf9a7aef5edb189e	222
593a94337b0f6b73653a539699936dc8	222
4c7e3871df97c4db85e4e933c325ddb6	222
7c8e61f9fe1f1385e67f25c853bf21cb	222
b9bdf22ddaec4a52570ed921acdd0a36	222
907f8e7bd552407732a133477654d39e	222
5caff17f022735a5bf177a54f89c9364	222
d423e1209ebcd7bc2e2c442c9b975818	222
8bc880d342f9a05becc8b24138a615c6	222
fccbdf81cf105f04a44568d2f45b4991	222
8358d72e963052aec4cb1babc5de184c	222
ab05598b4b7cc4b4ffb630a0710c1639	222
fd3717ddf883073c3e28aec0a14b614d	222
d7e74a69888edd2da157a2f3b7299ddd	222
79dfd160c72bfb500873692286354c17	222
d52e4e1f18a3f47d3f4526f37bbb647e	222
2a397f413544d122c31b135fcac43fd2	222
1c5c45e4be4d66ddd96b757fd3522bb2	222
b27ac4ebe2fab8adf3ef2895bed8e2f8	222
edb3a1c8c10424fe7e2b1c0da245d588	222
37cb15df091cab3662756295674387f0	222
0cb54c6abd758e4636c9de14912853da	222
af32aa753491ee42ad6ed69916afd91c	222
b3d3558712b01cabad7f0258e1890231	222
d6f16cca0a64f7459d132bf333ed39be	222
c3c36fc0b697e26830deec2a1b2740dc	222
d6ce065374a94b811ce1d65d6d5e6327	222
0a3971d6d9080553f8773fc06914a14e	222
3c6749386349c453c7dc78cc954b6ea8	222
c8b80b0b39abc0b1a61f6a6985e75a01	222
3004a9add09cfbaea0051c52735b465c	222
9c7e20cfbc72803e3703274879bd71a2	223
e329e104653582462fd53c90f728ce9e	222
72019001ac0a0f251461c1793499bc17	222
95a013b4f09ea07f49b45bc2ba611204	222
263291c32dca80dfbbd7fbf55abfc73d	222
5a43d80359e49ebeb05f73a0a6a7e929	222
4d9e0e36c76d1f6aba6f718e6f3ca223	222
650352847c6c315ba7ecdf2b4b1ceb16	222
66eb5c7939a3f7a45bcc6f0980be936f	222
effc0c5f82926cae25fc3e2f5db97d05	222
835b64b8a100ce99d4bf6ceafafb3cb0	222
0e309f4099bc473725aa4cff684ef980	250
5a1d32b3fb7b5050f7c10f34e88b4ce9	242
c95da7d6d1607b35ad8316455fd9b3eb	222
b9125ee7c98bb062df67614956a1fa58	222
15b7869912fbd7625eacddfc23239ceb	222
3a57c056bb15661c2106bef77acb2d70	222
b8f5e4309156631c5ece997c1f32b852	222
ce7504f8aa85f2aee0442aaa6a2b7e6b	222
044180bafcdb8fe6165d103c31f96e6d	222
6ad89c729f3e787852fba76ac32fdb66	222
f6b920bad544a3ad2f231a65183f301a	222
9ed8b5278136b3cec8c39f4a93e0bc14	222
1a71587786d79d6559811a8682d3bd22	222
2d07bb1f3ed3c3ab8b63681e46977190	222
ff8745014ec5a9fa659fb10980a17f73	222
f701f6fda7f8690897170fbc054139b3	222
5c3d03b51a82af18d1f5c1db7d72c829	222
f2898c915ce44b1b176bc7d458601117	222
a3057bde1e3495f9e9c1b6e16fa11b7b	222
7ccde750b67627a2e7d3b5b708879d09	222
fee0ab7d17209b52d4b7239a1a22f30e	222
93a331990b628f5e3002fa7584e70e59	222
74e011251dcc9dd44f58dace9198bfe9	222
5579002232640aaa8ff1ca3fc7d42bb4	222
7b1b4e29959f8f4621264d7189deda83	222
26e32f4f6423ae344cde2f5ef6b2a777	222
165a86a24a059c04747f875fa82ca489	222
ad5e74867105fcb986d5d1ee4f6783c5	222
3f406035f3e6339c6af27c95dc9093c3	222
e0141f582a70a41ee897b27174db11cb	222
8f521282df83c14557b22d25341d46f4	223
aeb2195179cde574c0dc46fbc36e4661	223
e5704b202edc49bcfabf8bf45faee60a	222
4ae08f441a249de443aad28cb9692f85	222
163099d5571bba4f50e650318e7de3a4	222
78b46ac0a5e53da881d061c3ca253045	222
fbd26ece0ddb2f86fb2f5a2dd03f46c9	222
648273b3bd906ae9f0a548cdd12246a7	222
17bbce445b3fa0fdaf589f79ebe2ee17	222
5a222b9b389595dbe212c41d75f32781	222
791523796d4a5d10a7d0e3fc39c3452a	222
d72443f460059aa04188d11c931d8faf	222
b684582e1ea3e0c005399c594f65b827	222
fbf7f9ddb4eda43fc186817a52b862ae	222
045015ba15eb3a2c5d81d1d841ff8ad0	222
25bb21264bd47f74ed1e0e51d73bee73	222
2f9fa21e68ccb6e1f7bdd7744e22fccb	222
4906d56eba985bd5ddd196dd09f0a5ac	222
e12730713c36133f01e66f4eda96f4ae	222
85b000df580a813db83b47077ffaca25	222
d7d310983dd9abc589f7db833e5e746e	222
f5d719e2208928a3f1356686b66d387e	222
faf2bef5f0accd63b52afa7dc3cc6725	222
e707999ceed10983b898781315a1126f	222
34fc9ff59032dddfa4d1f833cd42ad3b	222
15a5e7fd7ff5e491323bc8ee5c60c46e	240
20ebe180d8de2ca8547ff7ca30c03dab	222
0ca33f87c114fe947068954dfc0bfa86	222
65c4f1936a27651dba24e6ec291999fc	222
1219bfbf1bc67528ad78f0a748314a4c	222
2412c10f355b3ae5d4f31d8fe9e4dbde	222
cb2e9bb3f9aec8a39ca7f68ba432d230	222
4683b091afd11539df192b43e2c9ff4f	222
fc6d8c60cf77edb41b9586d0857a8ec5	222
c0988e514ea2189d91aefbae7fa13abc	222
68ebac6f97f116ea5dfa3fec5ef2b336	222
2f84267eb09412318990e7c1c99764bf	222
fe8b0ae459cc2a82965eeb8f56e78de3	222
0aa034e4ab591e2e85ff4c6f4dff2a86	222
1f41ad2a7bfd455856ee59041e43f436	222
3f80681e22d7ac5427a0ad2924269cb8	222
dbe666750f85b34928e3b52fc64091d1	222
8c98616620628452b068bb32d0b27995	222
6d8fd3ffcf2b29f103e3c6c425390104	222
ef42e8c2d47175beffb3918f59fe3583	222
55ab1f250f3c2ebab53d973b4a23300d	222
ba04c67d88904150efa9d2bc03bdc752	222
29039c6576082c2c014d1998cc6688d1	222
29407c0fc7a288ef4a49a5f0284f46be	222
78c85c54cf84e5023851590e46c65432	220
fb60bdb92d970b9e72dfd2dfe0fbb27e	221
305313110f40d7d3ba5b45fa656934c7	221
62531ad36366cdfdcf8e152d7bcbd306	217
4e99583ef85cd23f4a50ebe3c088a9a8	217
d086375dc9d7ab83a225d3762c5cf99f	219
4904f8c0950c8b40ebaf9aece40712ab	219
77bab9b51f345a0b8d0275cfc2f5adb9	219
9d18a37bb70350ecf77b05fda561070f	217
e8eb02a2d76ca72187c8e3da23749e5d	217
5bfa2e80abdbc1c1f0dfe6fbbc79eb58	217
a5ca2fc9b9ec34f6119dae716e538414	217
e349f79a7ef15d96e0c06706f6023f81	217
c328ba801147557728d031d958419684	217
4da017029891c94b16bb1d6cf64df400	217
4afd1798c05cc3b92cd7e08d7cc89e63	217
ddded79d3c1bd49cc9f2021f4f811638	217
9104aada4c031d65fbe62d7357275a5c	217
7b960fc6296d0e687acee41015120e6f	217
5996882f4a26b8bd21810cc7d660de4a	217
778f806758a03067c8efc0fb253e64b6	217
2956a12a5fc65ae2f6bb25af02c281de	217
8cc1105b2ec12a6619e14aa623923f40	217
95bc7b7e8919f05ef3cd7db75f323193	217
2bf1260b99eac4af4096b0d6f2ab795e	217
fe8767f7980ebfaf97e5c0f92c32e598	217
53d4a6b2cd8a42b37a1b25c124bf9a57	217
80a44b4158e3c2154675d5e4160e5bba	217
ca4ef3132ab8aa3dd5720dc28eb81585	217
1845dc65325848275e542485f3f1e019	217
92c8a3cb34f35c481c58d87ea0f66928	217
470d8c87f2a4e7a6ef8b8f80228998f6	217
2815f6267e2b02de8e99223195032705	235
df0b2002e5aa45c9ffbe51bc71234c74	235
256122e58b7603dce3cea736c746d131	235
524c96656d7cbaa28d85607350e11bf8	217
2f5350e37c1d19e3d1c65e9748a22514	217
2510bbce08bea7af92bf8778cedfb3ab	217
b744a20ffda2b11338dadecdb54cb549	217
6f60813caacb29b501294aec965c4104	217
3c72b56e7f011cfc23b080f86658ca95	217
ef0a3daac4ef041ac9e49fc6b01bbd51	217
328626736213b34b00714cc5453c3973	217
3ebe7db4462558fe51eb6f8072f0b0cc	217
3b114214509ef604b25281a9d1749af4	217
f397c00b8fc5a434249fe0e177644135	217
aeee439376db9a2b7a86613de8d6d56c	217
2be82783306df034431f66856d79d464	217
7f454f3b38ec8a13c8cb06f31629baaa	217
828e427a59085f6acb1e7b4ba380035f	217
08b0ce0c3687e41520033be1b63bc350	217
9d1ca82d481316f7fdfb3172eff2a988	217
ccbaf69a1d1bbc2138ff3fa601ed9c26	217
0a381b3a36e50dc2af2ec381ba5008dd	217
6c8e8a80626e044b6cbee7db2e162249	217
ef236f2b66e5c72e10e140f1d3f644b4	217
bc6d1d723fffe2575c4963632ce4c543	217
848baace586e67594b9b6d04b43f0ff3	217
f807dbf88133a610147739bc8e71af15	217
6b784df777b49176eca1e03261be9dc5	217
8c153585512967d5ff7c2f64ad5242d6	217
459741a579b674439ae50a317131f7f9	217
d60ccafc4ff20c3e6cc13e24810d2e29	217
02305032eb2955287cb8a8f98267d082	217
f535a298d321181fdf31ac3ada4fd90b	217
2a3ffa9036a0b7eef785e17cab73d3cf	217
02442882d6a50d991eca8454fb4e17f2	217
865f3a4c0b248ce527fc48ef40709f06	217
0af9d147c3d61ebf886ac998891c1c40	217
b1c0beb827f725f1756bccb7ab238905	217
0f3e25224f391116560c5a08df7d6fc8	217
8b9ef248ca64377dfda89721f453176b	215
4cd2e9648ac24fd6fb1bf545acde7b5a	215
59d1f376cc60815ade2eda59116ff833	215
71488c05c1daa0487b3b6d99e6635076	215
04bb865ea029e0e83e65df3d00ed1ac5	215
e3115a773da47179140988ba1672deef	215
2b0c6e75ea9b9cdd1c3c4a01b43b1378	215
269c610c39ae0d487b686ecad239c1e3	217
945176b466c1efceed75edc401e33a5a	217
2e93158afa33761b202b871195900bb6	222
618977a266e3fc17924f4ded81081366	217
13a726a9ab0f4058e5b629102b2f73db	222
5734e8b5b986af3cce193794d7fd67d1	222
78ded2fb876e587f0c45c97ac6fc4797	217
a4d28bd2a2edf53553d50c950fa0ae6c	222
60b301b827059b267b9eb016634f81cf	222
578d168337c7c3126b1a1baf70ad0d22	220
85f0d16c5bf44fd932b71171d280077e	220
07f34099484e63552ebf53e149c084dc	220
b97afd84de6e0d747b235b751485d2b3	225
79bc4f88d75881fcb5a888f2fc870445	222
5ceae33f1d5d29d1c157c7e3e1b4d057	257
824b0da69e2f79393631f22605c68583	257
19fe20bcf3ddebe0eb2d5c2d129d12cc	257
4239b341cdadc494b69e3ff3e507b879	257
36698a0b3f3916b6e5de50bd43f99ab2	222
26151f43d55d269a6135bfc9eb544f9c	222
dca79ab643bd9db2d13c3b4735099c90	245
23b9f29f779ba6d6f6d66719dc34958b	218
705f99d3b3873a5540563fa59a80ecad	223
b2fa59a621771c6729a4002aa161a677	222
7da699364e5b9baed3a67fd7c4691fcf	222
71c4da3a573efd5c5b1af65b2e4ab592	217
50d050ee6600188af1e6cb1c8e4f1d82	221
10edcaac06de5b9c9c351abcd0f9b5ce	222
7b6e5a4dcfd48d06507cf6bdd6b9c0a3	222
d2022813149060c01c1e4d30f292442c	221
c14e3fb1c720fcacd50a54d79ce0be94	219
18b09a833333b09df71adcf54dd46167	219
d6bf9fb87b8f82fcc956efa1d534f021	226
0e91d76d10f6d4b00146bb6f9fa7c0a8	226
dd807285d05fbc65c92d66f492affa3f	226
9f9461bd97a1dc164a08782fa20c0a34	223
7daccc6b2ced837cdbdd4ee7f3a761cf	226
34aba199a2383fad870c7d5271da3804	226
15d029ffc641e769d8b7536c559fb5dd	226
feee9731a91ed52faa75cd18af2af9a0	226
b535eae02d7aea62967b207f81c891d7	226
d34c022e36a784d2210f5a5fc76a2050	226
c5ae8161337b8248d7d751ad4275730d	226
e298c4e3b8640a8e850cb3f909034cda	226
f49fde6fe32c87cc469ac89ca1a52b67	244
54819b51c0c5d7f4e24758c07efe8d33	243
fe7b7872d821e749e21ab56d7c0bb0ca	226
934f3c03744f39210c621345282a1473	226
52ea7a4d3c6c05490c0bf48a9a1c0bd2	226
d43a3e5bbb02ac74ca8f657642a86f1b	226
6a1d8d23bc917a149bf41339c48f3b0c	226
af5e38bf3179479e0a0d41208f4d4937	226
c0d5f48f454ae0a48486c09a38617627	226
dd022cf0ab951472c15e50a85c96e74f	226
490b8e874b19087a1cee7b3f1f165cde	226
0510c17a3928122509b8725953379e03	226
dd18d3d13d85aecbb4a6e02876f3665a	226
9eec30a86f90a6dbc41c319cb727a2d1	221
d8ebbaeca5212d5bae0ad17920820ebd	221
346ddce9033490e951f2c40c27c2664f	221
3ec4e9a96122578b9ca5bda088ccd392	221
92286160a0cd7f64c10ae8e1b02b7f00	224
94e5a960034457cdc69d4862dbda2cf3	221
b5751d4ca008d2fcff00b22efe18111c	221
de0e87974fa3bdfa32549689809071f6	221
50837b66dc30af05073c74b26c910598	221
a2f63715ac1ee27dfe092891510c366e	221
e932bed789eddb0283b30ec0291d035d	221
b08930d613ed271902228d90306223aa	221
aa4292712b731d4bba50f655a32fbdaf	221
3d7d3d208dd9069a376aa1e281dfe098	221
b6728ac421fc378102baa937157b3cbf	221
b8e3cb552fb7dccae9e7487988bcf406	221
42e2f21ba505138bc64ace5177a2a1d9	221
26a442e024cf44c41dca71e8cd7ff9f6	239
776674b97b15abb13870bd6d46668eef	221
fed59a65edc7dc3f3726c06c07424e52	221
42277aad254396d4fd4d49519c836cb2	221
cede4c2ceb816f3a1d8d2cced0ac4666	221
9bfb97fed71ae21d6c808046d844c053	221
d22f27238d542b0e781b928d2b59bb98	221
ecbdc9c82f53dbddf9c06cb5ce81bb91	221
61923efcde4223c543460195a135559e	221
924f2119062f9ff059933c0f17ddc15d	221
46370edac1ffc3cbd982faf945cb9654	221
1db1ee17335435c531807c6e9d73fda5	221
c59f44749e5531c6fe2d5ac44a10e5cd	221
2d50a29569c3a019e6edc0314a0e4dbc	221
1ce48f8f5b7385ed6876b6ee9f5a3ed4	221
54d4c92879dbe037d7f4796d73d51caf	221
009188e63fddd391e3d428be91c6c701	221
e3d82e1755cfae9cd5a68f4d51956660	221
95b33de1c446a9c6c275bf1caf39b249	221
4e945b8b498c90df3867632d534e068e	221
ae323e8f17cadac4c4e448ad9ad4d802	221
00a0da97c05d3546c9356ecef6a3d33f	221
8205759d5d3cde6db78ac9966ee2b10e	221
992484653e010b05596507b6f926e058	221
871122d33f1d58f1d583e90069ec6f05	221
2483a1b96b646b6e8bf10e25a973410d	221
29b99bbbd2a02bf6b8a32e756f70823a	221
322f5f91aef6bd113c96e1e54ca75446	221
d4ccd5f638562cd802b134d0f7f76bde	221
d24eac6b2d70c6f0389ba2ad1183561c	221
0f2d215b1ed2919661af4c532ef8d318	221
59a09ad143a1601eaf2d33ee325acc00	221
a08f7002d83afd352184cab97edf8543	221
a0a94a8730df6597fa51f3b02730f771	221
b25e300192493c1d5b5236c2588df709	221
8b15649d035af6ceb1c3bbce57d60d56	221
7be0d0e8688f48189c9907a7b814e74a	221
62b2cd160c2f9f2b2c4aa8a8cb28c512	221
e3fc6e54db20393fb7f961a629dca7a8	221
02e40b5fa47b9355d0f5f515222572e4	221
736b7f2de425bc4ecf7977b404fa59e5	221
b2c949ef4ed796a384a01ec51ede3bc1	221
1c0f0742f105ce87148d79d3f33e64d6	238
19f1a430127515ac798b75cb542b3b27	221
700be8b37f3f826af0707a56d2105bbd	221
018e3d37ab26b51c13001f1691c675e6	221
dfb0b7edfcbd71f8485b5137db2876f5	221
a9e36ce37c69f8ee9da79de95c68586b	221
5254afcf788df887652a2cd26d98d842	221
6a6d8195392cd6af42535748ef67cb23	221
2084cc238504bcb631a31f614d3f7287	221
bb498913a821ec65a3707ba2337b1e18	221
7a7736aa0c63544076ce122347d49879	221
2336140165d1626041115ea4436f4283	221
fd2699cc56f579d1a220b0213f769ccd	221
f9662a0953e747d7849f83363edd916d	221
9cf82516fdeea1e525186737660ba2f6	221
f7ef2836b7e8ac4560e47f2d262fa159	221
853c3353066af9951104a403e61db2d0	221
856a919581003290563ed1f8fc30d52d	221
0e91ca2b64733092a1964ecbcd234373	221
3000dcd06fe04d5a85e36a03309abedc	221
0fc0a243015bed5bf6cc8175030376ea	221
77436d44c0da125d7744f9951256879c	221
46d969db0ea51aabc97804d76f99a542	221
63f72559cdef176718f03cf5e35d7e13	221
dffad9d10ce45c683080c5c008fc6e0e	221
29ace70b2072a0ea72b49c46d22c611d	221
96aa311f83f167c9e663151b0300dcc2	221
aa190d1c0086d478c731920249c88606	221
826c238e99d5d8ddcb01cf32299efa17	226
e56688285def0669e97ff042e4baa2de	221
5b79e7bb739ae56ea5bd95ff2e4dc440	221
956d21072d5f2104183dbd3304dba37d	221
52940d692cb9358ea7dda102d426386c	221
45513a324ddd854c3476f968443f2f4d	221
a08f809a895627b8e3c91695bf1fc3a9	231
3a21aa45ddb2a48e1209e5a9fd77718c	231
d8b18239a04d6afc4c7088a768d39ac8	231
f1796c330d49dc2164d65a6211ccbc66	231
9792e923d3a84c070a6a4b1c67824358	231
3f4d78c49fe079193b12964c06484105	231
504d9d2649e3f3e2ce17814883e0a505	231
e9a6f42876c6f9610435c368a87171b0	231
ca4443737cb80d0e9a63402a8f508437	231
02c1a09e2f962c94cf674b085aedb1fb	231
cf05f6ae0adcc42cf7913b0c84e1d7c4	231
5a96355bf531ad33cdc81d910dda3849	231
325a599943b0e0bc152ded4526acecc4	231
a4f6061bc39470054e962bb2cab0f9e1	231
4eaca5164bed8f2354ea05601c48124a	231
8917e3c22536ff56fa32b86438f5a5d7	231
ccd7a2c8c53760305510d6bc9a67d8c2	231
d57c24c3a5900dab94a5f622cbf93c44	231
790999f72c1d54b13b980cc25e7e0fed	231
2c21d3fa63906d0632e90cbd1d235979	231
01b901090fdf574f37558c138c56999d	231
484cd289041e651ee7ff188936458f44	231
d7201d6a6eb51b059cb787abd89e83fc	222
74d31d299f4c64fecdab3088bdbb75bc	222
0a07e49d54f1304996ffb461f60f1914	226
0cbc47226c2934902de75e3014148a22	226
b57042124bb2d28fc16fac7f6e147326	226
c27289ab6bbfb27c49074166109c176e	226
7101a693ac33c7fee7e3474bf5626db9	225
e52207d0ccfd52c17e30e0a5e0c58976	226
0bbd0f648733753442c23014ee9911b3	226
c8380add985775ce53faf71f7b051fc8	226
eb24b60f1e945ae868c381008fe9d6d8	222
ee142e6dc02a70b5af7ec2db68a33960	222
e2e61c73891b1bcd2e7d10906a457b74	222
2681c4f87af922b60f07fad0a9995714	222
228933ec3f9ab3499850daf13f1d0c80	222
5b6bfbf43bd6d504364da7008d371c40	222
1e2d6c796d1fe9fccef697926304d820	222
7e7e300db111af7c9cdabf79e3d5d04f	222
6b84a0eb8b4fb94903a2fb141db3f269	222
b757b46f8b99430d9432a626aa89332a	222
5fe962e8bef6236c85df8b96dc7ceb8d	221
41e0a566c40326d3def3d9f1c933090d	221
05a601b938274d071329472ae18fef45	221
98545bfd2de871ec367dacce1f09caf3	221
9d6c5644f94845618b50d74dd0852a99	221
8e751de91bb5b99b14038c0cdc337862	221
a434a85055902a00720d28461c52fe41	221
db149c8cfc92bd16255250fd53d14902	221
dd2224e2e488d84a7ab27d4add514834	221
543e936a505cd01f99c75aa3aa229a32	221
0dd35f9fcec11718b4d831af3331fa2c	221
e997fbb63d3173e9bcdb0ef9b0efbc80	221
e914eec0ed67f85e2c633b0978443153	221
e86188a8fe67c064e9b96151a9ae3cb2	221
8d88e6884de50ea164e79e7a22e43ece	221
df225ce2d1fec9111c98108b2be34aa7	221
7b7f1a60f8ea92375985780720e30c5e	221
13fc6fe6adbab1f9e4a56bba8cbf1a28	221
d8829cd8f9d916abadf7c545968ae3aa	221
db539262a3b7c17a0ca43854d2683f9a	221
664eed66bf231af42049692fe3d4a817	221
3dd7d0503546a79841849d9289f89a7c	221
e719c7e800e0835f1ebcb3e8b5867b59	221
5053d6aab01e853dc98ee64c90b9c1c6	221
764c04da2bee7248f091939cb98cf1de	221
1703db54d4af2b3ef8cbe35fbd7f8f04	221
ce89703f19bf570a09082729350b18ce	221
58ce23764d2a6fb0d293f20d29b8428e	239
906f2c1b7b96c9975f2d62994287ce96	239
76f3d1e463be63e880cecd0e9f81f64c	238
5ec5a68cc66f8cbd087fd1ac3f64c982	238
fc7579944fff31b7711ae10c0a98b82d	221
0f1ab870aafcecdc21249ae647900327	221
c693027cd37f73f618f287b06d68417a	221
a602445a4db9b718dcd2469fbc23790a	221
6fed9107da5add3bc9863a7f7af3ec03	221
6060bd2abff4db87e92e4b83237c462c	221
1eb7aa1cead5582c3814ba05eb535dc9	221
9292ed3c6a65d0bd3ab43e380a8c5dba	221
54e28014851d3eeaaa9f5719c3212727	221
dc7a2d8474038a7270620d9b8a39b7d2	221
84920f7403e7e5ec1c82ffdd8ae83d71	221
42bb1fece525f262b9dd1a817ca97038	221
9791a0e2fa573035fc42a08b695af220	221
07c74ee191222d3b55ba8de5d639b4b1	221
03167733ccdbc69aa1a8c52c2d4ce800	221
f86583b3706b808e0bc77ae55dd42394	220
a992fadefda62144eeac9908395a1f51	221
8d987168893b89d21a042d1c573b107d	221
732566fb1dfdfb0ef5b0ef8e43cbea3d	221
009bcd393180464758757cb250ba4b66	221
0f7d7b888baeba894b073980073d23b8	221
722322cb3a285f2e6991b8195f391c98	221
94efb915eaa186b35b8ee52b1b64d928	221
14f610fd4be3a85e584f2a12299cf4e7	221
bce487545d37191ccf658fe3316f6f8c	221
e550d0d71f4951ef582ce48e914a2cf5	221
5c40fd4e544769bd5b938d9a773af245	221
4a80fb4418b619bc76f7526c0e4cb677	221
64f0bda0f06f503b4de445598c09ff4a	221
8cd863d8f9fb359bd0cb5ea56cfba64e	221
0c1ed611056ad514b3eac6c74c23857c	221
399d9a4d2e6897226a5d893fb59de8d4	222
56cb8c506578c86cb99315b82fd9e687	222
61e0a0b3565b5eb75fb6e45ef6f7a243	222
0e62a8a5462425022dccf23d870d2c1d	222
3f794b7b5c2991bf149cfe149681bb62	222
6627a6fa2afabe1eead8522e26be6ca0	222
2d2f910abd7f3dee233fc9a8a63079b9	222
640f00b20c58738897529a2c08b6871a	222
0542e7bfec5ddef9f5e18f74bde07233	222
e4719ed3f5acb2ffa460c10d7beae2ec	222
9090775dda3419ea974d64553a57493c	222
bfcf6564be621e339bd9332336391d2d	221
e5bc1ca99a726a1cd7a4cce5bd7fde7f	221
ab8746c9ee08a783d17d0b6bd6122cf2	221
21ebe381284b4bcfa9739727b20e2434	221
8c3f6da84891d39b12cc71e701ea18fb	221
ef97275c3a11abf4c40af11a452d68e4	233
47622155e0e471d74838606d9b1dc2e7	221
30062d3608a0e56eb6ee74a5e57593c5	233
0df9fef40601321f1dcac3fed0869906	233
eff3fd92e8fd1bad89a1c16b99b5ec5c	233
9ccc963b5401932385427fa2a41c4f70	233
5a2f2ff04f7c21c74904612afc198f07	233
e0a0a0590625e6512fe5e22a3f283efd	233
d7ccd76216f929a534c24b42a2333410	233
5a64e93ca7c1c83b9664412d46a333bf	233
d7d20ff4f4f294423f3b3a1018ba25e7	233
739c9143c4ecaff5dd6db71b15c3a06c	233
bf41e64a5fc959988479825d36f6cc05	233
e3ba3dfdc3ec90c72faf0fd99b161263	233
2b15ce2c8a87f5a7d0a2e3496acb3486	233
643a29dbb791382c2835692d96d6deb0	238
4384a9f7e6c02faefb7e3f43870bb9d7	238
3bb0e7d2f16801d41ff592d0148485a0	238
d0784d24131370bb742a4206e916913e	238
74cc1c28101abed1b06b7aee62e68203	238
85e5a4268dd99dbf1ad4ef3181ea416d	238
3a7a3bc8d4e3f576bef75c56947f1570	238
48d2f69901f5fbece09b40b904d1e3b8	238
ab7885479d879bf9311b909ae92f6570	238
9f7aa053222abebcea66867b12bff168	255
6b4dc1858e46f98aadaf639124063ab7	238
1b99a57038b9ea732795a699003b2e9e	238
429255dc6a0b308a75147613dc8b7e5b	238
97559e9d1dd527896de6aba370eb9a5e	238
5e8984674bf9fef4fa2b7dbbfc606331	238
bf38f05ea2966e261719cc920ee8b2a1	238
5d86870ff12dfab76afcf9074a16b329	238
78fc901c0823c0ad737222db29dbd10c	238
b35ec2f7c6c5c18c8f59956903956ef1	238
fe588f10b1fcaea1013224681b594059	245
6e965bda8046c77e4361faf65a9b6072	245
ec0a32e866119ae0fc5d4c06a744a1ae	244
3c9a9fb55196d6a2139d4dbd146ac455	245
cd7fbe9aa9391b1294678af59342d49e	245
990b2daab0653c92754970a478c4b2fa	245
8d5e4b2255421764fc74a02f939b7660	245
76f82a1db73f926ae9bc2b0049ec2885	222
bd03cdbe858e9ed696d75276140c6a99	222
8cb726d3ab5fecd569335e58915097a5	222
75a96b8d8f6a585ef231a2414976bbb8	240
d42b620234b6b6f73904e4b3328ef077	222
27b106bd1154268e700eda6bb0e07989	222
f1092fa15bd2be66cbcee456459edc73	222
8f106f07eb428cd9016543b4ff14548c	222
3944eea032bc836a37082899e4c57b07	222
4d2902aea2940c667bbb375d810dd872	222
163ce337bf5dc34db0832cb7013df104	222
1d2def07737b902cd2024a7c3cd523ef	222
c2cefd6ac28844545757205b8bd63007	222
fa3614a4da30d4fb35fa96b13b4b73bd	222
05ff1317e8fb21b5842134a85b2bbade	222
20abd5932e8c219c5c78b1e0d561ebb5	222
5d917107cc1d6b6e85ab1ff918424da8	222
8cc1f1ef37546f9df070f084a9bf2e67	222
0db7347eb2199be7951a86fe931fd231	222
9a904325685979a2af6e7bbb81a87ead	222
6b0d76d312245d3785f83f14409fe72d	222
3438e9381a043734c5b65d453845754d	222
8c3b830a324af175a03c0ef35e585e8f	222
ab83fbb41104bf6760eabcd28ba5e95f	222
c8ade98ddc1735317db3d0d1dd727d95	222
c0ddb52ddaf292d6109fd728dbb1e08a	222
cc4d83268ced0d3afa0d2eada3d2ee8a	222
e508744cf4e4423420c7db179c5c6721	222
bff5af8eb98682b10adddc2732189d7e	222
87150b15122a7be953b1f15306897416	222
488ae0b272e06fdef42b1bf08479828f	222
212346eaec352fbbc71ffa2928a1e425	222
07cd3575b920456c2315e7c198d02fdb	222
17121fd9945474f34b138a21315d429d	222
d45c2890a733300efef7947b20848e3d	222
49126770c3ff44e093089ca062c85c73	222
74acc76fb59d942fdc9a19a65a54451e	222
236cc7528714f0c6178a0ccd416f17ff	222
e7324504ed8fa48d61c5db70e324b022	222
497c5d78f5858ed766bc15ee71e40a66	222
b91672b38326c235394e062eb765d155	222
b5e3549f6bad9c969d59ac474e363c37	222
93843045b68537d0f687b922d9c73da2	222
8ec9057dd44149241a649bfff2b73768	222
4741c6c9bad16f47259ec88684255006	222
e7d2b6964c7e1019c803b4ff6a0a2e7c	222
b50dbe977e58534217446f51d257216f	222
5550d86e5f712647da52faeb86873e9f	222
461006e1e8e5c6ed49b2c1caaf007466	222
b067cd4b8eff4915c38f4c8307b14fc5	242
2a6e1215929315ca3f6c7764b602ad6e	240
fe88749c243cfd44661ba70071b23ffb	222
35d44c5b8f41f4cecc33d7fae54eda6b	222
ab6c5e2e2bb78b4e3c67d9305b085866	222
1081a80bbbf4826409d58575ccbf96c6	222
61eddfe37ff6a126020864021afb9ac0	222
6be5bf0db47d0df7eb841a6ef21ecf35	222
0365ed72f9323f4b8d83876d5a7f6bc5	222
b0ddb2cd86628084ce8c4ba504b80a32	222
9b736869b6be4597eac4f2a6b7a0faaa	222
c3b5e87b9d6d98cca8a693f34925eb2b	238
f67063e5ad1deb67a764dc31decbb405	233
6ee686dcf852d4257bb69b946bc9da75	238
518094ac9e9e3aea50df86d59dce9300	221
5408ecae102e0384f698f9e721af801b	221
988e3d7b04d067b885177913c315dc2a	221
5341de70a232fa2986927775d9ab09fc	221
0a7d3345d237d4261f0c858df0bced6d	221
ac50ceb5940976b76e13c1b2d0b74c60	221
ecbdf6f6637ed3b06eb7087107e2f373	221
2beefa48661a7463d764ff523a543d51	221
dc16f8ae470425de233216375abfbbad	221
8b4dd6e307f79c2fd53980c9594192e4	221
246f3ebd72da0ce9630a8ec16d53cb8c	221
62d06c6ac496fb630f2b8dc5657ea7a2	230
809f548e9846bce7b37411d19bedb008	230
d735036717fb3817bb406a25f8cb8eff	230
7c8d52d6a4932031fbd3abc259c9382f	230
61a03184e8c68cc854c7c535ba6e3111	230
466253db9ecc9593f4d78eb2461bb8a7	230
1d366672897131896b9ccd572e7ccda6	230
e4d9d8e5634354dd6ee9789bf8b85f4c	230
384ae857d02e4287b1648a55ec1180fd	230
44372da3bca2136a7ba035c4b082b910	226
dc6c6024c88a5fd79f17c7e9801a021a	226
7f5c1464b32b72ace51c939b3bc3807a	226
62ee36aeaea1e2ef1a6883826e4d2ef0	226
565c1db525e2cb75e36dcee5fe3610aa	226
d0c09f45119a85881437f9cbf64d3c81	226
347b2835e20844a038b529e8b872d783	226
324713179ebeede4e29a9c271ad47385	226
a99731fc76ca5189134535fc62e11f1a	226
dff612326a973a405e61612cfaff6584	226
809fef634a41626d2e5ab8a41ab8d8b9	226
4c18e71947bca86b6660a44dded21131	226
43a5ebe22c683c7899b072f2c1728456	226
25de519a918677211a1bdd149db20cd9	226
d9026de508c2943e914228cf9bf40af1	226
38e37460442a899d47b3a1d5320427c6	226
7506895e067a58c423fe9d909641d59b	226
bcec4a55ec49c24cb08cb9e76b7065c2	226
ae5569ce5c58528589141ddec39341dc	226
f5cc3979a0ef9f5f6762744d5b122cc3	226
c42f161d656b0dcdb6234c7e291e9f44	226
1488441e836a08f25c6c2239eb636335	226
5e4858150990197e1375b2170bb9bef2	226
5eeda966d7b279df21472aaf22b08dc2	226
cb885296762f0ef7e46e0ada8cc1e842	226
29b469d7b88a815c862067cd1b7f8a86	226
700178031c4d586ca0e6910dc6f91470	226
f98f77cd100bf5772bfec9e89a1f976a	226
3a9c63069fffa9d49a493bed77d8f789	226
37816cd48bf4bed3e63c7a9762c81b21	226
5882deaded508fe7c4b53516b7e97167	226
511972ee639641c56ff866050cda5109	226
093037a0b69ae60a5920c98b89fa61dd	226
eaf9b9fdc6de993b97f398d47c299699	226
5c564d6ed81a20ef430bca055542efd1	226
3e635ee48a89f8afb5e8275730a97655	226
1be8e109c3fa89c10d39712fc053f310	226
8e003b6e8051ac558fcb8822e59a6e9e	226
081552e8dc30c41c4eb7af137a97b43f	226
865fcf95d847a4fe502570f63a596af8	226
bcf997b9bfb68b8f5965705b8653f276	226
1af715b19dae529a1ada48706181555c	226
9d5b6ff9ab60d3e25f0a802bf1b32d79	226
eb755c962cc0bb9dde6f73723a826486	226
d101ab62b759abde14b329f2a16d19c2	226
4ade2f1a84a9e634a21ff8049729b112	226
7bc6e00037178f53ab906cdadfc920f3	226
fda3d5b8a523bd1e691c91574f3316b1	226
ab3b936ff6ac3045a6e47ef75966328b	226
6a92a8494c492bff9b18990b433a0441	226
e871f7d5e618e64e8b34b15e4f3c660c	226
526cbb1aa47767d4d7d76040585feb7f	226
e680ac30e3cbce691ee06a651f95f883	226
ef0698af044742a5bd9713d0ffd5820e	226
8afbfcbd2d21f127d6973a313fd26784	226
567d9883775636c179b6d12fd515ab73	226
641e0db0595ffb392d993ef52cb25e90	226
ebae59d3c7a52499e63a4d39479e2127	226
929dc5ddf5cd129fafce5862bf06e319	226
7242790b834ccdf4c34d16eb5e8b73f6	226
c99018050177bfa23223247226326896	226
069068c6dc17747d00b0a15807153c4b	226
a86c56e8cebb61fc6ac0502ff5f8940c	226
fe05a3e34d206e5a56300831dd4160e3	226
082f226f82c4785076120f3ab7386473	245
8f92743f512ecce03906870bfbf30249	244
bc51f0ee7c875c9e823f7ab25283940c	244
ee0e110dc0524a3ade09c55a432a4db4	244
cfc4af31412307f4d3238b7ef81a4f99	226
ec3b4a293b9b820fa7030ed80a8445b1	226
c4c3af738451ea551b2802c83f7835e7	226
3af115b05858b96e78fc8f6a916d9ce8	226
54f1c9b55fad90c80da08959a8046793	226
821f064323b6e8d648cb29152b8a7989	226
0e39ebfc2679273f234d75ce02826679	226
0ecfda8ba33b7adba1312ae726bee40f	226
7e637f62ef031cf273bf533756315b53	226
d7d39f2c515efe939390d07c257079d9	226
868ee8a275f2f43b304b35c48cc3a676	226
d4b54f527b37097488008fa163c579a5	226
a60ddbb57e84d5cf0ab82e94eedb9630	226
7b1c513f4fbd8f9925a002f3f5729933	226
ebcc9d6c7213e52b1d169f1be4c270be	226
75175a9d148b830ca252637703fcb47f	226
5e4c1d35d201e816adbbf10e1df5d12d	226
e4579b6a430d8288e01950cb6e15e63d	226
609cd16c07e2a180f690f2e46084523f	226
bcd86f67ef93af377e7326832cc22734	226
a25fb6c495227a9c2b6fb4764ffe2ea0	226
4b5793ded786dea4ee046788ffe345eb	226
3cf47cf966668df285dc18266be2d64f	226
b854c9a34704116d33f698191549de26	226
746356ab556aebfa360944c74be321c9	226
d169c96b0c15352bf5556f1fdb334ce3	226
69ba51adcf9e2d3a9bae75ad6d6bcdf9	226
097bb5a2292a7ded92fc3f205c623226	226
d817ee1de91c4b7792aa0c9dd13e7f9f	226
163ed0f081dd2a47c72630437fe6ac77	226
50fafb7cdb7656b1ba68815e123135ea	226
0a8fae87966005a4b6db80f160125086	226
bfdfbf8ac9136ea8d5ac02d491d485fc	226
0c848f22d609e26146c686a8a58491d9	226
5c1d4ef2010c2931f2b1378699badf77	226
61f2bf26b4b01079ed484b9556e00cf9	226
8eda8e6c5061cc4d57fd5fb3d4f068bf	226
79dbcb898945eee055ba367f1324b5a3	226
99224b5766f546f5af93b7d4bd26fe6f	226
dcbab681aedd5e7428c0aec2d915a98f	226
72acd5052be1f6ba9a16fcf080df8c1b	226
5b77a26886cd27bf9db3757d84cfb91a	226
9fc43f0665d78d42a41761f8723c8a02	226
df744bd8fef89dd47a36175af2ae5e81	226
16573011faa079e34d81a07907e5c05a	226
7268d9e19d7f5ffce1a8a653af3e48a2	226
beb4686f26933c2b93b7a9fad3a001e7	226
d044affa09cb198c2618105860f2e366	226
683ab9fa28eae119224ab086662334ce	226
969583d41d6ac796ef8af274ecad5381	226
e1c89ce8d23a6b711b5393c06965aa15	226
00ef4d479584e494ed40639c60646920	226
4c5d2d721c2f985efce33b445161066a	226
96e1c4a5466c4a79ad68e3fa8ed864e0	226
87e945e4a1d05c2b17787a1f4202e24e	226
7815ee411ad9da1cebc57776016c6e13	226
38dffd5946d97c024e8fff4beea4a3d7	226
100a6ebf8b6378d83a6942fdb9f18b49	226
ebfd7b9d8ebab3838b567b5ecdcf155e	226
d78f71e1476f9e43fbe80c9b26d6412c	226
3ac63f5ccfca7e28e4b30dbc31a7c0ef	226
8324405a03e1a2397bf06be950277dda	226
292b73abbdf170eb61725c2386d7c303	226
54591e2df314d00feb50f7be62c01e7e	226
9ae4c27a7bbaad9aebc0ed47813f44af	226
de5224f0efd38359c0302102641acd6a	226
0e1f620ca3e01b8d4f1b3bd261dc17ea	226
339116c3178e8e616bbdd0f60ce7afa4	226
8fb975037f1c5824de1d4a7afbbbd849	226
071c99f9522d6fa948589cbdf0166781	226
1e628374ccdd2c5d1d6cb3b7172bf2f4	226
9ad40217ba05036678fe51e25095e978	226
1d17e5b33370dc9b9241b65238cdb07b	226
487378cedfdc48c5b0a21bafb564dedc	226
0697be3282d5d1e15e1110f4dcd6ccfb	226
bcedd81beee57b916aae6faf046bcbe1	226
39b10806db0a91f9dc4cc0eb9ec2c293	226
4c681658a9682e44fa5f0e505fb85205	226
b480d7db7e992ba9c374d481a5651e22	226
79d0bc9dcd80e0e60ead198b9f86c688	226
a2c87fbe012c64026e2374f769e393f3	226
d356a31a608b34849ed8194a5be6f6f6	226
1928fd7536e47c74016116fa7fc29df4	226
547eed240f0f1d6f97ea04063665672b	226
e7f9b6b046f48394a45aefcd00e412d3	226
3abfe95abdb7686dbaaf366ac0d978d6	226
172c2fcb7496fce3fa333662248419d5	226
a669bf6caf890dec9c6dd1a9c5cfe9f3	226
197aad4e7f571e5ab8bb8019487a4e2e	226
85069f12baf9ec7622598646b19b4e05	226
f4fb5c8f5b390b83bb8f4a607cdbbb6e	226
141b17b1feafebd63026b7f34cb75841	221
cc56a6ac6ba8c0666369af6279549234	221
9e171e70e52890410e87af5cbcfa797c	221
c367d2b50cb56158fe0560fbe9cadcfd	221
b8fad4813555d9ce339c30d4289f9e20	221
731ed81d2b64c5608b1d63e868b6f364	221
16f56579b2cdd6b84a93bbf5bd3a69ce	221
9806b98b35b150039486476028c8a93b	221
5ce2a70cfdc8784298ac046d84df23e9	221
2e9e8e179a5ba875f24b011e8c8fdfcd	221
24028c3961de529ab5d34195fdc3deac	221
09203d76881a63825e3ac33484b27659	221
cecbf257b0b4c0f85c44cd7dd589953d	221
02aadb13abefb014e846f89351447ace	221
2d10afc6f702080540819dcff24de02b	221
22bb658c419e45788ce98f67189c4471	221
e5f4a6a8cd6e1808f2cb58eb5c73139e	221
870be5ed4fd0937349eb8e7135148572	221
99643bf913e5f18a76f2b9f308005185	221
bc3a98d24d319efdbf6f8cf747ae93d4	221
0d20ad1d72fd099682fd80215fca0e05	221
6c79be776c725c2eda5150e10c55b406	221
6ae34302369c293bd602dcb2b28a13b6	221
80831d32005a565f5683b5254a29e141	221
cad73c99ddae9f97283668e67e785fe6	221
a1d7418d58c529285889e3fa569c3aec	221
b3c31f8f928e3bb6322067f5a88257de	221
f3d422ad5de062bc7e9833e012a25058	221
6689f72032fc5875b2720c0be96fe1b1	221
fd68e60febe0114a7d8446b1b5c97bd9	221
ac8cb58163abda3de5ba56599ab3c539	221
fc6f042c003283a19ffe307856882cdf	221
25a198b6118307ca6cff24f30bbf8f71	221
8e0052eecd38cacaf5aef4756528faf8	221
a4648147c8cc2b92c944dca75aed84f5	221
70ae3f963eb0181da8d254b57fbfe32b	221
d6b030a248098f6eb30b4315ebbbe07c	221
80155839c9f3752c2719ecb677836e92	221
97e5e4bc5d0d0c46e14c0a80f63f39a6	221
962f7d345528a837d07a6e39f199c892	221
67b84cdb84bc380d0eff32b59f371f42	239
0eb6368dc2ddbbcc59cb14e36972ba59	221
5924a2743b978a836813528189bf50dd	221
9344e23b640da141eb8ab2e2dcc57e16	221
66735861884fbc2d7395ca4f06354892	221
2bbb5ee6721798db3ae9ccad76581a6c	221
6a419c100f4c4e144fea7c38740b4e5c	221
d7577fa182581897025f22ddfb488eba	221
6e5d7645738dcec99d9294a45a1b478c	221
dc972cd4829c4bbc7ff6edd4a481680d	221
cc29d0c5e230fa58a3e65bd73f8af5d9	221
5ad2f5e11e9103b4a79a679c7c592cae	221
c01aed6dd1862d61fd74897619131254	221
46cd339f94933b039948d68331f8a521	221
40731979b026822701c7482a2f1b1113	221
d201dd77db0a452e392eac77b6d81586	221
8839c89e80e3b77a2478f8d2904e9518	221
336b9bc9307d7bd098cf34dc4871328a	221
229ee35acf07022eb363da8ae897c484	221
74cd452303126431e99b173a625e640f	221
3746e4b40cd0b92a639ac0d746aae08b	221
3da110f5d5dabbb0d897b409b0b419fb	221
874696186d71c293759a741b6acb3ece	221
144f89ebe200b519673000615b9231a6	221
9d29583f0226740810d78d7ea6b7aff5	221
29b979a78344dedac1b72fc4e843dc8d	221
3ea126ab00d6ad2fa26f28f8ed1d2f2f	221
43178b84973d11543ccdd771fa711d0b	221
7277b0d65c6b9f4c2e1d425ee8d1fbf1	221
5a9d0e7173f2892a79fff51b715e6096	221
d90f72a3930072af0b84a4a522885a28	221
86c2839b97e84b755d59c2e8a6b29e63	221
20a52cdc3ecf7bd5cf25d7b5e20aa20f	221
7cfc9885197226728a79486e0eae8562	221
15dd73fec7e7867e810473b21719c654	221
3d16a7e37d42b6c83b0f07e4ae49aa5c	221
0a4de1a8e362bf7112ccbf4911d6bc1a	221
d45f43bda8e12ef8002dba22159a912c	221
8d354f1146d8149b1d6501eaca2c63a2	221
ddee64d58008060ab6888c2de5876f06	221
d25d1007aabe28a4d8b3f5f45cbd3d2c	221
2500f71ac3273a8ca7580e00faa53432	221
05cf80cda438d8406464155b93d0abcf	221
cf9389f4c3e08facb4e1578e4c330430	221
c482723bf0fa539b52cf7bd932679b5c	221
ed67343fbc48f087c54d2c5984f828ae	221
0bb634994415fdd895136ca2bfa6a1a1	221
f7bea840131d099b99a4b87cd7f5cdfb	221
21d3c083f59b8a7ce0bdb928d8dc9350	221
649fac5b6e584bcc9facc27bf4edb9b7	221
d51cf7f4ec98f8ef5ba1e5d8504a24cc	221
97f98c7c90ec869adae8237b73b06254	221
c0aa0790c312da1d9c3133e59a14ee18	221
0c5d66a57f3b0414817cd49b3cd8cb85	221
e661fed0df769ac0712abc4584e9f012	221
2e19ecb578262f741f4ed2be6c9da4c8	221
356bfd7accc1409ac98220ea9f2d963d	221
9871531385fd8eccfc8c625a906d5173	221
6498833f907b262ad30bc2050796a55a	221
b3ead41c423fa1b31725ab67e7c8e156	224
4395d83de216048d3fce4e8b84b2607d	228
61ca28bc792d25b29271db8467febb6d	226
cfb5dfff49f2ca878a784680794ff272	221
c8c24a2a49c6bf2d7c2204f7a0c91556	223
48f6569109f35fb2e6d53a26ccb2f7fd	223
4eabf3a492c284ece8833ba5433b88ab	226
df3019ebe512bde79b0a5641763f6401	221
99ddbd91bafd311836db8398f5fec996	222
d67420cd9900291e6c47f594459eee1d	219
809dffcb6ff8c46f58873621b4777463	221
1da08df61e41504c6c9f66d4757491ec	222
b9639b8b5f28910f3e5f8cafafe1af01	222
65522a2b6cfe22bcffcf40a12c4ed73f	222
f72e9d9e6ddc5b0ff5933a81f18bcfac	222
af411b00d7203fc146d76127a00b32d2	222
d51dfce65772f82b34915a13a77e29fa	222
05dbe969eac5d55a161d09e3ff670360	222
692bb2d0a1d3a51c64c881556ef4bb89	222
4d14ca86e07dfce67afa7e9c5592c904	222
0592fc1c519ee1bb0df5dba3000197a4	222
85b10666002a70aac1be5c3e8620f4de	222
41feb09daf10144d3e36c0cbf08de43b	222
e8afcea76c76317d2b85360e85c7db02	222
ad6a1b9461bd9d335a906a1b431e011f	217
ccdf65d10a98abdb09ffc8b138bbfd08	229
cb39a04cbf15cc79e583b3e26671339b	229
f45c33c3aac01898ab9c9bfe1e694312	229
063d8b4182d0447254ffdafca1c14ad2	229
3f5de8ce75b1a3a5a0710bb8d7f80373	229
fd3bf2111c253953e451a4afb62b44bc	247
34f5a70233a0d16450edc0360a4a3de5	229
46f453a3556ff3a7350493be631d8c09	229
71792d38cf37f9adfb06e2ae86f65b38	229
d05e0fc360edd626dbb94709a3b2d9b0	229
9f12c50ec9e7dfedeb2015d395a81920	229
2f889df549fd05f4a0b2823e4026ad09	229
e2162c8240fb604ee34fb24284d64e8b	229
d30c4baabd8b38e9989fadb7ed027bdb	229
13dc74831ad140c4d68dd01b9e7107de	229
b0fa29c48771a0c0d93882c0e33f01dc	229
3ab78987be70eebeff2fdd97471a316c	229
f78d300afb41c14763ab17339612c599	229
8d877989cb45c7477bfd8248a7940300	229
04921bae19dc3e4cf2dd1b129bf04449	229
b0e76870d87593f4e6bb6c0caa395da8	229
6c9dd33c924bfb2ce8614b381b671ad5	229
65cf49519cb50f86ca696b76836258fd	229
6619e675f81de6a14ecd44fe89cc6163	229
7dc888bc6444b0e5533302351e5ae977	229
d59bd7d2ffceb4a4a41c7324ab66c02f	229
f2844c59dbf48dcdc203a8e117d15039	229
65ec1f47e7b9e6376bf0e7dd8337e945	229
3b530c6ad3a4e4b788bce4ce9bef8ff2	229
7331019c46b5572f0ed0aa7fda0f6059	229
df1cafd46dd48da254151439002815f6	229
2b65e3470ac897a9c01ee089de08d30f	229
ddba472d6403193240dc075cc49f2c4a	229
dc0123c87f06efd8875a5b3111ce7041	229
0ba06c6dcc706c6696cd23d3db045844	224
22834dcf73c836a8fb948b399e087251	226
6966ac5678a1de419430b18751d40433	221
d6fdf2d48aee6a608eaa914efd22be2e	221
295c170f2f3e0dcae05a637a12b87005	221
66d2aeac7cd0eaeefcdc66d669bdd322	239
193885cfa43e4daf4e900f6bcacd94d2	221
9bf96e0df2ffa4802aec9266c846a0e3	221
637a4cd902206b78dc8c0e76dcf9b1ce	224
3284467b315d512f79aa55b4197906fa	222
a12626de752f3b01814e4373d6f2db76	222
72996ca86d6f0415850c095d47b7dc2a	222
693d92cad14d21d57cb7143de0f39c8f	222
11ab11bb07da027a2f536f70d91d5e96	222
76d53cb7af853871d5c0c50a2f12925b	233
a6367d4de5b82128ef4f2493403a180c	218
1fd7b24958c1ccd693bf3d1f98749b40	222
d0ec5070610d5c80b0bbb52bd88f605c	225
f213c846f785e2279e202df02ac239bf	222
7d3f771115667174fadc1a009b3b43b4	222
8648913a9235afd1aa95fc421b026944	222
c696050ceedcc7140bf845f3570fd133	222
83445f481ccca9782083b5fabaff7cfb	222
211884acefb0a2d7eceb2ce372644ef5	222
ebff0e550072482161179da147a0ad54	222
fecb0788a67a866eff0c4961183d4f2d	222
80bcf9a9125771ac1da2abc3cf64b51b	222
1124602fe8d075ba538cd60f52f085ed	222
0c1be5a6294f025b97a6877bb0ab29e0	222
faec31ec215afd4675f5e076114eff7f	222
a822a64376ee8c53e1424b32773da48b	222
cc4906bb66627d2fc9b21ffa20bb256f	222
b1c200ceadd946b142408c31cb8a5107	222
79d0a12bd51e6bfb65f1a6193a2321f5	222
30fa32b9671312512a70b4d71c146d3f	222
d81a550a0bea28726bed338d1c9a4f8a	222
d8f6f6b7cf2a2f042f2562f27d0bcc7d	222
0450cfb5af0bcf1496111498e3adce50	222
26ff170edef686e44ebef7c20b23361b	222
d2459172eb1ccc16f796e9be8e5e62af	222
c96f5be9f4d0c624c64779f77949dcb9	222
cf1f6e28a08ea351b201065624010cd6	222
2d1b85815121b6f4d1ebd5b8164243d9	222
7842a3e61f100a0498457cac9b862e16	222
fb4daca88215a331868c18116d809934	222
6f95b28fa386b5affea0f7dccf4552b9	222
def5ef9baad2f68f93666eb3a2d4c0e2	222
36293a0cc9d8204075ea03638e501c25	222
7657f81f341f755d7b00bbd5fc8e4527	224
1b1fcdcffe62604025cdcc487644564a	224
1cf0d057b03a9c3f08c5186bc6d45180	222
ae197a99e7a3d08a171fb61207010cda	222
57d3abf37ba86b9c8448ce917b43e1d9	222
67eff2f6159acb06c75b3932c96f4fec	218
a7af271bc36f65a7f24ca351bb77d9b3	224
20ae53d18a49bf8b7c49337b1c01144f	233
2aba229d29f1f7874e60e513f6f77781	222
683c33d9664c91cc2fd7386f97fe9d66	222
b4dc31c577cbdb44b1e9ab0c12c6c8e4	222
7c1d627c36c68f28400cd34ed3ce1c33	222
1e53012e15ca81264193ff56ca9fc6d7	222
05cb086e6a48b92d57750a6d6ff943da	222
9dc0d9523937e10af4d41b3d5674c900	222
7f4909e98a9cde8acf469b73f72b920a	222
c850f5ef59980e3f0883cdfa6d05d503	222
3569bddc2703debfab8753a7717c9b62	222
3bc5b07f9633335bd736a8cf3e304859	222
7919ba9377e9723693fc78b540f90fd7	222
a99638ea1273ba4ebe02070c4c7b3508	222
be0bb9a9e32280da90cd54801fdb6ab9	222
0eaf41618f85bc7638e3d313ee0b07b9	222
ed82f7d355a197c02bbb8b7b618e95e2	222
ff782e4cbcbbcfe8c2e04c924c2768e7	222
f398eca9d971e74accca9628e7321801	222
48b80866aceebe3cf4b08b137658bfad	222
10f6cd07beb27284a7c6c4c7f10cf419	222
2877e973ad8ad28293cde4eff2e45092	221
7292d8fb6bdf007f2798b2b849ec54c6	221
80fe5c79b9d02d21f8465e52a7a2432e	223
1c31cee475e4438079792cb578bdcc2d	222
24765aadd3d8cdc0e9f200d3255ef5a1	223
ad48ca4da28b5fe8501eb728ee08270f	222
066bf7cee0b47933e2817a08f0c8e50e	223
d82de5de9bc308dee930e28dce87945a	222
2d2bfc99499444febdbc2a49789fe149	222
14007bd1031fa8ae3d66c819ed96e4ab	223
60c2e11c801a1ef750d9980d831f228c	223
b1fb43ce6bfe003c25cd7eaadc84ab7d	223
919b078a333fcdb17074662f73899baf	223
27439e8e1e38526238f9a97afb6fd1ee	223
a365c7cd19d420e4f9a8d62e9da4d4bf	223
ed1fb3e11d35c3025048af3de8334e14	223
9ec1dc24e1ac97d4589b7377e9b0c915	223
24c23253caa82acc67afe434983c048a	223
66363584b07a4561378ccc1d16ed6d1a	223
67260ed3e05856bd4689b5bc18826d32	223
7aab7092139076d09cb6fc9c1b1dc98f	218
84daa7818812d66d3b987284a3d8db60	222
64bd4bc793553b4fc2af78a6f0295289	224
c7ee3fa9551813ce3934c47f1c389678	224
493dd525bfcac3d77d363209115d6d4b	224
734775a2e09c2fde36a119cf0c0c8cf5	231
df864df3768700bc93775aa5db2ab5ad	222
ae060d7d17be272630eb014bfcefa20e	222
d47cf0e5c90036d566c770c601c09420	221
7054f68048dcfb6c485f75725edea493	223
2b510a852bbf2d1dee8c79f70783cff4	222
60226456dd494e3761a1bb9c9f16f257	222
c63f6145f5254acd8518d3d4ea4da80c	222
d27bccc29afa5be8f52a4452b0938b14	222
07c4fe557b66abc553f3d363d687ce54	222
56d743b0bf26b2e9e4d7ed217ff6bd1a	226
da469c1591e2bcfbb5f60a4722886abc	221
d3b73ed0800e00bf4cceb7281c329048	239
e6a2e3597740411a5487829180061e04	239
331036c21762cb7dc7b508d3e78004bc	222
465a4dcba1bdf200f605260e8cf02613	222
577d758943d2a1f4667d8606b27ba007	222
ca6ec9b6114c55df4b822320b2a8c581	222
1cf69383a8f18527dc681344eb392e6a	222
c08bb74c4f9716f87b4e183f83222cb6	223
39e3c66a6607a96c2f1b0ee524254af0	223
98c8a304a0d9841500927d3a1f8433e1	223
2cc520ed1ef9b18b3902f0966b9537b8	221
1939f7dbc1e62b95bd2e08da506f1ee0	225
4ce399a5d2bc271c2bdebd5553ff61d2	225
fe635b7287e16f309106f7572579a242	225
273f39e135a1bbc35c1ef084511bce61	225
5924e436c9699758140fb9d8b84268c5	225
c9a6bbe0c483e3711d2d10f34bca7206	225
25d9f0d5c5a00acfeea12209a20ac48f	225
92175996af67d7e7a5eeba7df5bc61ee	225
4fd3169ceac39a7ebec64138b0033c26	220
0b888c34f641c3b01e6113186b305f64	219
911d35e12f48566db99edd683fe4da98	219
7bca5df52026a20f64c065551fa5126e	219
1322c73052200989928e6e38d374d361	219
fd6d511b457ed3dbe26f12cc392897ff	219
826ae7d5d36a65a4a7a97c0b45e1b323	219
82a9da7c2577ed1df2a7253f56aeb2a9	219
d569165f3a972b94726b7b8d9a9f5db7	219
a378dbdaa74816264274eb76bc0427c4	237
12d14e6e043f3e8b729e0cd40c5d68e2	219
7a8c353e93a36bdf9a1fba4b04702aec	219
82a5dfa137cf4c666799119df1b2f15b	219
939b36c2a52da5f65043f238c755ffb9	221
e9549e16cb4fa03e573305a2979423f2	233
126d585503fcc6d5e5dc275badabc61c	221
9c709e235d1aef76987e898f924d8033	226
745451346bf16b130a02a70476a8792d	225
569ea21a8c638ed4bbba3ca88feb10a9	225
f104a23aa4efd59850e3fefd613a4879	225
f242198d169a9d78052aaa17cb798547	225
45e7c0742983dd797027d160d389a0d4	225
91a9b13e4885fb1c44000682ac8c8f1c	225
4a37bddee02d09d8ff3ae745c462e79e	225
994c9d6d55599d64e742efc0d78a0e9c	225
502e385a3b1ea0ccf42441bd02fdbe94	225
61ec7729c65bfb77952a0579e9acbb56	225
6a11a1134d3ecf7055b3104b16274abb	225
a8d372b4e6e0dfcb12ff0867edf064e0	225
6cb792309a5dd3f582227aab512e3796	223
5e51cb8915216c653e1e508430e6f341	223
6df1f66e019c5a81e5ad90099f1d11b5	223
b79e812e7862e27322c2b1208e602263	223
fc78f94321b505f6526f9f5e19b9e1f3	223
80367e6a627eebe1765dfd817fa31481	223
4a1b9a3fd88b59ebea9ba719f741c325	223
93ba0eb9b81128b9d2158dc183bf6cfb	239
f580fd15c5e1c1a463269d970965ea50	239
3788ca158a9dafd7101cd0df7af7edec	239
94d4d5451f8af462034b5555caf55791	239
2508a48fa70386ca4d7173f9cca6c9c3	240
500d9dcaae6e2fdc201ed7d13375ce09	242
678f59a4c79dd2dea9a2cb381979b2b8	216
8b709855f95ab634fc0b58ec0bf634fa	216
604da6158d8028c107f7b624a01d2e50	216
12fd7245ed09f4a33cb628b69a78fbdf	216
fd95e8427285bbef2b1b12a914991a8d	216
2222a5c1cbe7f0acced5a9699e2e039c	227
dba3d977d535b7c85ebeb42766d419ac	227
80a0247fd0b44e05ae2484bd61963c37	258
967bbffda5784dd64f19a0c75d1bd7ef	258
91b80cd557d4f492ce02228f2404f99f	258
1f2f7a33f0e4f09b583efeb85dcb84fc	258
5d60f3db7d41f97c402cbffc5d327cd1	258
1223a379b0693f7e37ff9e7e4c39e455	258
9cbde045d5848c29e8223710f3d6dcdf	258
7b760af2e5ad7a0c7ffec5cc34ec3875	258
d90780d7eb9fc420173593709fedb755	258
a5c0c9f7e80185f9e1f70f963d1da9af	258
a96c7c119507d1f1bc2ebce3ba7f059b	258
13b2aa18418aa1a0f21c7acc08eea371	258
4295f632e85147861946926716c57ad1	258
a7aa978bb40ca07ae2dd31e61c368879	258
116ccce0e032e9b6f2221ae030033454	258
94f03c063db0bceb1300ea20f8bc5bc2	258
f2e8ad0515468bebb3ffda4d165349a7	258
cdc532d3238469d23656fbc1f36f73c7	258
88df49b54027c114ce04eb6b35df036e	258
c8ecabccfd8a2dff324a2e1b80cb6f56	258
e811aac83a03d327ce8065b1112d6ad0	258
058aa803c9b34f6e4b94d0f99f379b5a	278
983415a38787672d133c099705aa5cf8	258
b3f2ab63e2d5b97545bf9aa648a2d7c9	258
8cb6dc0492a347e7e5000919736a3999	258
461335e105508f323a00127bf3a940aa	258
61c7d570d8b87014e65c9409d798aa49	258
a299f59ec5040b979bccb7a23f117c20	258
ba2e42c5de1b6d963072d68d3a9478ba	258
6f7a44a627f7915bacaa19074778b4c3	258
58827917cb7bd8829c2821856c86e3ff	258
1f2cebf9de4526f8520fb33727f1da8a	258
938886ce18ff903a4f15d22c0baac538	258
4d37f9d019701bb210cfa39866b4dec5	258
c912ccfbb35d4e27dfdb9ea75d43cf76	258
25dedd74bc5e42a8a3a26631b62aa166	258
fe84d877543bc2374a9e4da5a4a7317d	258
48297050217e88ff659de5de9dc7d71f	258
b06e4c7c0ed25146080c60c7f5d2e6a3	258
debe6ea27d478aee613b0ad88bd6dc29	258
72b56d4af66c7a7d7aa0eddef190f2f9	258
0ef34f340f00936f2bee8780deefcf2a	258
bad43fc6c40b4293fb5c03b5a18c908c	258
417b1713b9b446e8c5df7dd8d50c28fb	258
17263d81a2c2a2c2cbf5ad34518721f9	258
694083c36ae37b29205c1e7caf457821	258
5a87fc7ff3a628b2d2bbba575f0c2613	258
9883493963bf0186408f4177b09d5608	258
d4b3868094ac64089b38a9b0f9c606bd	258
cf29ffdf371dc82da95e440715a74736	258
34ff5b33bdde819c71d580bc1af4cc60	258
efb8cad7f93cf00ba46bb4dd4a8f0377	258
8a260586c666a5f90b010757f32dc851	239
a83b60c1d10c98f222a004a1e5491376	222
5ba814940d03ba2dcbaedb9f7e2fbeb1	222
e2d38d64406f66627743e47bd2eed734	222
0ed8da9e43b1bccf5471b6f36f406196	222
56b16597a563d833a9d1c2ade9201e8c	217
a256117ee0a556203379a2d77446d0cd	221
06b3de1b264a8af74042a39a61db17c9	236
21e6abcced101c6deb63fae66b792751	222
c18db855c37d7fbcbdc2212b0da16e65	221
8dac81504d1a2a215d9d9b271af5ad01	218
8f73d6d6df7dbe8c2fe148bdfc72afe4	198
3888af0140a8030ba8b4e51aa9e844d4	222
763d19847abd5dff1e9fb75cddb5fc0a	221
e7b0222f2fe6169d65bc915a112f151e	217
e921049798a395978f8e5782ed472161	221
40ef4196be8985464bfe2a0d5ca42c81	226
7defeee582a48200bab23ce7e91db61a	225
d53e11cfbfe1d3d473a6110dd2b0f231	222
085db944664b1b3b66b0a5d521d7ecc6	222
8f38228710a176459e701bd639268af9	222
ac4c376a483aca990ae3c411c64f1a9b	267
4ffb42b2008973e4fe864f2fbeb540ff	270
64dc23af63486f057b1cea7dab5452c1	274
c04d9d3270a8569e1480649f270c23de	263
f0b000bab53302322573354a4e8c3e57	263
601530926c5cf897ce58911303cabeec	263
382186db40519b62d783d44d64d209cd	263
490adb99ac60e0a6398e85d637218e8a	226
af825ba01e26a3c03b41c0813bd7f5bf	197
031f5315184452607dabcbc8a3015bb7	197
239ff295d814681bb0383345fe13870d	197
046f8b91f063db9c07ed9adff6578d5b	197
394a37afb5afa259ab51c8771f62a033	214
1c72ce76097e7d20fcf1de633ca27d08	197
63f2ebb540f07df6df7a3aff78b0d418	197
085dbb71907553c4d2d384724aa71c14	197
b906654f5354e2adad919dc9c9160f7c	197
343a8fdacc97872dd7cd5c250b8cb7b0	197
8ab1b6401d9e5a772c48c9c7c9e13306	197
ab813d41b9051009ed9384a8ecdd49a2	197
ce8f8ceacea9d8c50eed08cb0482a345	197
9a01e17df5ace8df6ec50b5e0d8378cb	306
a447b42f693ee7fe9945989e9e5eec24	218
7c715b5aabbe947d450bf8d63c6ee45a	241
87a00e5d60fd9f8bb569cf19853bbc7f	240
8a90746e366dfba029152075b978524e	216
8e99a286cddea276be75d23be2d8df85	240
a90dc05830a0ea9469818785fc4bc07f	240
41eb5d52f76a92a36733f2105a14feb5	244
027adf654c9b28e08aafc58b8863be3e	218
4bb28f6b1bc2a17c6f1b14ead6ca03ac	244
56a6c9c1cb6b33f0c0cd871a0dca40c4	239
82ce7daa47fe278a100569c2aab38f37	236
8a96b851aeb03249f1f1951019c5836f	240
e56eec0d8ca817d16ddb1a8b10f1c680	218
c5b23dbad3363b2477d0c78448bec837	218
3abd20268e60b0f6eafc607203479cf1	242
895c8b8bc5cc5bdb8b06f73a1471d506	239
2e92cbe42f7a5abb3f2cc5230cc5a1c9	257
93b7492896ac69fd0a0e61030b597756	239
f9c0ac4a53cffb6c68128d2b1ffc6841	234
fada0b26b031667b580af7fbb284627a	239
84f2d323f29f4c3dc4e82531c6a51df6	220
9fed9c0f55a2eda684f9498da7657836	216
2cbf349c0ee6910b967046526c7b98c2	239
a2acb9748decaa0227c1346f79e5f886	247
e3042eb5400e259a757b88585383e32f	241
643a9148f83b1b07eb6fe886fc1ffe7b	237
99af4e9d11b722132d82f9b5441962da	217
fdb8583acbe37ff0883f59fedebd498b	241
36154b1c378784fdf0e800c755196fa1	258
81ef7cc334fc1fa7dcebaa226d4e5699	258
267a4df43ceb00e67e840e3dabed5fcc	238
1a9b4892f3fc74a34a1fd9b2839cc7b6	216
7cb3e9094cc0d2d96e9bdf05c68d82b0	196
16bac69cd042cddda0415dcad9af8121	243
1d73ff18cf56b1e577ae767f7691cbb6	254
d61f640a0544543cd7359cc3bdaca540	282
b341f31cf18805d31e37a5e0d8ee6e52	227
2c436a41dc66a31dd87eaf41bfe434bc	245
c99f10e9a7920e84225c2059cc7b8748	196
eaba0793aa920782633d123b5fe7d89d	227
05abd6829b405d2cdc39874979a760e6	227
2c83f408b5c8c4c85515deb1948c621d	239
49b8bdc0bf2009555f5cc8ee6dda561c	239
007193eff063f591b362a3bd87c12d73	216
2b8b51e1231bac337e7727c4ca65df4c	216
be0fc258714b20b87d2b7b3f6af8f717	240
82136a5c3a7471aff0b98bc64c35a2b3	235
58e290d3f9758da4f38ddad2492d8d04	198
e7c8a676ff78c7c025b539385667b32d	222
1b2424018e8fb8c816edfa85c851749c	262
c89c4ba2e67d86c5fe3dd0d7e23c3653	216
e032e1c036992719c5be26d36fd303ff	240
017db67076795bb5e4d74213058e4ad6	241
d59c7ba1c4352723e45fde10c191dfc5	229
f0857e19b50fb6ac8401f2a9d2c9bc27	305
7bb78d6bc2864983cfd5cef86d10e39e	309
